{
 "type": "FeatureCollection",
 "name": "معالم المدينة المنورة",
 "features": [
  {
   "type": "Feature",
   "id": "bl-prophet-mosque",
   "properties": {
    "name": "المسجد النبوي الشريف",
    "category": "religious",
    "icon": "fa-mosque",
    "description": "ثاني أقدس المساجد في الإسلام، في قلب المدينة المنورة.",
    "ring": null
   },
   "geometry": {
    "type": "Point",
    "coordinates": [
     39.6111,
     24.4672
    ]
   }
  },
  {
   "type": "Feature",
   "id": "bl-quba-mosque",
   "properties": {
    "name": "مسجد قباء",
    "category": "religious",
    "icon": "fa-mosque",
    "description": "أول مسجد بني في الإسلام، جنوب المدينة المنورة.",
    "ring": null
   },
   "geometry": {
    "type": "Point",
    "coordinates": [
     39.6172,
     24.4394
    ]
   }
  },
  {
   "type": "Feature",
   "id": "bl-qiblatain",
   "properties": {
    "name": "مسجد القبلتين",
    "category": "religious",
    "icon": "fa-mosque",
    "description": "المسجد الذي تحولت فيه القبلة من بيت المقدس إلى الكعبة.",
    "ring": null
   },
   "geometry": {
    "type": "Point",
    "coordinates": [
     39.5788,
     24.4844
    ]
   }
  },
  {
   "type": "Feature",
   "id": "bl-miqat",
   "properties": {
    "name": "ميقات ذي الحليفة (أبيار علي)",
    "category": "religious",
    "icon": "fa-kaaba",
    "description": "ميقات أهل المدينة ومن مرّ بها للإحرام.",
    "ring": null
   },
   "geometry": {
    "type": "Point",
    "coordinates": [
     39.5427,
     24.4139
    ]
   }
  },
  {
   "type": "Feature",
   "id": "bl-airport",
   "properties": {
    "name": "مطار الأمير محمد بن عبدالعزيز الدولي",
    "category": "airport",
    "icon": "fa-plane",
    "description": "المطار الدولي للمدينة المنورة، شمال شرق المدينة.",
    "ring": null
   },
   "geometry": {
    "type": "Point",
    "coordinates": [
     39.7051,
     24.5534
    ]
   }
  },
  {
   "type": "Feature",
   "id": "bl-hhr-station",
   "properties": {
    "name": "محطة قطار الحرمين",
    "category": "transport",
    "icon": "fa-train",
    "description": "محطة قطار الحرمين السريع، غرب المدينة قرب مدينة المعرفة الاقتصادية.",
    "ring": null
   },
   "geometry": {
    "type": "Point",
    "coordinates": [
     39.70240136439491,
     24.47461118983309
    ]
   }
  },
  {
   "type": "Feature",
   "id": "bl-uhud",
   "properties": {
    "name": "جبل أحد",
    "category": "tourism",
    "icon": "fa-mountain",
    "description": "أكبر جبال المدينة المنورة وموقع غزوة أحد.",
    "ring": null
   },
   "geometry": {
    "type": "Point",
    "coordinates": [
     39.6137,
     24.5085
    ]
   }
  },
  {
   "type": "Feature",
   "id": "bl-aqeeq-walk",
   "properties": {
    "name": "ممشى وادي العقيق",
    "category": "tourism",
    "icon": "fa-person-walking",
    "description": "ممشى ترفيهي على ضفاف وادي العقيق المبارك.",
    "ring": null
   },
   "geometry": {
    "type": "Point",
    "coordinates": [
     39.569835188705994,
     24.487148563173424
    ]
   }
  },
  {
   "type": "Feature",
   "id": "bl-ring1",
   "properties": {
    "name": "الطريق الدائري الأول (طريق الملك فيصل)",
    "category": "road",
    "icon": "fa-road",
    "description": "الدائري المحيط بالمنطقة المركزية حول المسجد النبوي.",
    "ring": 1.3
   },
   "geometry": {
    "type": "Point",
    "coordinates": [
     39.6111,
     24.4672
    ]
   }
  },
  {
   "type": "Feature",
   "id": "bl-ring2",
   "properties": {
    "name": "الطريق الدائري الثاني (طريق الملك عبدالله)",
    "category": "road",
    "icon": "fa-road",
    "description": "الدائري الأوسط للمدينة المنورة.",
    "ring": 4.5
   },
   "geometry": {
    "type": "Point",
    "coordinates": [
     39.6111,
     24.4672
    ]
   }
  },
  {
   "type": "Feature",
   "id": "bl-ring3",
   "properties": {
    "name": "الطريق الدائري الثالث (طريق الملك خالد)",
    "category": "road",
    "icon": "fa-road",
    "description": "الدائري الخارجي للمدينة المنورة.",
    "ring": 8.5
   },
   "geometry": {
    "type": "Point",
    "coordinates": [
     39.6111,
     24.4672
    ]
   }
  },
  {
   "type": "Feature",
   "id": "bl-hijrah-rd",
   "properties": {
    "name": "طريق الهجرة (محور مكة)",
    "category": "road",
    "icon": "fa-road",
    "description": "المحور الرئيس جنوب غرب المدينة باتجاه مكة المكرمة.",
    "ring": null
   },
   "geometry": {
    "type": "Point",
    "coordinates": [
     39.556,
     24.408
    ]
   }
  },
  {
   "type": "Feature",
   "id": "bl-airport-rd",
   "properties": {
    "name": "طريق المطار (محور الشمال الشرقي)",
    "category": "road",
    "icon": "fa-road",
    "description": "المحور الرابط بين وسط المدينة والمطار.",
    "ring": null
   },
   "geometry": {
    "type": "Point",
    "coordinates": [
     39.656,
     24.515
    ]
   }
  },
  {
   "type": "Feature",
   "id": "bl-king-abdulaziz-rd",
   "properties": {
    "name": "طريق الملك عبدالعزيز",
    "category": "road",
    "icon": "fa-road",
    "description": "محور رئيس يخترق المدينة من الشمال الغربي.",
    "ring": null
   },
   "geometry": {
    "type": "Point",
    "coordinates": [
     39.59,
     24.49
    ]
   }
  },
  {
   "type": "Feature",
   "id": "bl-qassim-rd",
   "properties": {
    "name": "طريق القصيم (محور الشرق)",
    "category": "road",
    "icon": "fa-road",
    "description": "المحور الشرقي باتجاه القصيم.",
    "ring": null
   },
   "geometry": {
    "type": "Point",
    "coordinates": [
     39.68,
     24.485
    ]
   }
  },
  {
   "type": "Feature",
   "id": "user-1784467162997-992",
   "properties": {
    "name": "الأمير عبد المجيد",
    "category": "road",
    "icon": "fa-location-dot",
    "description": "",
    "ring": null
   },
   "geometry": {
    "type": "LineString",
    "coordinates": [
     [
      39.60795208455691,
      24.44518027513416
     ],
     [
      39.60782360012093,
      24.4451937968161
     ],
     [
      39.60739182533398,
      24.44526480252095
     ],
     [
      39.60737181966358,
      24.44526930826308
     ],
     [
      39.6069658918082,
      24.44536080060301
     ],
     [
      39.60657988717026,
      24.44547190046081
     ],
     [
      39.60654757206746,
      24.44548115180579
     ],
     [
      39.60613844394141,
      24.44562575955674
     ],
     [
      39.60585025703481,
      24.44574739352025
     ],
     [
      39.60574018048067,
      24.44579380440288
     ],
     [
      39.60535435697473,
      24.44598464792599
     ],
     [
      39.60498244965736,
      24.44619756180243
     ],
     [
      39.60481535444242,
      24.44630723945502
     ],
     [
      39.60473795351583,
      24.44635803464989
     ],
     [
      39.60462603215834,
      24.44643154638677
     ],
     [
      39.60428667943762,
      24.44668587298073
     ],
     [
      39.60419834443992,
      24.44676100612939
     ],
     [
      39.60396556971624,
      24.4469593629073
     ],
     [
      39.60371750315869,
      24.44719932493939
     ],
     [
      39.60367507815549,
      24.44724031634282
     ],
     [
      39.60366407899645,
      24.44725092701728
     ],
     [
      39.60359037317826,
      24.44733205247579
     ],
     [
      39.60346995027403,
      24.44746448220005
     ],
     [
      39.60338348509384,
      24.44755956687066
     ],
     [
      39.60293415124151,
      24.44817242529169
     ],
     [
      39.60270213066134,
      24.44848881788459
     ],
     [
      39.60255872236901,
      24.44868437785181
     ],
     [
      39.60252560764695,
      24.44873318918033
     ],
     [
      39.6022273779846,
      24.44917276254224
     ],
     [
      39.60202486712974,
      24.4494713349912
     ],
     [
      39.60146513737207,
      24.45029587359904
     ],
     [
      39.60107735079152,
      24.45086747908263
     ],
     [
      39.59999333092532,
      24.45246492757189
     ],
     [
      39.5997903189163,
      24.45276404093492
     ],
     [
      39.59961914887955,
      24.4530161546683
     ],
     [
      39.59928004124166,
      24.45351585303661
     ],
     [
      39.59880081820362,
      24.45422202207666
     ],
     [
      39.59857575572866,
      24.45455382459098
     ],
     [
      39.5980739885904,
      24.4552931356093
     ],
     [
      39.59789007429293,
      24.45556408317747
     ],
     [
      39.59767490218348,
      24.45588103372002
     ],
     [
      39.59696990425071,
      24.45691990383213
     ],
     [
      39.59670563849805,
      24.45730956917165
     ],
     [
      39.59613937593515,
      24.45814422925219
     ],
     [
      39.59551597721695,
      24.45906274327631
     ],
     [
      39.59515782960425,
      24.45959086616028
     ],
     [
      39.59504347520381,
      24.45975921043573
     ],
     [
      39.59485259196916,
      24.46004065822649
     ],
     [
      39.59463622971685,
      24.4603595057709
     ],
     [
      39.59429767220384,
      24.46085855871804
     ],
     [
      39.59404798951201,
      24.46122639640477
     ],
     [
      39.59370482178586,
      24.46173223971987
     ],
     [
      39.59349952710236,
      24.4620347856292
     ],
     [
      39.59258730246619,
      24.46337934972769
     ],
     [
      39.59258524478721,
      24.46338242847705
     ],
     [
      39.59258064115549,
      24.46338967166018
     ],
     [
      39.59254782919859,
      24.46344155032188
     ],
     [
      39.59238366738912,
      24.46370031172492
     ],
     [
      39.59227017671549,
      24.46390721469655
     ],
     [
      39.59220345185151,
      24.46402885840131
     ],
     [
      39.59207263739173,
      24.46430826107367
     ],
     [
      39.59204528223083,
      24.46436662087305
     ],
     [
      39.59190954870849,
      24.46471260422202
     ],
     [
      39.59184760135564,
      24.46490657071749
     ],
     [
      39.59179683671314,
      24.46506536118617
     ],
     [
      39.59175160517667,
      24.46524688914645
     ],
     [
      39.59170763470999,
      24.46542380613106
     ],
     [
      39.59170734460669,
      24.46542507166522
     ],
     [
      39.59169291666408,
      24.4655048755636
     ],
     [
      39.59164299493095,
      24.46578080015627
     ],
     [
      39.59159802003384,
      24.4661863061941
     ],
     [
      39.59159345793678,
      24.46630806754742
     ],
     [
      39.59158275427152,
      24.46659368283035
     ],
     [
      39.59158998637937,
      24.4671067292625
     ],
     [
      39.59158787876848,
      24.46819728087326
     ],
     [
      39.59158784346911,
      24.46823196164248
     ],
     [
      39.59158753116643,
      24.46839741837338
     ],
     [
      39.59158687872106,
      24.46872237120037
     ],
     [
      39.59158632151161,
      24.46902546762046
     ],
     [
      39.59158454638793,
      24.46997594045392
     ],
     [
      39.59158327694211,
      24.47069674240139
     ],
     [
      39.59158163549886,
      24.47148573288672
     ],
     [
      39.59157939618175,
      24.47267463643549
     ],
     [
      39.59157924188109,
      24.47268384907681
     ],
     [
      39.59157321133544,
      24.4731037428812
     ],
     [
      39.59159100627954,
      24.47363860352545
     ],
     [
      39.59159642198167,
      24.47369945401183
     ],
     [
      39.59163790533997,
      24.47417208577943
     ],
     [
      39.59167141422797,
      24.47439530127187
     ],
     [
      39.59168933960959,
      24.47451462627985
     ],
     [
      39.59176266475571,
      24.47487478256972
     ],
     [
      39.59185590559955,
      24.47523106760248
     ],
     [
      39.59214727930321,
      24.47602649593825
     ],
     [
      39.59225793296846,
      24.47632870460174
     ],
     [
      39.59232730470124,
      24.47651827277392
     ],
     [
      39.59263859257822,
      24.47728715985785
     ],
     [
      39.59307378360761,
      24.47836217591272
     ],
     [
      39.59353883828467,
      24.47951176280029
     ],
     [
      39.59356938813129,
      24.47958696464456
     ],
     [
      39.59371056328227,
      24.47993583472971
     ],
     [
      39.5937801518353,
      24.48010760937649
     ],
     [
      39.59379532821908,
      24.48014521065735
     ],
     [
      39.59453476252714,
      24.48197170215116
     ],
     [
      39.5946895220174,
      24.48235411445626
     ],
     [
      39.59469631103937,
      24.48237079581001
     ],
     [
      39.59470300180394,
      24.48238756786412
     ],
     [
      39.59470988951328,
      24.48240424882862
     ],
     [
      39.59471658028151,
      24.48242102088201
     ],
     [
      39.59472346841906,
      24.48243779215803
     ],
     [
      39.59473015876643,
      24.48245447389839
     ],
     [
      39.5947370469077,
      24.48247124517365
     ],
     [
      39.59474373768324,
      24.48248801722554
     ],
     [
      39.59475052671988,
      24.48250469857627
     ],
     [
      39.59475741486671,
      24.48252146985038
     ],
     [
      39.59476440127471,
      24.48253815042332
     ],
     [
      39.59477119074144,
      24.48255492208518
     ],
     [
      39.59477797978546,
      24.4825716034344
     ],
     [
      39.59478496662363,
      24.48258837431842
     ],
     [
      39.59479185435524,
      24.48260505527835
     ],
     [
      39.59479874251328,
      24.48262182655014
     ],
     [
      39.59480572893253,
      24.48263850712071
     ],
     [
      39.59481271535366,
      24.48265518769091
     ],
     [
      39.59481970177668,
      24.48267186826072
     ],
     [
      39.59482668820158,
      24.48268854883011
     ],
     [
      39.59483377331234,
      24.48270522901055
     ],
     [
      39.59484066063245,
      24.48272181965547
     ],
     [
      39.59484784443098,
      24.48273849944651
     ],
     [
      39.59485492954745,
      24.48275517962573
     ],
     [
      39.59486201424122,
      24.4827717694923
     ],
     [
      39.5948690993615,
      24.48278844967071
     ],
     [
      39.59487628274312,
      24.48280503914785
     ],
     [
      39.59488356481071,
      24.48282162823597
     ],
     [
      39.59489074819619,
      24.48283821771228
     ],
     [
      39.59489803026769,
      24.48285480679956
     ],
     [
      39.59490531234112,
      24.48287139588641
     ],
     [
      39.59491269267597,
      24.48288789427195
     ],
     [
      39.59492007343744,
      24.48290448296931
     ],
     [
      39.59492755246036,
      24.48292098096535
     ],
     [
      39.59493483411696,
      24.48293747973823
     ],
     [
      39.59494231314384,
      24.48295397773338
     ],
     [
      39.5949498904322,
      24.48297038502718
     ],
     [
      39.59495756683143,
      24.48298688224413
     ],
     [
      39.59496494675542,
      24.48300329031435
     ],
     [
      39.59497262273398,
      24.48301969721813
     ],
     [
      39.59498029871459,
      24.48303610412142
     ],
     [
      39.59498807338145,
      24.48305251063559
     ],
     [
      39.59499584762565,
      24.48306882683703
     ],
     [
      39.59500362187191,
      24.483085143038
     ],
     [
      39.59501149480448,
      24.48310145884977
     ],
     [
      39.5950194664234,
      24.48311777427238
     ],
     [
      39.59502724025108,
      24.48313400015966
     ],
     [
      39.59503540881803,
      24.48315022449158
     ],
     [
      39.59504337959373,
      24.4831663592882
     ],
     [
      39.59505144948058,
      24.48318258400784
     ],
     [
      39.59505971631347,
      24.48319871763727
     ],
     [
      39.59506788446415,
      24.48321485165489
     ],
     [
      39.59507615130132,
      24.48323098528327
     ],
     [
      39.59508441771585,
      24.48324702859887
     ],
     [
      39.5950929806105,
      24.48326316105994
     ],
     [
      39.59510124702933,
      24.48327920437446
     ],
     [
      39.59510971081914,
      24.48329524691093
     ],
     [
      39.59511827287077,
      24.48331119874584
     ],
     [
      39.59512693360904,
      24.4833271501914
     ],
     [
      39.5951355939247,
      24.48334301132414
     ],
     [
      39.59514445203634,
      24.48335896199098
     ],
     [
      39.59515311193161,
      24.48337473281031
     ],
     [
      39.5951619696229,
      24.48339059316372
     ],
     [
      39.59517092557611,
      24.48340636281549
     ],
     [
      39.59517988153159,
      24.48342213246664
     ],
     [
      39.595188935749,
      24.48343781141613
     ],
     [
      39.59519808865323,
      24.48345348997617
     ],
     [
      39.59520734024431,
      24.48346916814675
     ],
     [
      39.59521659141284,
      24.48348475600445
     ],
     [
      39.59522594126827,
      24.48350034347263
     ],
     [
      39.59523529070111,
      24.48351584062794
     ],
     [
      39.5952448375055,
      24.48353133700488
     ],
     [
      39.59525438431226,
      24.48354683338112
     ],
     [
      39.59526402938109,
      24.48356223905559
     ],
     [
      39.59527377313694,
      24.48357764434047
     ],
     [
      39.59528351647026,
      24.48359295931242
     ],
     [
      39.59542769313534,
      24.48380173875742
     ],
     [
      39.59553729372504,
      24.48393993857298
     ],
     [
      39.59558623704668,
      24.48400170095714
     ],
     [
      39.59575845233809,
      24.48419176484395
     ],
     [
      39.59594374479008,
      24.48437148114626
     ],
     [
      39.5961412211357,
      24.48453976957492
     ],
     [
      39.59635028670062,
      24.48469609054728
     ],
     [
      39.59656965599832,
      24.48483990720962
     ],
     [
      39.5967989304197,
      24.48497040826807
     ],
     [
      39.59703662750319,
      24.48508714796872
     ],
     [
      39.59728225205788,
      24.48518976697578
     ],
     [
      39.59753441943015,
      24.48527763853228
     ],
     [
      39.59779233877591,
      24.48535049479525
     ],
     [
      39.59781111130373,
      24.48535511682375
     ],
     [
      39.59783008120486,
      24.48535973806876
     ],
     [
      39.59784875419574,
      24.48536417985873
     ],
     [
      39.59786782193186,
      24.48536862008398
     ],
     [
      39.59788669187045,
      24.48537297077583
     ],
     [
      39.59790556138345,
      24.4853772311531
     ],
     [
      39.59792443047081,
      24.48538140121582
     ],
     [
      39.59794349693137,
      24.48538557049486
     ],
     [
      39.59796236559425,
      24.4853896502406
     ],
     [
      39.59798133251741,
      24.48539363928112
     ],
     [
      39.5980003977008,
      24.48539753761635
     ],
     [
      39.59801946288533,
      24.48540143594915
     ],
     [
      39.59803852721711,
      24.48540515365517
     ],
     [
      39.59805739417791,
      24.48540887214019
     ],
     [
      39.59807645808485,
      24.48541249952919
     ],
     [
      39.59808090279848,
      24.48541329475573
     ],
     [
      39.59809562067886,
      24.48541612652502
     ],
     [
      39.5981146841609,
      24.48541966359698
     ],
     [
      39.59813384590298,
      24.48542310996356
     ],
     [
      39.598152908533,
      24.48542646640628
     ],
     [
      39.59817197116397,
      24.48542982284659
     ],
     [
      39.59819113205489,
      24.48543308858147
     ],
     [
      39.59821019426071,
      24.48543635470474
     ],
     [
      39.59822955167144,
      24.48543943902871
     ],
     [
      39.59824861345201,
      24.4854426148349
     ],
     [
      39.59826777306534,
      24.48544560962346
     ],
     [
      39.59828703136557,
      24.4854486040187
     ],
     [
      39.59830619055347,
      24.48545150849017
     ],
     [
      39.5983253497422,
      24.4854544129592
     ],
     [
      39.59834460719065,
      24.48545722672269
     ],
     [
      39.59836386463991,
      24.48546004048372
     ],
     [
      39.59838312166278,
      24.4854627639301
     ],
     [
      39.59840237868643,
      24.48546548737399
     ],
     [
      39.59842163528364,
      24.48546812050325
     ],
     [
      39.59844089145438,
      24.48547066331786
     ],
     [
      39.59846024631189,
      24.48547320573902
     ],
     [
      39.59847950248407,
      24.48547574854867
     ],
     [
      39.59849875822969,
      24.4854782010437
     ],
     [
      39.59851821092087,
      24.48548056244202
     ],
     [
      39.59853736798179,
      24.48548301532311
     ],
     [
      39.59855662287487,
      24.48548528718636
     ],
     [
      39.59857597688197,
      24.48548764896827
     ],
     [
      39.59859533003507,
      24.48548983012333
     ],
     [
      39.59861478230221,
      24.48549210119698
     ],
     [
      39.59863403677047,
      24.48549428273814
     ],
     [
      39.59865338992542,
      24.48549646388572
     ],
     [
      39.59867284133966,
      24.48549855432752
     ],
     [
      39.59869209538234,
      24.48550064554905
     ],
     [
      39.59871144811168,
      24.48550273637699
     ],
     [
      39.59873080041417,
      24.48550473689027
     ],
     [
      39.59875015271722,
      24.48550673740106
     ],
     [
      39.59876950459336,
      24.48550864759719
     ],
     [
      39.59878885689749,
      24.48551064810298
     ],
     [
      39.59880840614688,
      24.4855125575117
     ],
     [
      39.59882775802462,
      24.48551446770033
     ],
     [
      39.59884710947538,
      24.48551628757429
     ],
     [
      39.59886646135416,
      24.48551819775794
     ],
     [
      39.59888591149202,
      24.48552001723566
     ],
     [
      39.59890526251674,
      24.48552174678999
     ],
     [
      39.59892461396949,
      24.48552356665397
     ],
     [
      39.59894396499518,
      24.48552529620333
     ],
     [
      39.59896341513502,
      24.48552711567102
     ],
     [
      39.59898276616165,
      24.48552884521536
     ],
     [
      39.59900221544723,
      24.48553048405373
     ],
     [
      39.5990215664748,
      24.48553221359308
     ],
     [
      39.59904091750283,
      24.48553394312995
     ],
     [
      39.59906036678978,
      24.48553558196079
     ],
     [
      39.59907981607718,
      24.48553722078911
     ],
     [
      39.59909916667892,
      24.48553886000632
     ],
     [
      39.5991185172811,
      24.48554049922105
     ],
     [
      39.59913786788373,
      24.48554213843328
     ],
     [
      39.5991573171729,
      24.48554377725159
     ],
     [
      39.59917666777642,
      24.48554541645884
     ],
     [
      39.59919601838039,
      24.48554705566359
     ],
     [
      39.59921536898479,
      24.48554869486585
     ],
     [
      39.59923481784796,
      24.48555024336197
     ],
     [
      39.5992798375369,
      24.48555403856973
     ],
     [
      39.59959655354846,
      24.48558041775476
     ],
     [
      39.60006985057766,
      24.48561981171463
     ],
     [
      39.60171563092585,
      24.48575677342142
     ],
     [
      39.6018585878694,
      24.48576866719322
     ],
     [
      39.60201941435189,
      24.4857820249461
     ],
     [
      39.60233682174807,
      24.48580830529711
     ],
     [
      39.60242064121126,
      24.48581528645338
     ],
     [
      39.60273504341598,
      24.48583218531334
     ],
     [
      39.60301985110294,
      24.48583086796229
     ],
     [
      39.60304995041134,
      24.48583074779866
     ],
     [
      39.60380804866305,
      24.4858050505471
     ],
     [
      39.60386971849871,
      24.48580290742846
     ],
     [
      39.60493310818547,
      24.48576695236549
     ],
     [
      39.60783534622019,
      24.48566841976912
     ],
     [
      39.60840300533239,
      24.48564915545565
     ],
     [
      39.60964913112426,
      24.48560683164839
     ],
     [
      39.61121506187045,
      24.48557638966688
     ],
     [
      39.61172345364965,
      24.48556647437846
     ],
     [
      39.61223146988875,
      24.48558094360432
     ],
     [
      39.61262645236545,
      24.4855879219881
     ],
     [
      39.61575971955843,
      24.48565447726558
     ],
     [
      39.61762205330609,
      24.48569401777252
     ],
     [
      39.61881343841781,
      24.48571939680717
     ],
     [
      39.61981344708686,
      24.48574049427203
     ],
     [
      39.6198885563318,
      24.48574208264264
     ],
     [
      39.62065060429758,
      24.48575819021906
     ],
     [
      39.62075788913716,
      24.4857604587711
     ],
     [
      39.62132155421506,
      24.4857724108485
     ],
     [
      39.62134731477661,
      24.48577302739417
     ],
     [
      39.62190697508345,
      24.48579339292324
     ],
     [
      39.62246666669404,
      24.48577997896211
     ],
     [
      39.6225588028396,
      24.4857721935368
     ],
     [
      39.62302441588876,
      24.48573288397174
     ],
     [
      39.62338062291933,
      24.48568147093736
     ],
     [
      39.62373248418537,
      24.48560939320157
     ],
     [
      39.62387322475748,
      24.48557178341546
     ],
     [
      39.6240786192613,
      24.48551692744077
     ],
     [
      39.62441764907155,
      24.48540462127829
     ],
     [
      39.62474809453461,
      24.48527275182146
     ],
     [
      39.6250688735584,
      24.48512204611395
     ],
     [
      39.62537860667728,
      24.48495296149691
     ],
     [
      39.62567581710206,
      24.484766226664
     ],
     [
      39.62595942280897,
      24.48456256868124
     ],
     [
      39.62622854006209,
      24.48434289442405
     ],
     [
      39.62626085978717,
      24.48431295695783
     ],
     [
      39.62648169214911,
      24.48410793260175
     ],
     [
      39.62671809496549,
      24.48385877030922
     ],
     [
      39.626936667485,
      24.48359631524559
     ],
     [
      39.62708487262179,
      24.48337298682892
     ],
     [
      39.62737197313319,
      24.48293982495085
     ],
     [
      39.62777145695844,
      24.48226451643068
     ],
     [
      39.62778309582908,
      24.48224342500097
     ],
     [
      39.62867601559149,
      24.48065805006589
     ],
     [
      39.62920204752059,
      24.47971497322688
     ],
     [
      39.62946065410554,
      24.47925031632814
     ],
     [
      39.62963798347849,
      24.47893230575574
     ],
     [
      39.62968658587484,
      24.47884332493456
     ],
     [
      39.62993453893835,
      24.47840002563848
     ],
     [
      39.63013589564139,
      24.47803260307925
     ],
     [
      39.63035174958004,
      24.47764380576021
     ],
     [
      39.63042373379594,
      24.47751426665744
     ],
     [
      39.63068725198463,
      24.47704687776772
     ],
     [
      39.63094885014195,
      24.47657082633263
     ],
     [
      39.63123991740628,
      24.4760483204534
     ],
     [
      39.63129585719228,
      24.47594702581205
     ],
     [
      39.631514925791,
      24.47555125926034
     ],
     [
      39.63185116392454,
      24.47494574582883
     ],
     [
      39.63208745643277,
      24.47452190920509
     ],
     [
      39.63236088035818,
      24.47402503373515
     ],
     [
      39.63239687158816,
      24.47396048949959
     ],
     [
      39.63261673320791,
      24.4735667952528
     ],
     [
      39.63303754262837,
      24.47280639850115
     ],
     [
      39.63320583261928,
      24.47249971083393
     ],
     [
      39.63337726178636,
      24.47218948759105
     ],
     [
      39.63351436306625,
      24.47194091165372
     ],
     [
      39.63369304022282,
      24.47162018128741
     ],
     [
      39.63394945252478,
      24.47115733221912
     ],
     [
      39.63421694254687,
      24.47068034730021
     ],
     [
      39.63469513720232,
      24.46981656693796
     ],
     [
      39.63527101467704,
      24.46877608224984
     ],
     [
      39.63547450914986,
      24.46840810174241
     ],
     [
      39.6356190334024,
      24.46814594564562
     ],
     [
      39.63572346627921,
      24.46795657023371
     ],
     [
      39.63590760447449,
      24.4676251572809
     ],
     [
      39.6361727090667,
      24.46714763707478
     ],
     [
      39.63642323958637,
      24.46669600748307
     ],
     [
      39.6365844846195,
      24.46640433780503
     ],
     [
      39.63674005645878,
      24.4661227166731
     ],
     [
      39.63692360647841,
      24.46579311124054
     ],
     [
      39.63714196570167,
      24.46540050054175
     ],
     [
      39.6372782944851,
      24.46515815610729
     ],
     [
      39.63748296198477,
      24.46479025827828
     ],
     [
      39.63768878914673,
      24.46441774928394
     ],
     [
      39.63789305962146,
      24.46404985257782
     ],
     [
      39.63810280293134,
      24.4636717270479
     ],
     [
      39.63830667636692,
      24.46330383146216
     ],
     [
      39.63851737796841,
      24.46292055343377
     ],
     [
      39.63882059631858,
      24.46237404857931
     ],
     [
      39.63887095346841,
      24.4622833414427
     ],
     [
      39.63904118367601,
      24.46197555534688
     ],
     [
      39.63921650225979,
      24.46165952899782
     ],
     [
      39.63941009552659,
      24.46130874469056
     ],
     [
      39.63947717377041,
      24.46118825341954
     ],
     [
      39.63968623033188,
      24.4608127477074
     ],
     [
      39.63989419624377,
      24.46043643350142
     ],
     [
      39.64012660501951,
      24.46001603273967
     ],
     [
      39.64035344498485,
      24.45960685411054
     ],
     [
      39.64046960603849,
      24.4593980986259
     ],
     [
      39.64061291323966,
      24.45913341415329
     ],
     [
      39.64061564844592,
      24.4591279837405
     ],
     [
      39.64067778753898,
      24.45900679036042
     ],
     [
      39.64073406053553,
      24.45887677107479
     ],
     [
      39.64078143808597,
      24.45874371880712
     ],
     [
      39.64082489501081,
      24.45861583102439
     ],
     [
      39.64085705161418,
      24.45849711281677
     ],
     [
      39.64087113209361,
      24.45839391487491
     ],
     [
      39.6408828264095,
      24.45832613001966
     ],
     [
      39.64088940922584,
      24.45818412896424
     ],
     [
      39.64089346652491,
      24.45804999590544
     ],
     [
      39.64087077131083,
      24.4579130862159
     ],
     [
      39.64085546139527,
      24.45783177846095
     ],
     [
      39.64084244500913,
      24.45777475537027
     ],
     [
      39.64080968942049,
      24.45763852050583
     ],
     [
      39.64079106888136,
      24.45756589688982
     ],
     [
      39.64075295681562,
      24.45744350271028
     ],
     [
      39.64073011619967,
      24.45737532234211
     ],
     [
      39.64068110652957,
      24.4572441235799
     ],
     [
      39.64062105262685,
      24.4571141456755
     ],
     [
      39.64055242475354,
      24.45698610065882
     ],
     [
      39.64054755281535,
      24.45697871557518
     ],
     [
      39.64047229865962,
      24.45686704537706
     ],
     [
      39.6403842052218,
      24.45675281042442
     ],
     [
      39.64029241114571,
      24.4566481643448
     ],
     [
      39.64028854047163,
      24.456643665051
     ],
     [
      39.64018560359956,
      24.45654024017173
     ],
     [
      39.64007598749734,
      24.45644271388928
     ],
     [
      39.6399629343422,
      24.45634836305318
     ],
     [
      39.63915016390909,
      24.45566975180688
     ],
     [
      39.63914223676957,
      24.45566301178661
     ],
     [
      39.63787023847176,
      24.45460096515463
     ],
     [
      39.63599131096085,
      24.45303218182845
     ],
     [
      39.63476424670941,
      24.45200757970979
     ],
     [
      39.63328852711611,
      24.45077547401795
     ],
     [
      39.63316181144265,
      24.45066961490294
     ],
     [
      39.63204653935852,
      24.4497764701663
     ],
     [
      39.63193298768138,
      24.44969846195117
     ],
     [
      39.63144126297681,
      24.44936084540781
     ],
     [
      39.63080873922814,
      24.44898055423752
     ],
     [
      39.6301876539903,
      24.4486578329708
     ],
     [
      39.63011910610825,
      24.44862217366508
     ],
     [
      39.62963056162695,
      24.44840655194203
     ],
     [
      39.6294048293632,
      24.44830697219649
     ],
     [
      39.62909684713117,
      24.44819373562823
     ],
     [
      39.62866897394501,
      24.44803638177869
     ],
     [
      39.62791489977472,
      24.44781165255654
     ],
     [
      39.62714616265192,
      24.44763376298092
     ],
     [
      39.62709847334931,
      24.4476261937408
     ],
     [
      39.62678656564715,
      24.44757627878674
     ],
     [
      39.62570896167912,
      24.44740408706961
     ],
     [
      39.62484017258186,
      24.44728250398455
     ],
     [
      39.62449176876289,
      24.44723372851005
     ],
     [
      39.6244835745476,
      24.44723258826518
     ],
     [
      39.62413033329394,
      24.44718310941657
     ],
     [
      39.62275844176144,
      24.44699115794416
     ],
     [
      39.6221052741449,
      24.44689973901073
     ],
     [
      39.6215622844649,
      24.44682366940581
     ],
     [
      39.6204590307299,
      24.44666924701988
     ],
     [
      39.6197412018923,
      24.44656887105343
     ],
     [
      39.61907253841546,
      24.44647524459346
     ],
     [
      39.61589904078346,
      24.44603094164085
     ],
     [
      39.61430721528885,
      24.44580801799806
     ],
     [
      39.61362888499379,
      24.44571314219719
     ],
     [
      39.61140622490644,
      24.44540179972676
     ],
     [
      39.61124125851543,
      24.44537871391292
     ],
     [
      39.61068011678998,
      24.44530023988872
     ],
     [
      39.6106058768024,
      24.44528979225285
     ],
     [
      39.60987403227755,
      24.44518500037084
     ],
     [
      39.60943101301203,
      24.44515364089807
     ],
     [
      39.60913583165348,
      24.4451327934055
     ],
     [
      39.60891808482686,
      24.44513023831766
     ],
     [
      39.60869727971415,
      24.445127695225
     ],
     [
      39.60842633102752,
      24.4451402553922
     ],
     [
      39.6082592446236,
      24.44514806230733
     ],
     [
      39.60795208455691,
      24.44518027513416
     ]
    ]
   }
  },
  {
   "type": "Feature",
   "id": "user-1784467162997-157",
   "properties": {
    "name": "دوار سيد الشهداء",
    "category": "road",
    "icon": "fa-location-dot",
    "description": "",
    "ring": null
   },
   "geometry": {
    "type": "LineString",
    "coordinates": [
     [
      39.61132667429072,
      24.50007127665668
     ],
     [
      39.61145875082291,
      24.50007480594639
     ],
     [
      39.61159046402813,
      24.50008483916758
     ],
     [
      39.61172122130628,
      24.50010128840823
     ],
     [
      39.6118512205086,
      24.50012424318225
     ],
     [
      39.61197937511054,
      24.50015352726808
     ],
     [
      39.61210568513028,
      24.50018914066998
     ],
     [
      39.61222975492142,
      24.50023090436945
     ],
     [
      39.61235109057588,
      24.50027873006126
     ],
     [
      39.61246949427597,
      24.50033252824059
     ],
     [
      39.61258466819226,
      24.50039193886824
     ],
     [
      39.61269602058861,
      24.50045705466609
     ],
     [
      39.61280345102596,
      24.50052751479584
     ],
     [
      39.61290646558588,
      24.50060323095711
     ],
     [
      39.61300496426228,
      24.50068393262418
     ],
     [
      39.61309855095367,
      24.50076935047354
     ],
     [
      39.61318692825345,
      24.50085921478146
     ],
     [
      39.61326989788826,
      24.50095334573528
     ],
     [
      39.61334726114443,
      24.50105147321052
     ],
     [
      39.61341862190987,
      24.50115332788456
     ],
     [
      39.61348397798538,
      24.50125845820724
     ],
     [
      39.6135428345555,
      24.50136659525664
     ],
     [
      39.61355200815383,
      24.50138579475518
     ],
     [
      39.6135953885663,
      24.50147764792653
     ],
     [
      39.61364153823799,
      24.50159098444266
     ],
     [
      39.61368069092694,
      24.50170651690647
     ],
     [
      39.61371304138265,
      24.50182370265091
     ],
     [
      39.61373839175193,
      24.50194245217131
     ],
     [
      39.61375673938522,
      24.50206222360121
     ],
     [
      39.61376808250915,
      24.50218265569663
     ],
     [
      39.6137720254313,
      24.50230356944106
     ],
     [
      39.61377435833187,
      24.50278402774677
     ],
     [
      39.61377724779226,
      24.50337909157184
     ],
     [
      39.61377827265434,
      24.50359015001539
     ],
     [
      39.6137652368876,
      24.5038326043944
     ],
     [
      39.61372346570084,
      24.50407237586698
     ],
     [
      39.61365363624316,
      24.50430666194182
     ],
     [
      39.6135584760356,
      24.50452804579278
     ],
     [
      39.613433301245,
      24.50474765496416
     ],
     [
      39.61328533627538,
      24.50494911329685
     ],
     [
      39.61311449420543,
      24.50513485954269
     ],
     [
      39.61292263893167,
      24.50530253790791
     ],
     [
      39.61287099593378,
      24.50533887296318
     ],
     [
      39.61285565020473,
      24.50534959225197
     ],
     [
      39.61271222922774,
      24.50545033206469
     ],
     [
      39.61248542824182,
      24.5055765172037
     ],
     [
      39.6122450900715,
      24.50567936571984
     ],
     [
      39.61207626662284,
      24.50573216119028
     ],
     [
      39.61199407235137,
      24.50575787251477
     ],
     [
      39.61173513448043,
      24.50581112321738
     ],
     [
      39.61147912723709,
      24.50583771913116
     ],
     [
      39.61147153070034,
      24.50583847240934
     ],
     [
      39.61120612177219,
      24.50583954722752
     ],
     [
      39.61094226371939,
      24.50581433407792
     ],
     [
      39.6106829195019,
      24.50576318223372
     ],
     [
      39.61043105337711,
      24.50568671192341
     ],
     [
      39.6101897295928,
      24.50558581393079
     ],
     [
      39.60996181540262,
      24.50546147016705
     ],
     [
      39.60974988540996,
      24.50531538624811
     ],
     [
      39.609556415478,
      24.50514926819892
     ],
     [
      39.60938378316374,
      24.50496491276193
     ],
     [
      39.60923387508997,
      24.50476466054539
     ],
     [
      39.60910857653303,
      24.50455058122102
     ],
     [
      39.60900938141035,
      24.50432546854301
     ],
     [
      39.6089371900971,
      24.50409184771075
     ],
     [
      39.60889300207887,
      24.50385233382561
     ],
     [
      39.60887752289548,
      24.50360999472873
     ],
     [
      39.60887132554622,
      24.50232341297816
     ],
     [
      39.60887429405785,
      24.50220201959245
     ],
     [
      39.60888446932126,
      24.50208095839474
     ],
     [
      39.60890185305587,
      24.5019605906312
     ],
     [
      39.60892634784772,
      24.50184118763328
     ],
     [
      39.6089578575889,
      24.50172329166681
     ],
     [
      39.60899628399731,
      24.50160699343779
     ],
     [
      39.60904143226905,
      24.50149283560841
     ],
     [
      39.60909330369336,
      24.50138108910851
     ],
     [
      39.60915189999582,
      24.50127211517876
     ],
     [
      39.60921653114623,
      24.50116609722307
     ],
     [
      39.60928759366684,
      24.50106339488807
     ],
     [
      39.60936449753611,
      24.5009644621141
     ],
     [
      39.60944714448431,
      24.50086938960273
     ],
     [
      39.60953533972276,
      24.50077872001248
     ],
     [
      39.60962878715505,
      24.50069245452941
     ],
     [
      39.60972719242912,
      24.50061095558684
     ],
     [
      39.60983026076021,
      24.50053449530658
     ],
     [
      39.60993769649484,
      24.50046316518706
     ],
     [
      39.61004920572483,
      24.50039741797435
     ],
     [
      39.61016439323254,
      24.50033716494305
     ],
     [
      39.61028296467901,
      24.50028276852864
     ],
     [
      39.61040472268127,
      24.50023422952109
     ],
     [
      39.61052897767943,
      24.50019182164161
     ],
     [
      39.61065573056121,
      24.50015572550736
     ],
     [
      39.61078458611779,
      24.5001258523971
     ],
     [
      39.61091465740051,
      24.50010247683464
     ],
     [
      39.61104614138653,
      24.50008550770586
     ],
     [
      39.61117824939056,
      24.50007512882645
     ],
     [
      39.61131098099634,
      24.5000712498826
     ]
    ]
   }
  },
  {
   "type": "Feature",
   "id": "user-1784467162997-492",
   "properties": {
    "name": "طريق سلطانة",
    "category": "road",
    "icon": "fa-location-dot",
    "description": "",
    "ring": null
   },
   "geometry": {
    "type": "LineString",
    "coordinates": [
     [
      39.56866786524382,
      24.48111982645248
     ],
     [
      39.56870384437671,
      24.48113269626614
     ],
     [
      39.56909787599865,
      24.4813044351441
     ],
     [
      39.5694443757636,
      24.48148357728409
     ],
     [
      39.56975737694351,
      24.48167458580041
     ],
     [
      39.5700805501928,
      24.48188894664477
     ],
     [
      39.57030618729353,
      24.48205156372255
     ],
     [
      39.57053353436444,
      24.48222121850107
     ],
     [
      39.57107612403535,
      24.48264012280827
     ],
     [
      39.57169796944192,
      24.48312609954929
     ],
     [
      39.57238872731678,
      24.48363926803618
     ],
     [
      39.57290962655848,
      24.48406005397056
     ],
     [
      39.57365079911951,
      24.48463308416619
     ],
     [
      39.57457776848333,
      24.48534954530998
     ],
     [
      39.57484723637047,
      24.4855558812867
     ],
     [
      39.57521077123199,
      24.48583085856442
     ],
     [
      39.57530554631124,
      24.48590347142773
     ],
     [
      39.57579461905936,
      24.48628770070019
     ],
     [
      39.57587838955907,
      24.48634915619041
     ],
     [
      39.57596879438641,
      24.48641546329628
     ],
     [
      39.57636069329082,
      24.48671986225066
     ],
     [
      39.57657837472517,
      24.48688719630067
     ],
     [
      39.57679852392538,
      24.48705452060124
     ],
     [
      39.57695219591585,
      24.48716547158254
     ],
     [
      39.57726162056674,
      24.48738899076071
     ],
     [
      39.57753073730711,
      24.48755973936723
     ],
     [
      39.57785087854056,
      24.48775232891301
     ],
     [
      39.5783002310261,
      24.48799355394597
     ],
     [
      39.57864422691974,
      24.48815787244815
     ],
     [
      39.57906331470311,
      24.48834104885624
     ],
     [
      39.57949338648509,
      24.48850882855179
     ],
     [
      39.57988693677695,
      24.48865353651921
     ],
     [
      39.5802075428941,
      24.48875246352312
     ],
     [
      39.58062398689702,
      24.48885327929715
     ],
     [
      39.58071190843689,
      24.48887217816754
     ],
     [
      39.58074223623842,
      24.48887865448327
     ],
     [
      39.58103804760256,
      24.48892926672719
     ],
     [
      39.58146488551792,
      24.48897223921264
     ],
     [
      39.58194050957523,
      24.48900084322633
     ],
     [
      39.58246942689456,
      24.48900801643638
     ],
     [
      39.58263440636889,
      24.48900114844539
     ],
     [
      39.58286777450088,
      24.48897197975831
     ],
     [
      39.58311773353148,
      24.48892378072225
     ],
     [
      39.58333783622574,
      24.48886440734026
     ],
     [
      39.58355057781076,
      24.48879250843654
     ],
     [
      39.58379128801055,
      24.48870776686336
     ],
     [
      39.58481368538546,
      24.48835818007986
     ],
     [
      39.58643256682311,
      24.48779728520969
     ],
     [
      39.58706682234457,
      24.48757942255058
     ],
     [
      39.58778691520456,
      24.48731471155713
     ],
     [
      39.58844532367695,
      24.48707110001154
     ],
     [
      39.5900504435354,
      24.48655022944034
     ],
     [
      39.59039878043124,
      24.48643705965256
     ],
     [
      39.59055545827444,
      24.48638623262217
     ],
     [
      39.59163330338431,
      24.48599935462267
     ],
     [
      39.59170256516025,
      24.48597451793472
     ],
     [
      39.59194983317622,
      24.48588052577933
     ],
     [
      39.5923049176139,
      24.48573381872855
     ],
     [
      39.59253404346001,
      24.48562246617716
     ],
     [
      39.59279930505274,
      24.48549354088693
     ],
     [
      39.59428235416047,
      24.48464598779375
     ],
     [
      39.59553729372504,
      24.48393993857298
     ],
     [
      39.59719310283285,
      24.48300822606459
     ],
     [
      39.59779841276812,
      24.48266769667233
     ],
     [
      39.59789791927768,
      24.48261166950818
     ],
     [
      39.59868658355308,
      24.48216700138885
     ],
     [
      39.59877831379112,
      24.48211533953749
     ],
     [
      39.59907151434982,
      24.48194998645175
     ],
     [
      39.59962425385267,
      24.48163846844142
     ],
     [
      39.60015484523333,
      24.48133931911497
     ],
     [
      39.60027068684064,
      24.4812739231846
     ],
     [
      39.60079960187148,
      24.48095490923015
     ],
     [
      39.60125869093964,
      24.48062461118624
     ],
     [
      39.60175654999014,
      24.48016762758834
     ],
     [
      39.60211502634303,
      24.47970261811897
     ],
     [
      39.6024258417922,
      24.47932169947038
     ],
     [
      39.60244340339523,
      24.47930013473704
     ],
     [
      39.60244693183968,
      24.47929506308912
     ],
     [
      39.60283145128546,
      24.47874631742645
     ],
     [
      39.60292076209243,
      24.47862268257814
     ],
     [
      39.60320281046145,
      24.4782322135621
     ],
     [
      39.60326574820677,
      24.4781448996762
     ],
     [
      39.60361053782582,
      24.47766783929282
     ],
     [
      39.60384434964556,
      24.47734421345373
     ],
     [
      39.60447709390457,
      24.47651747866982
     ],
     [
      39.60477380749965,
      24.47612098737086
     ],
     [
      39.60496111529081,
      24.47579321088694
     ],
     [
      39.60511196262843,
      24.4754350540887
     ],
     [
      39.60518395731416,
      24.47519931738544
     ],
     [
      39.60521364338901,
      24.47507203649482
     ],
     [
      39.60525861169354,
      24.47488011993336
     ],
     [
      39.60535254613088,
      24.47444506275372
     ],
     [
      39.60546282012083,
      24.47385712887071
     ]
    ]
   }
  },
  {
   "type": "Feature",
   "id": "user-1784467162997-277",
   "properties": {
    "name": "طريق قباء",
    "category": "road",
    "icon": "fa-location-dot",
    "description": "",
    "ring": null
   },
   "geometry": {
    "type": "LineString",
    "coordinates": [
     [
      39.61322798572011,
      24.44827038798131
     ],
     [
      39.61331787460902,
      24.4481095352164
     ],
     [
      39.61339485019424,
      24.44795099263089
     ],
     [
      39.61348593927777,
      24.44775283515633
     ],
     [
      39.61352886888541,
      24.44765367669293
     ],
     [
      39.61430721528885,
      24.44580801799806
     ],
     [
      39.6147298584777,
      24.44477012630023
     ],
     [
      39.61507802499142,
      24.44387758085032
     ],
     [
      39.61540558105487,
      24.44304869961622
     ],
     [
      39.61585692670873,
      24.44207417876746
     ],
     [
      39.61589365072425,
      24.44197775431134
     ],
     [
      39.61595124401375,
      24.44185171212193
     ],
     [
      39.61597044142956,
      24.44180286428179
     ],
     [
      39.61599284342791,
      24.44174352694247
     ],
     [
      39.61601795488874,
      24.44165302016986
     ],
     [
      39.6160225461141,
      24.44160305772459
     ],
     [
      39.61602814228475,
      24.44155688438196
     ],
     [
      39.61602943762701,
      24.44149862645389
     ],
     [
      39.61603208790041,
      24.44137407239068
     ],
     [
      39.61602683090133,
      24.44128703092004
     ],
     [
      39.6160070639061,
      24.44111714011185
     ],
     [
      39.6159852491724,
      24.44099277599098
     ],
     [
      39.61596586082569,
      24.44086018339129
     ],
     [
      39.61595979626387,
      24.44076935200366
     ],
     [
      39.61595539928864,
      24.44071716830161
     ],
     [
      39.61595603702039,
      24.44066568661037
     ],
     [
      39.61595730036276,
      24.44060083586933
     ],
     [
      39.61596028069942,
      24.44054419672822
     ],
     [
      39.61596399933653,
      24.4404770781326
     ],
     [
      39.6159735497672,
      24.44041228395703
     ],
     [
      39.61598843241247,
      24.44030791044421
     ],
     [
      39.61600593392517,
      24.44021463491096
     ],
     [
      39.6160588477443,
      24.4399175566139
     ],
     [
      39.61621812977837,
      24.43925960098321
     ],
     [
      39.61626116902497,
      24.43910282079682
     ],
     [
      39.61631438179848,
      24.43894861825867
     ],
     [
      39.61637757383942,
      24.43879762634982
     ],
     [
      39.61675835206636,
      24.43796292562293
     ],
     [
      39.61689656830954,
      24.43766017063501
     ],
     [
      39.61696899419604,
      24.43750137379503
     ],
     [
      39.61703510641864,
      24.43734260267301
     ],
     [
      39.61709035004608,
      24.43718035360284
     ],
     [
      39.61713413586582,
      24.4370151708847
     ],
     [
      39.61716666561182,
      24.43684795684699
     ],
     [
      39.61717709907016,
      24.43678234614808
     ],
     [
      39.61729416847269,
      24.43604716217443
     ],
     [
      39.61732405322437,
      24.43588384239414
     ],
     [
      39.61746348361519,
      24.43512210490763
     ],
     [
      39.61763173947111,
      24.43436485559311
     ],
     [
      39.61764293869604,
      24.43431477577376
     ],
     [
      39.61788195627188,
      24.43324050510853
     ],
     [
      39.61862503575583,
      24.42989791747429
     ],
     [
      39.6188713514923,
      24.42880636501884
     ],
     [
      39.61952706091478,
      24.42590332774759
     ],
     [
      39.61952889316034,
      24.42589474038461
     ],
     [
      39.62031874352531,
      24.42166434149445
     ],
     [
      39.62052260883022,
      24.42057124366787
     ],
     [
      39.62057379978732,
      24.42040955165841
     ],
     [
      39.62059938018059,
      24.42029537969918
     ],
     [
      39.62062360967997,
      24.42018735465251
     ],
     [
      39.62064947705758,
      24.42007137521833
     ],
     [
      39.620696196658,
      24.41986273801401
     ],
     [
      39.62073432408697,
      24.41969224870475
     ],
     [
      39.62077834042499,
      24.41949563437035
     ],
     [
      39.62080642707701,
      24.41936962090304
     ],
     [
      39.62082409316518,
      24.41929106523101
     ],
     [
      39.62085546258898,
      24.41915058798378
     ],
     [
      39.62087042254532,
      24.41908342301974
     ],
     [
      39.62089358961184,
      24.41898009862704
     ],
     [
      39.62089735369888,
      24.41896319439318
     ],
     [
      39.62091096323111,
      24.41890226665756
     ],
     [
      39.62093344200837,
      24.41879939665289
     ],
     [
      39.62095785011496,
      24.41868766791742
     ],
     [
      39.62095881479679,
      24.418683238554
     ],
     [
      39.62100145534932,
      24.41848780387134
     ],
     [
      39.62103280848737,
      24.4183440753271
     ],
     [
      39.62105321798808,
      24.4182416653625
     ],
     [
      39.62108451658075,
      24.41810696846953
     ],
     [
      39.62111326523689,
      24.41797526240792
     ],
     [
      39.6211359347806,
      24.4178711271814
     ],
     [
      39.62115156233927,
      24.41779935340851
     ],
     [
      39.62117075972714,
      24.41771130838949
     ],
     [
      39.62118851031094,
      24.4176299525716
     ],
     [
      39.62121050920245,
      24.41752988423212
     ],
     [
      39.62122885639719,
      24.41744951941843
     ],
     [
      39.62124442103494,
      24.41738506135959
     ],
     [
      39.62125873172958,
      24.41732638856814
     ],
     [
      39.6212745860463,
      24.41726066491486
     ],
     [
      39.62128734689114,
      24.41720777860416
     ],
     [
      39.62129991399809,
      24.41715561560275
     ],
     [
      39.62132804963145,
      24.41703980734491
     ],
     [
      39.6213406167066,
      24.41698764433964
     ],
     [
      39.62136401391701,
      24.41689118281007
     ],
     [
      39.62138431765594,
      24.41680755862311
     ],
     [
      39.62140297734681,
      24.41673062444935
     ],
     [
      39.62142878896996,
      24.41662367652332
     ],
     [
      39.6214546881151,
      24.41653461048862
     ],
     [
      39.62147149228522,
      24.41648161724522
     ],
     [
      39.62149762048057,
      24.41639905290063
     ],
     [
      39.62152510737388,
      24.41631196725113
     ],
     [
      39.62154628224395,
      24.41624513794566
     ],
     [
      39.6215721171042,
      24.41616311667823
     ],
     [
      39.62158989157201,
      24.41610686811701
     ],
     [
      39.62160679426453,
      24.41605387445287
     ],
     [
      39.62162690002927,
      24.41599030084489
     ],
     [
      39.62164253684982,
      24.41594065400872
     ],
     [
      39.62166118522692,
      24.41588160210232
     ],
     [
      39.62168469083617,
      24.41580735742087
     ],
     [
      39.62172188930904,
      24.41568934431247
     ],
     [
      39.62176418954907,
      24.41556580105864
     ],
     [
      39.62181966641342,
      24.41541393524838
     ],
     [
      39.62186219957706,
      24.41529770647799
     ],
     [
      39.62190268664036,
      24.41518663402397
     ],
     [
      39.62194317451998,
      24.41507574218415
     ],
     [
      39.6219765587697,
      24.41498456806758
     ],
     [
      39.6220154883507,
      24.4148777467599
     ],
     [
      39.62205850856435,
      24.41476034184295
     ],
     [
      39.62209296209561,
      24.41466600230026
     ],
     [
      39.62212819443892,
      24.41456958231656
     ],
     [
      39.62215116398851,
      24.41450680969505
     ],
     [
      39.62216916933261,
      24.41445751432442
     ],
     [
      39.62221043473398,
      24.41434436135336
     ],
     [
      39.62224498711888,
      24.41425011168267
     ],
     [
      39.62227330948357,
      24.41417268609956
     ],
     [
      39.62230610724846,
      24.4140826884057
     ],
     [
      39.62234465107099,
      24.41397776519873
     ],
     [
      39.62236946825351,
      24.41390965639466
     ],
     [
      39.62240888547094,
      24.41380183951766
     ],
     [
      39.62242990739934,
      24.41374422278298
     ],
     [
      39.62246124587661,
      24.41365838551858
     ],
     [
      39.62248771882491,
      24.41358602510706
     ],
     [
      39.622519545059,
      24.41349910205102
     ],
     [
      39.62254358321116,
      24.41343307365296
     ],
     [
      39.62256665099104,
      24.41337030056167
     ],
     [
      39.62258523805306,
      24.41331901582921
     ],
     [
      39.6226025632958,
      24.41327189074853
     ],
     [
      39.62262304732383,
      24.41322529456089
     ],
     [
      39.6226612605271,
      24.41315360834717
     ],
     [
      39.62269341405539,
      24.41309323635544
     ],
     [
      39.62272331990594,
      24.41303711838185
     ],
     [
      39.62275009795456,
      24.41298679339397
     ],
     [
      39.62277853805513,
      24.41293348118705
     ],
     [
      39.62280101670455,
      24.41289139249217
     ],
     [
      39.62283023870531,
      24.41283663202763
     ],
     [
      39.62285779772596,
      24.41278467814753
     ],
     [
      39.62288770299045,
      24.41272846982949
     ],
     [
      39.62291985630703,
      24.41266809779061
     ],
     [
      39.62295200959355,
      24.41260772574504
     ],
     [
      39.62298504386081,
      24.41254599535048
     ],
     [
      39.62302550517665,
      24.41247023564326
     ],
     [
      39.623042606959,
      24.41243792300148
     ],
     [
      39.62307026399453,
      24.41238587836494
     ],
     [
      39.62310319907653,
      24.41232405803841
     ],
     [
      39.6231465911801,
      24.41224259642537
     ],
     [
      39.62318773561172,
      24.41216538883175
     ],
     [
      39.6232281966894,
      24.4120896290714
     ],
     [
      39.62327530236989,
      24.4120011979207
     ],
     [
      39.62330970293354,
      24.41193657176778
     ],
     [
      39.62334566821094,
      24.41186922973073
     ],
     [
      39.62338867303559,
      24.41178930498879
     ],
     [
      39.62341164575862,
      24.41174748511234
     ],
     [
      39.62344107336899,
      24.41169452997259
     ],
     [
      39.62347011442704,
      24.41164320207929
     ],
     [
      39.62351422219571,
      24.41156697565242
     ],
     [
      39.62355530438553,
      24.41149726431559
     ],
     [
      39.62361302728052,
      24.41140183511639
     ],
     [
      39.6236597036437,
      24.41132650121158
     ],
     [
      39.62368201774907,
      24.41129118664857
     ],
     [
      39.62371862411799,
      24.41123395710181
     ],
     [
      39.62375709461876,
      24.41117473294782
     ],
     [
      39.62377471714303,
      24.41114810788913
     ],
     [
      39.6237902840107,
      24.41112465230449
     ],
     [
      39.62380810333281,
      24.41109793611666
     ],
     [
      39.62392867790888,
      24.41088718718738
     ],
     [
      39.62406814281416,
      24.41066705790682
     ],
     [
      39.62431093707087,
      24.41037994068085
     ],
     [
      39.62444837623608,
      24.41020940204911
     ],
     [
      39.62457994985411,
      24.41004954459921
     ],
     [
      39.62476404261951,
      24.40981947661183
     ],
     [
      39.62491326197139,
      24.40963796090278
     ],
     [
      39.62512380354234,
      24.40939143639674
     ],
     [
      39.62527877499672,
      24.40919653004277
     ],
     [
      39.62550976911278,
      24.40891767827667
     ],
     [
      39.62569107720742,
      24.40870360634646
     ],
     [
      39.6258255539578,
      24.40853307872809
     ],
     [
      39.6259702704836,
      24.408359076708
     ],
     [
      39.62612383929426,
      24.40818025127817
     ],
     [
      39.62629933399857,
      24.40796773801843
     ],
     [
      39.62646009362957,
      24.40776729735052
     ],
     [
      39.62663262846082,
      24.40755479595759
     ],
     [
      39.62675831256308,
      24.40740173460679
     ],
     [
      39.62700400736323,
      24.40710529873985
     ],
     [
      39.62723939097977,
      24.40681811727212
     ],
     [
      39.62752445010815,
      24.40646480001352
     ],
     [
      39.62778770791363,
      24.406150678786
     ],
     [
      39.62801425209292,
      24.40587166108585
     ],
     [
      39.6281969782931,
      24.40564692321757
     ],
     [
      39.62854931342105,
      24.4052177317237
     ],
     [
      39.62891048196775,
      24.40478037443358
     ],
     [
      39.62915026191574,
      24.40448648851608
     ],
     [
      39.62932418869818,
      24.40427804247724
     ],
     [
      39.62941192026252,
      24.40416966172528
     ],
     [
      39.62955670946474,
      24.40399240471372
     ],
     [
      39.62981260667843,
      24.40368761302012
     ],
     [
      39.63000119729517,
      24.40345345591557
     ],
     [
      39.63027596627734,
      24.40311634266892
     ],
     [
      39.63042077236648,
      24.40294296829802
     ],
     [
      39.63060499592318,
      24.40272354989531
     ],
     [
      39.6307702523025,
      24.40251775745022
     ],
     [
      39.63088269344795,
      24.40238100450295
     ],
     [
      39.63104216397794,
      24.40218200945642
     ],
     [
      39.6311766734124,
      24.40202086973715
     ],
     [
      39.63134634088979,
      24.40182986986445
     ],
     [
      39.63151569116115,
      24.40161484747514
     ],
     [
      39.63173018055171,
      24.40135429873684
     ],
     [
      39.63191310088546,
      24.40113154257146
     ],
     [
      39.63207857371317,
      24.40093044417369
     ],
     [
      39.6322108140726,
      24.40076967428067
     ],
     [
      39.63240559596829,
      24.40053286926779
     ],
     [
      39.63260812082108,
      24.4002865486442
     ],
     [
      39.63284534719548,
      24.39999817682895
     ],
     [
      39.63308374782059,
      24.39970817407926
     ],
     [
      39.63331371796492,
      24.39942859238131
     ],
     [
      39.63349908427612,
      24.39920302435667
     ],
     [
      39.63367660959786,
      24.39898733319595
     ],
     [
      39.6338507025233,
      24.39877563003368
     ],
     [
      39.63406184832206,
      24.39851888525374
     ],
     [
      39.63433994492289,
      24.39818093800194
     ],
     [
      39.63455304892027,
      24.39792174585653
     ],
     [
      39.6346776373982,
      24.39777030829956
     ],
     [
      39.63490691341168,
      24.39749135933578
     ],
     [
      39.63518569179522,
      24.39715259487036
     ],
     [
      39.63541918079974,
      24.39686856986488
     ],
     [
      39.6356741351032,
      24.39655835352962
     ],
     [
      39.63585380952468,
      24.39634003172256
     ],
     [
      39.63601926949834,
      24.39613883883548
     ],
     [
      39.6362693208702,
      24.39583478349027
     ],
     [
      39.63650350351335,
      24.3955523795904
     ],
     [
      39.63674893306595,
      24.39525141358272
     ],
     [
      39.63704171892292,
      24.39489569806515
     ],
     [
      39.63727735606631,
      24.39460904209173
     ],
     [
      39.63745643604285,
      24.39439126280584
     ],
     [
      39.63771736102306,
      24.39407406374951
     ],
     [
      39.63798445838497,
      24.3937490712078
     ],
     [
      39.63818637368889,
      24.39350346834225
     ],
     [
      39.63843915959364,
      24.39319614663669
     ],
     [
      39.63857353983067,
      24.39303265283374
     ],
     [
      39.63883279283429,
      24.39271744585839
     ],
     [
      39.63900859824909,
      24.39251629644939
     ],
     [
      39.63938540314146,
      24.39204534198248
     ],
     [
      39.63961142577757,
      24.39177064454005
     ],
     [
      39.63988145459484,
      24.39144220438551
     ],
     [
      39.64007622809064,
      24.39120936355951
     ],
     [
      39.64037554005996,
      24.39084124105279
     ],
     [
      39.64070456879587,
      24.39044111126356
     ],
     [
      39.64102007007255,
      24.39005747525425
     ],
     [
      39.64126313913782,
      24.38976193092416
     ],
     [
      39.64154188246192,
      24.389422884178
     ],
     [
      39.64183934482595,
      24.389061178995
     ],
     [
      39.64207486231035,
      24.38877460651661
     ],
     [
      39.64239241384281,
      24.38838852052068
     ],
     [
      39.64267056317733,
      24.38805019677091
     ],
     [
      39.64288598540723,
      24.38778809321714
     ],
     [
      39.64307367223615,
      24.38756006534951
     ],
     [
      39.64310307442409,
      24.38752426631175
     ],
     [
      39.64315893830729,
      24.38745620296847
     ],
     [
      39.64323303276614,
      24.38736620609247
     ],
     [
      39.64332937416846,
      24.38724902036102
     ],
     [
      39.64339464664007,
      24.38716953735164
     ],
     [
      39.64344639562697,
      24.38710681993545
     ],
     [
      39.64350951182541,
      24.38702996515624
     ],
     [
      39.6435634159106,
      24.38696443879716
     ],
     [
      39.64362074928454,
      24.38689456275432
     ],
     [
      39.64368680568759,
      24.38681417314601
     ],
     [
      39.64374796223842,
      24.38673985540147
     ],
     [
      39.64381754687837,
      24.38665520596347
     ],
     [
      39.64391525948849,
      24.38653638837822
     ],
     [
      39.64401444188618,
      24.38641575819315
     ],
     [
      39.64410989941921,
      24.38629956919133
     ],
     [
      39.64418330686081,
      24.38621047792514
     ],
     [
      39.64428533052597,
      24.38608631321937
     ],
     [
      39.64435138609399,
      24.38600592333024
     ],
     [
      39.6444037207505,
      24.38594220964267
     ],
     [
      39.64446556260022,
      24.3858670758685
     ],
     [
      39.64453740098394,
      24.38577979739845
     ],
     [
      39.64460639659825,
      24.3856958726268
     ],
     [
      39.64465951482204,
      24.38563116205912
     ],
     [
      39.64470332300613,
      24.38557787071835
     ],
     [
      39.64475007196685,
      24.38552113489915
     ],
     [
      39.64479603569252,
      24.3854651249237
     ],
     [
      39.64484925279012,
      24.38540050418448
     ],
     [
      39.64492834313491,
      24.38530443415908
     ],
     [
      39.64499233997695,
      24.3852265815654
     ],
     [
      39.64507574177584,
      24.3851251645539
     ],
     [
      39.645171784898,
      24.38500815957171
     ],
     [
      39.64526881024576,
      24.38489042783051
     ],
     [
      39.64534260545484,
      24.38480034090197
     ],
     [
      39.64539934937356,
      24.38473127953999
     ],
     [
      39.64547118602368,
      24.38464391032833
     ],
     [
      39.64555380279688,
      24.38454339954811
     ],
     [
      39.64564357413759,
      24.38443427835731
     ],
     [
      39.64571325441672,
      24.38434953734285
     ],
     [
      39.64579077447852,
      24.3842551895436
     ],
     [
      39.64587329260216,
      24.3841547693274
     ],
     [
      39.64595747772322,
      24.3840525356699
     ],
     [
      39.64606234053937,
      24.38392501604867
     ],
     [
      39.64616073417128,
      24.38380520067881
     ],
     [
      39.64624491837343,
      24.383702876554
     ],
     [
      39.6463224376513,
      24.38360852849116
     ],
     [
      39.64639358785171,
      24.38352215523826
     ],
     [
      39.64651138536896,
      24.3833787750902
     ],
     [
      39.64656959838284,
      24.3833079910539
     ],
     [
      39.64665368332519,
      24.38320566712983
     ],
     [
      39.64671542392506,
      24.38313053288667
     ],
     [
      39.64677990932179,
      24.38305222589433
     ],
     [
      39.64681215199055,
      24.38301307238817
     ],
     [
      39.646829596678,
      24.38299195463648
     ],
     [
      39.64688633899194,
      24.38292289273493
     ],
     [
      39.64695376303288,
      24.38284077991425
     ],
     [
      39.64703128126567,
      24.38274643150006
     ],
     [
      39.64712173618329,
      24.38263649370026
     ],
     [
      39.64719866667649,
      24.38254296054286
     ],
     [
      39.64728853335565,
      24.38243374767407
     ],
     [
      39.64737320463833,
      24.38233060802277
     ],
     [
      39.64745503418487,
      24.38223100273394
     ],
     [
      39.64754196022646,
      24.38212532454913
     ],
     [
      39.64761369534547,
      24.3820379547747
     ],
     [
      39.64767337792588,
      24.3819655383801
     ],
     [
      39.64771796737388,
      24.38191124938496
     ],
     [
      39.64779401415702,
      24.38181862285373
     ],
     [
      39.64790828133408,
      24.38167968214435
     ],
     [
      39.64796943297808,
      24.38160536274887
     ],
     [
      39.64806351161874,
      24.38149089317543
     ],
     [
      39.64813524602592,
      24.38140352316181
     ],
     [
      39.64821433143227,
      24.38130745147462
     ],
     [
      39.6482882211049,
      24.3812173627344
     ],
     [
      39.64834368874461,
      24.38115002172679
     ],
     [
      39.64840180158748,
      24.38107932774303
     ],
     [
      39.64847804458885,
      24.3809867000354
     ],
     [
      39.64851616604812,
      24.38094038616765
     ],
     [
      39.64858290238003,
      24.38085917872425
     ],
     [
      39.64865757667702,
      24.38076836393283
     ],
     [
      39.64874969492009,
      24.38065643113994
     ],
     [
      39.64880339642887,
      24.38059090381898
     ],
     [
      39.64886729041275,
      24.38051314037445
     ],
     [
      39.64890325568354,
      24.38046945476522
     ],
     [
      39.64892912747794,
      24.38043809514786
     ],
     [
      39.64903751195671,
      24.38030622332811
     ],
     [
      39.64911002924917,
      24.38021794636335
     ],
     [
      39.64913942852186,
      24.38018223650325
     ],
     [
      39.64922262746142,
      24.38008099875035
     ],
     [
      39.64928936243551,
      24.37999970069302
     ],
     [
      39.64936325244139,
      24.37990997269526
     ],
     [
      39.64944517749367,
      24.37981036594287
     ],
     [
      39.64954072376945,
      24.3796941732038
     ],
     [
      39.64957433595704,
      24.37965320696025
     ],
     [
      39.64962617516941,
      24.37959003551384
     ],
     [
      39.6497188801019,
      24.37947746742622
     ],
     [
      39.64979355232474,
      24.37938656178002
     ],
     [
      39.64987038077005,
      24.37929311804408
     ],
     [
      39.64995514649591,
      24.37918997657244
     ],
     [
      39.65002413500292,
      24.37910604941093
     ],
     [
      39.65012320774051,
      24.37898550608758
     ],
     [
      39.65021591133591,
      24.37887284739292
     ],
     [
      39.65027519748269,
      24.37880061232311
     ],
     [
      39.65051548002518,
      24.37850840702324
     ],
     [
      39.65079936783567,
      24.37816299946567
     ],
     [
      39.65115508392636,
      24.3777304001964
     ],
     [
      39.6514965879426,
      24.37731493065229
     ],
     [
      39.65183975576568,
      24.37689746627741
     ],
     [
      39.65201261230713,
      24.37668710266738
     ],
     [
      39.65208502828573,
      24.37659909568576
     ],
     [
      39.65224416662693,
      24.37640567965963
     ],
     [
      39.65235205359078,
      24.37627425922853
     ],
     [
      39.65249051444624,
      24.37610585876399
     ],
     [
      39.65259752045845,
      24.37597579667235
     ],
     [
      39.65272755255151,
      24.37581745720306
     ],
     [
      39.65282181802577,
      24.37570262266931
     ],
     [
      39.6529213761727,
      24.37558162388828
     ],
     [
      39.65302730367203,
      24.37545292086344
     ],
     [
      39.65316242985769,
      24.37528832737577
     ],
     [
      39.65328099682945,
      24.37514412591891
     ],
     [
      39.65341837761152,
      24.37497708399669
     ],
     [
      39.65351910992732,
      24.37485454442126
     ],
     [
      39.6536228791183,
      24.37472819847272
     ],
     [
      39.65370058471785,
      24.37463384590417
     ],
     [
      39.65380219784525,
      24.37451012825619
     ],
     [
      39.6539081231077,
      24.37438133432277
     ],
     [
      39.65400150558128,
      24.3742677672827
     ],
     [
      39.65409057603729,
      24.37415936672409
     ],
     [
      39.65419444269896,
      24.37403301997114
     ],
     [
      39.65427626209573,
      24.37393350142799
     ],
     [
      39.65440707417483,
      24.37377425403319
     ],
     [
      39.65450476758134,
      24.37365552014705
     ],
     [
      39.65633483227874,
      24.37142893955278
     ],
     [
      39.65770652268303,
      24.36980609265216
     ],
     [
      39.65889173164392,
      24.36843033202624
     ],
     [
      39.65993174869219,
      24.3672569571528
     ],
     [
      39.66248120739253,
      24.36448988921703
     ],
     [
      39.6629673803909,
      24.36396222364432
     ],
     [
      39.66358462456232,
      24.3632921890776
     ],
     [
      39.66410755204941,
      24.36272462064926
     ],
     [
      39.66456400661792,
      24.36222914189907
     ],
     [
      39.66505241719821,
      24.36169902147884
     ],
     [
      39.66553513773503,
      24.36117506588386
     ],
     [
      39.66604393068039,
      24.36062272580304
     ],
     [
      39.66640478963628,
      24.36023116199802
     ],
     [
      39.66692612271771,
      24.35966512640676
     ],
     [
      39.66734059861096,
      24.35921525232605
     ],
     [
      39.66767710491892,
      24.35886253767649
     ],
     [
      39.66803949912021,
      24.35852117819718
     ],
     [
      39.66845138164318,
      24.35812333375474
     ],
     [
      39.66880661418282,
      24.3577707147308
     ],
     [
      39.66913120632616,
      24.35744107968146
     ],
     [
      39.66951134665057,
      24.35704508845915
     ],
     [
      39.66988701741155,
      24.35664324560207
     ],
     [
      39.67039797573577,
      24.35607850856066
     ],
     [
      39.6706035802733,
      24.35584512982664
     ],
     [
      39.67081171153648,
      24.35560496605116
     ],
     [
      39.67100130448268,
      24.35538285661956
     ],
     [
      39.67127865491906,
      24.35505180042958
     ],
     [
      39.67154715098643,
      24.35472448584863
     ],
     [
      39.67183029723529,
      24.35437136625349
     ],
     [
      39.67221659947406,
      24.35387608539528
     ],
     [
      39.67249806782878,
      24.35350463816007
     ],
     [
      39.67277723375953,
      24.35312687860719
     ],
     [
      39.67299371846843,
      24.3528274284898
     ],
     [
      39.67326760316482,
      24.35243957625557
     ],
     [
      39.67358506046326,
      24.35197729145338
     ],
     [
      39.67417857695179,
      24.35107385689243
     ]
    ]
   }
  },
  {
   "type": "Feature",
   "id": "user-1784467162997-815",
   "properties": {
    "name": "طريق خالد بن الوليد",
    "category": "road",
    "icon": "fa-location-dot",
    "description": "",
    "ring": null
   },
   "geometry": {
    "type": "LineString",
    "coordinates": [
     [
      39.58376030418601,
      24.48122338241175
     ],
     [
      39.58347375640324,
      24.48146589890775
     ],
     [
      39.58335327252939,
      24.48157519265404
     ],
     [
      39.5832162887336,
      24.48170170967921
     ],
     [
      39.58299815205127,
      24.48190666145587
     ],
     [
      39.58259736434439,
      24.48226521915284
     ],
     [
      39.58225457957098,
      24.48255464261691
     ],
     [
      39.58209049951042,
      24.4826908363632
     ],
     [
      39.58197200588393,
      24.48278278105423
     ],
     [
      39.58183701285881,
      24.4828921295051
     ],
     [
      39.58163735954937,
      24.48303992966227
     ],
     [
      39.58144412857014,
      24.48318951112177
     ],
     [
      39.58118838169782,
      24.48337184593587
     ],
     [
      39.58103464595722,
      24.48348316238429
     ],
     [
      39.58071223699032,
      24.48369817554578
     ],
     [
      39.58041695878693,
      24.48389014401245
     ],
     [
      39.58004889989251,
      24.48411481414902
     ],
     [
      39.57977006807274,
      24.48427817896781
     ],
     [
      39.57950587804017,
      24.48442803031147
     ],
     [
      39.57920023703254,
      24.48459908332111
     ],
     [
      39.57887765593432,
      24.48477778702195
     ],
     [
      39.57845738675543,
      24.48500265340407
     ],
     [
      39.57809414107722,
      24.48520228340971
     ],
     [
      39.57746087070875,
      24.48555042797233
     ],
     [
      39.57677020489557,
      24.48593003775786
     ],
     [
      39.57591824762876,
      24.48641150157979
     ],
     [
      39.57503719750213,
      24.48692061721967
     ],
     [
      39.57480961389118,
      24.48707131454958
     ],
     [
      39.57424395585969,
      24.48744745680429
     ],
     [
      39.57358590867646,
      24.48790803027528
     ],
     [
      39.57312023547672,
      24.48824477296546
     ],
     [
      39.57263997099438,
      24.4885853627543
     ],
     [
      39.57241547110159,
      24.4887427280812
     ],
     [
      39.57214308180922,
      24.48893847736114
     ],
     [
      39.57136553392835,
      24.48949305934193
     ],
     [
      39.57090393764602,
      24.48981731652945
     ],
     [
      39.57065749843742,
      24.48999092843467
     ],
     [
      39.57040705583088,
      24.49017421867285
     ],
     [
      39.5701190928832,
      24.49037571296104
     ],
     [
      39.56964608108444,
      24.49070867960555
     ],
     [
      39.56921675588822,
      24.49101266994346
     ],
     [
      39.56881646817256,
      24.49130002223487
     ],
     [
      39.56845264942416,
      24.49155526502291
     ],
     [
      39.56818230295418,
      24.49174711606753
     ],
     [
      39.56796615467323,
      24.49189866335305
     ],
     [
      39.56733829159823,
      24.49234392370947
     ],
     [
      39.56692660009947,
      24.49264314505256
     ],
     [
      39.56643584551414,
      24.49298483854689
     ],
     [
      39.56585157251232,
      24.49340310601772
     ],
     [
      39.56498443886984,
      24.49402075957569
     ],
     [
      39.5640240084948,
      24.49470008000116
     ],
     [
      39.56349794202865,
      24.49507224151293
     ],
     [
      39.56290951324317,
      24.49549250018152
     ],
     [
      39.56253937079816,
      24.49575154569285
     ],
     [
      39.56224204060189,
      24.4959607367714
     ],
     [
      39.56187192028577,
      24.49622538006304
     ],
     [
      39.56095073846726,
      24.49688258884305
     ],
     [
      39.55984866256676,
      24.49765769061765
     ],
     [
      39.55818942265729,
      24.49883574961496
     ],
     [
      39.55641889899048,
      24.50000968507018
     ],
     [
      39.55583967560798,
      24.50051387479566
     ],
     [
      39.55495392447651,
      24.50116224690692
     ],
     [
      39.55429710722801,
      24.50171060865441
     ],
     [
      39.55348267376149,
      24.50246546171714
     ],
     [
      39.55265619546267,
      24.5033121136999
     ],
     [
      39.55203346679608,
      24.50400917863888
     ],
     [
      39.55148768583015,
      24.50463054767008
     ],
     [
      39.5511266321038,
      24.50506140018492
     ],
     [
      39.55073423858164,
      24.50552650492133
     ],
     [
      39.55032542761839,
      24.50600747347204
     ],
     [
      39.55004102525207,
      24.50633969188817
     ],
     [
      39.5498159856496,
      24.50661362159561
     ],
     [
      39.54954574326226,
      24.50693413699384
     ],
     [
      39.54918496034775,
      24.5073621841951
     ],
     [
      39.54888259577555,
      24.50771903124185
     ],
     [
      39.54854448411196,
      24.50811818428916
     ],
     [
      39.54818350839118,
      24.50852608977742
     ],
     [
      39.54772143472472,
      24.50904328010984
     ],
     [
      39.54750970021268,
      24.50926920134497
     ],
     [
      39.5472084931728,
      24.50957636811737
     ],
     [
      39.54687403382493,
      24.50990948461139
     ],
     [
      39.54649841425797,
      24.51026605044556
     ],
     [
      39.54615098396312,
      24.51059072279457
     ],
     [
      39.54581740245438,
      24.51087696077854
     ],
     [
      39.54520551442829,
      24.51138140901507
     ],
     [
      39.54465848143517,
      24.51179611949897
     ],
     [
      39.54422714786278,
      24.51209986641277
     ],
     [
      39.54387474865733,
      24.51237343372316
     ],
     [
      39.54341793088931,
      24.51267410919015
     ],
     [
      39.54292848848721,
      24.51298655117577
     ],
     [
      39.54250407994756,
      24.51324980759546
     ],
     [
      39.54174075108784,
      24.51368659909035
     ],
     [
      39.54120946410925,
      24.5139799488576
     ],
     [
      39.54065031188143,
      24.5142671649266
     ],
     [
      39.54011173091974,
      24.51451799905169
     ],
     [
      39.53919472020873,
      24.51493825836194
     ],
     [
      39.53851679244436,
      24.5152216461548
     ],
     [
      39.53782256473635,
      24.51550283116849
     ],
     [
      39.53732335637077,
      24.51568343136124
     ],
     [
      39.536793787443,
      24.51585122298829
     ],
     [
      39.53617598842987,
      24.51604705270738
     ],
     [
      39.53565803787176,
      24.51620856742709
     ],
     [
      39.53533264513754,
      24.5162932626213
     ],
     [
      39.53495410470833,
      24.51639187327598
     ],
     [
      39.53456820781748,
      24.5164784069494
     ],
     [
      39.53386879397809,
      24.51661066426138
     ],
     [
      39.53299958550999,
      24.51676474196489
     ],
     [
      39.53222084016366,
      24.51685897863585
     ],
     [
      39.53174892601792,
      24.51691383725421
     ],
     [
      39.53155839419842,
      24.51693365509613
     ],
     [
      39.53147925016069,
      24.51693935269761
     ],
     [
      39.53072572011563,
      24.51695049413681
     ],
     [
      39.52919121499881,
      24.51706651780074
     ],
     [
      39.52466063973883,
      24.51710780558514
     ],
     [
      39.51593457153111,
      24.51720598768696
     ],
     [
      39.50969227717714,
      24.5172697379532
     ],
     [
      39.50623168616845,
      24.51729845571527
     ],
     [
      39.50122653664305,
      24.51733214176924
     ],
     [
      39.49350507370499,
      24.51741719763718
     ],
     [
      39.48794191755042,
      24.51746084679656
     ],
     [
      39.48455560382426,
      24.51750571621813
     ],
     [
      39.48271342381015,
      24.51748606100945
     ],
     [
      39.48089888816076,
      24.51738970839858
     ],
     [
      39.47635702165575,
      24.51691054372582
     ],
     [
      39.47389123055913,
      24.51677371305998
     ],
     [
      39.47325883712628,
      24.51684379485088
     ],
     [
      39.47257245106769,
      24.51696787065525
     ],
     [
      39.4721285596042,
      24.51710653839985
     ],
     [
      39.47169731882502,
      24.51722312851444
     ],
     [
      39.47136286213363,
      24.51735178825039
     ],
     [
      39.47100987526449,
      24.51751464405312
     ],
     [
      39.47064770331871,
      24.51770299643623
     ],
     [
      39.47021142094478,
      24.51795118661542
     ],
     [
      39.4698958357368,
      24.51816495111224
     ],
     [
      39.46951551731422,
      24.51843852409471
     ],
     [
      39.46912603631857,
      24.51879711076934
     ],
     [
      39.46881088927913,
      24.51912999677911
     ],
     [
      39.46847734491423,
      24.51948018936425
     ],
     [
      39.46819959949808,
      24.51986407611864
     ],
     [
      39.468014629379,
      24.52013694879992
     ],
     [
      39.46776500660873,
      24.52057177534201
     ],
     [
      39.46759880969081,
      24.52092975608843
     ],
     [
      39.46739609284633,
      24.52144951310147
     ],
     [
      39.46723993306849,
      24.52198619514472
     ],
     [
      39.46715766984543,
      24.52237805440087
     ],
     [
      39.46703843701194,
      24.52286359405883
     ],
     [
      39.46697577404609,
      24.52351062182278
     ],
     [
      39.46682074253459,
      24.52435364724029
     ],
     [
      39.46668326618865,
      24.52489876034396
     ],
     [
      39.46648987355747,
      24.5254866747202
     ],
     [
      39.46621306085945,
      24.52607484662851
     ],
     [
      39.46595423507475,
      24.52653525753495
     ],
     [
      39.46576629304545,
      24.52694306666985
     ],
     [
      39.46569845798102,
      24.52701977259414
     ],
     [
      39.46566572023642,
      24.52705681234086
     ],
     [
      39.46428127923262,
      24.52862307124432
     ],
     [
      39.46229185828081,
      24.53087331922277
     ],
     [
      39.4611279630594,
      24.53218987586308
     ],
     [
      39.45885250638421,
      24.53476364708999
     ],
     [
      39.45835655987376,
      24.53532456379493
     ],
     [
      39.45757811949873,
      24.53620496614598
     ],
     [
      39.45617076411344,
      24.5377966893033
     ],
     [
      39.45435746262031,
      24.53984751800332
     ],
     [
      39.45273496955335,
      24.54168244231089
     ],
     [
      39.45272425374759,
      24.54169529915356
     ],
     [
      39.45258415724358,
      24.54186216946955
     ],
     [
      39.45231955706695,
      24.54219423727995
     ],
     [
      39.45231130042834,
      24.54220455790859
     ],
     [
      39.44736217138911,
      24.54841399919362
     ],
     [
      39.44689700808863,
      24.54899772695185
     ],
     [
      39.44477402904183,
      24.55166096866417
     ],
     [
      39.44460268068195,
      24.55187588080794
     ],
     [
      39.44424651864039,
      24.55240798024369
     ],
     [
      39.44202175901263,
      24.55573005662936
     ],
     [
      39.44060063801172,
      24.55785209247701
     ],
     [
      39.43927996640152,
      24.55982426134557
     ]
    ]
   }
  },
  {
   "type": "Feature",
   "id": "user-1784467162997-644",
   "properties": {
    "name": "طريق الملك سلمان",
    "category": "road",
    "icon": "fa-location-dot",
    "description": "",
    "ring": null
   },
   "geometry": {
    "type": "LineString",
    "coordinates": [
     [
      39.72176764336642,
      24.54059186254109
     ],
     [
      39.72199262891735,
      24.53979486818965
     ],
     [
      39.72225222922636,
      24.53893981786592
     ],
     [
      39.72246675603218,
      24.53809320136751
     ],
     [
      39.72264063175218,
      24.53747544869344
     ],
     [
      39.7227584644862,
      24.53703623981094
     ],
     [
      39.72290343291879,
      24.53635342023124
     ],
     [
      39.72303983334015,
      24.53569177451113
     ],
     [
      39.72314882412125,
      24.53482985820904
     ],
     [
      39.72322546413503,
      24.53368063443594
     ],
     [
      39.72338291774365,
      24.52935457531263
     ],
     [
      39.72362147371091,
      24.52295492467755
     ],
     [
      39.72374015359877,
      24.51977230467845
     ],
     [
      39.72386890197038,
      24.51631472537491
     ],
     [
      39.72404878038509,
      24.51054969741323
     ],
     [
      39.72468363789685,
      24.49024736466293
     ],
     [
      39.72485385252406,
      24.48547254849284
     ],
     [
      39.72509618715114,
      24.47704514906294
     ],
     [
      39.72513689794702,
      24.47574580913098
     ],
     [
      39.72551281684945,
      24.47003923592338
     ],
     [
      39.72628268955165,
      24.46436571665319
     ],
     [
      39.72779535856338,
      24.45551656552018
     ],
     [
      39.73053420033654,
      24.43949109259621
     ],
     [
      39.7307412850534,
      24.43827899748712
     ],
     [
      39.73096477920496,
      24.43697072983259
     ],
     [
      39.73115115192218,
      24.43588038539698
     ],
     [
      39.73132750055832,
      24.43484843119879
     ],
     [
      39.73149239384315,
      24.43388318299117
     ],
     [
      39.73164287698532,
      24.43300244675185
     ],
     [
      39.73179335716251,
      24.4321215296897
     ],
     [
      39.73195977527107,
      24.43114814522812
     ],
     [
      39.73212322806045,
      24.43019121180391
     ],
     [
      39.73230691388052,
      24.4291170443675
     ],
     [
      39.73249163492613,
      24.42803474344243
     ],
     [
      39.7326981200038,
      24.42682725341168
     ],
     [
      39.73286862481005,
      24.42582928263418
     ],
     [
      39.73300887444019,
      24.42500711682116
     ],
     [
      39.73322243440381,
      24.42372824427928
     ],
     [
      39.73334442291313,
      24.42285333340475
     ],
     [
      39.73345009027017,
      24.42190245793608
     ],
     [
      39.73351308724085,
      24.42116330212969
     ],
     [
      39.73355721930616,
      24.42047101980524
     ],
     [
      39.73360120253401,
      24.41912180134851
     ],
     [
      39.73359856200012,
      24.4181361379209
     ],
     [
      39.73356642400061,
      24.41714935294204
     ],
     [
      39.73350116649391,
      24.41611486240091
     ],
     [
      39.73339702714936,
      24.41502528846623
     ],
     [
      39.73325608243486,
      24.41393255097202
     ],
     [
      39.73308916538241,
      24.41290198401213
     ],
     [
      39.73281960509614,
      24.41155139236505
     ],
     [
      39.73255167260265,
      24.41043054860621
     ],
     [
      39.73234094283185,
      24.40965063046891
     ],
     [
      39.73208969938798,
      24.40880561140904
     ],
     [
      39.73187219404125,
      24.40813247526729
     ],
     [
      39.73164041318537,
      24.40746329116012
     ],
     [
      39.73149350965318,
      24.40706084294581
     ],
     [
      39.7311401264318,
      24.40615147036029
     ],
     [
      39.73076616589064,
      24.40526441310642
     ],
     [
      39.73041963657069,
      24.40449887432152
     ],
     [
      39.73020141317003,
      24.40404095499121
     ],
     [
      39.72999695511169,
      24.4036269514772
     ],
     [
      39.72971609031756,
      24.40307983287507
     ],
     [
      39.72939210216904,
      24.40247629497027
     ],
     [
      39.72905821010607,
      24.40188210621512
     ],
     [
      39.72877346469153,
      24.40139632699183
     ],
     [
      39.72844422377388,
      24.40085548946413
     ],
     [
      39.72820416669014,
      24.40047443811148
     ],
     [
      39.72810575400211,
      24.40032137868527
     ],
     [
      39.72777724993458,
      24.39982208010726
     ],
     [
      39.72717690329893,
      24.3989521759595
     ],
     [
      39.72647225529613,
      24.39794928638692
     ],
     [
      39.72578631032446,
      24.39697294601778
     ],
     [
      39.72510982115268,
      24.39601001364801
     ],
     [
      39.72436782174426,
      24.3949536459298
     ],
     [
      39.72375925915774,
      24.39408737864612
     ],
     [
      39.72298914667684,
      24.39299094832716
     ],
     [
      39.72237115907777,
      24.39211135348505
     ],
     [
      39.72184464195794,
      24.3913616423852
     ],
     [
      39.72145363723418,
      24.39080518704146
     ],
     [
      39.72118223047984,
      24.39041858286315
     ],
     [
      39.72114544608469,
      24.39036610520039
     ],
     [
      39.72086857518983,
      24.38997203039232
     ],
     [
      39.72052221451117,
      24.38947885035344
     ],
     [
      39.72009851471456,
      24.38887585455691
     ],
     [
      39.71965851378092,
      24.38824936305181
     ],
     [
      39.71916702251082,
      24.38754959932314
     ],
     [
      39.71864978915232,
      24.38681310800143
     ],
     [
      39.7182776009625,
      24.38628337749594
     ],
     [
      39.71765043302961,
      24.38539034821206
     ],
     [
      39.71701383061018,
      24.38448390398104
     ],
     [
      39.71653867182238,
      24.38380744479023
     ],
     [
      39.71607305995443,
      24.38314439557474
     ],
     [
      39.7157008929879,
      24.38261456767605
     ],
     [
      39.71511342387021,
      24.38177814659609
     ],
     [
      39.71462436796673,
      24.38108160641838
     ],
     [
      39.71431781638235,
      24.38064503031321
     ],
     [
      39.7140386456517,
      24.38030785022883
     ],
     [
      39.71361996865625,
      24.37986836896594
     ],
     [
      39.71315033476922,
      24.37899273026359
     ],
     [
      39.70488549740021,
      24.36743427862658
     ],
     [
      39.70278086851454,
      24.36427086646442
     ],
     [
      39.70189044166362,
      24.36311996471792
     ],
     [
      39.69592949478082,
      24.35441144043465
     ],
     [
      39.69064515949748,
      24.34739893441493
     ],
     [
      39.6872353353417,
      24.34393577879344
     ],
     [
      39.68403136685927,
      24.34097629151876
     ],
     [
      39.68216412717737,
      24.33951473823201
     ],
     [
      39.67681377956686,
      24.33532624131508
     ],
     [
      39.66838509837508,
      24.33071663097728
     ],
     [
      39.66295358515219,
      24.32835072064929
     ],
     [
      39.6588028831182,
      24.32706771560972
     ],
     [
      39.65473970020184,
      24.32586378552556
     ],
     [
      39.64563781295356,
      24.32341946619498
     ],
     [
      39.63755792884023,
      24.32059956122241
     ],
     [
      39.63430500398721,
      24.31909968170459
     ],
     [
      39.63157452968132,
      24.31778333745389
     ],
     [
      39.62843555009525,
      24.31585792071636
     ],
     [
      39.6252079187085,
      24.31356106312459
     ],
     [
      39.62189257517895,
      24.31107862395285
     ],
     [
      39.61426910343813,
      24.3037601148024
     ],
     [
      39.61180564242196,
      24.30156291804563
     ],
     [
      39.60860300312304,
      24.29870635563489
     ],
     [
      39.60720980440165,
      24.29746367353063
     ],
     [
      39.60446010225438,
      24.29501081752813
     ],
     [
      39.60229579727407,
      24.29378470164611
     ],
     [
      39.59903808948475,
      24.29210388213068
     ],
     [
      39.5967416439763,
      24.29091893855392
     ],
     [
      39.59106014310064,
      24.28865081466059
     ],
     [
      39.58673882705376,
      24.28763190374137
     ],
     [
      39.58315824349001,
      24.28704165011115
     ],
     [
      39.58085385614248,
      24.28674502522501
     ],
     [
      39.57678199039943,
      24.28642862084822
     ],
     [
      39.57450787096163,
      24.28643723473805
     ],
     [
      39.57021983567495,
      24.28631727735605
     ],
     [
      39.56906115788804,
      24.28633489691796
     ],
     [
      39.56335014195646,
      24.28622331855626
     ],
     [
      39.56318871930608,
      24.28621777531385
     ],
     [
      39.56277444462189,
      24.28620892355944
     ],
     [
      39.56088259621722,
      24.28618620326807
     ],
     [
      39.5585309676366,
      24.28613588727578
     ],
     [
      39.55580192087999,
      24.28607743236627
     ],
     [
      39.55322306353639,
      24.28602416203175
     ],
     [
      39.55144218938003,
      24.2859839405927
     ],
     [
      39.55046681301605,
      24.28596300075985
     ],
     [
      39.55044129047594,
      24.28596246098467
     ],
     [
      39.54975425033687,
      24.28594769731769
     ],
     [
      39.54822959699553,
      24.28591491059568
     ],
     [
      39.54723372463545,
      24.28589357234588
     ],
     [
      39.5454094031285,
      24.2858541591237
     ],
     [
      39.54467821782359,
      24.285838718059
     ],
     [
      39.54351955344043,
      24.28581378422944
     ],
     [
      39.5421220221954,
      24.28578373290476
     ],
     [
      39.54096493491534,
      24.28575877395665
     ],
     [
      39.53952719946862,
      24.28572793868427
     ],
     [
      39.53779225965545,
      24.28569055516828
     ],
     [
      39.53673795336854,
      24.28566781946159
     ],
     [
      39.5347852339971,
      24.28562529996501
     ],
     [
      39.53424778510932,
      24.28561409425589
     ],
     [
      39.53295559858275,
      24.28558629772208
     ],
     [
      39.53230916020671,
      24.28557230622357
     ],
     [
      39.5316795727847,
      24.28555870460755
     ],
     [
      39.53088206909876,
      24.28554144213285
     ],
     [
      39.52982865144941,
      24.28551874566755
     ],
     [
      39.52876380317998,
      24.28549581071352
     ],
     [
      39.52784903519971,
      24.28547614042427
     ],
     [
      39.52699920600275,
      24.28545768452956
     ],
     [
      39.52626634720424,
      24.28544188966142
     ],
     [
      39.52561350438135,
      24.28542771120241
     ],
     [
      39.52494411679472,
      24.28541566437459
     ],
     [
      39.52407720466847,
      24.28541215343498
     ],
     [
      39.52336109474857,
      24.28541985952631
     ],
     [
      39.52240611184812,
      24.28544491153345
     ],
     [
      39.52153365338373,
      24.28548277034145
     ],
     [
      39.5206962211255,
      24.28553224536028
     ],
     [
      39.52001939908703,
      24.2855819791572
     ],
     [
      39.51891386222532,
      24.28568167459871
     ],
     [
      39.51826825360903,
      24.28575071220054
     ],
     [
      39.51749898073174,
      24.28584319905454
     ],
     [
      39.51668130206952,
      24.28595400033007
     ],
     [
      39.51604279308741,
      24.28604937695296
     ],
     [
      39.51532130742327,
      24.28616670838003
     ],
     [
      39.51433332965755,
      24.28634400588913
     ],
     [
      39.51328458335111,
      24.28655329387296
     ],
     [
      39.51244423067835,
      24.28673712523096
     ],
     [
      39.51188310711278,
      24.28686780843357
     ],
     [
      39.51129227984618,
      24.28701222739533
     ],
     [
      39.5107162457003,
      24.28716020704552
     ],
     [
      39.5101741945916,
      24.28730563188616
     ],
     [
      39.50938561997494,
      24.28752837991027
     ],
     [
      39.50859798150829,
      24.28776421671937
     ],
     [
      39.50775558034164,
      24.28803139186413
     ],
     [
      39.5069557478947,
      24.28829977513024
     ],
     [
      39.50629815048684,
      24.28853128260726
     ],
     [
      39.50579899909794,
      24.28871357904302
     ],
     [
      39.5053788751878,
      24.28887167701754
     ],
     [
      39.5044511140352,
      24.28923530558712
     ],
     [
      39.50366262723077,
      24.28956089506466
     ],
     [
      39.50301446773695,
      24.28984013493804
     ],
     [
      39.50241031402528,
      24.29010983360336
     ],
     [
      39.5014864449429,
      24.29054062732417
     ],
     [
      39.50090844216674,
      24.29082179436575
     ],
     [
      39.50044976127383,
      24.29105135647751
     ],
     [
      39.49984339864607,
      24.29136377232334
     ],
     [
      39.49888082928308,
      24.29188129180663
     ],
     [
      39.49827476304035,
      24.29222115689953
     ],
     [
      39.49771022623185,
      24.29254796822214
     ],
     [
      39.49724963388925,
      24.2928211502215
     ],
     [
      39.4966651107941,
      24.29317909220959
     ],
     [
      39.49608023236307,
      24.29354787119294
     ],
     [
      39.49527218219636,
      24.29407561123452
     ],
     [
      39.49464809327743,
      24.29449960604069
     ],
     [
      39.49394376851026,
      24.29499502910124
     ],
     [
      39.49341510249467,
      24.2953793303697
     ],
     [
      39.492864368727,
      24.2957914287762
     ],
     [
      39.49252392863991,
      24.29605246556173
     ],
     [
      39.49206787210831,
      24.29640925101409
     ],
     [
      39.49155850577666,
      24.29681832060561
     ],
     [
      39.49111106210412,
      24.29718681658197
     ],
     [
      39.49060256229495,
      24.29761782727286
     ],
     [
      39.49013545311765,
      24.2980246783867
     ],
     [
      39.48982452427514,
      24.29830087757828
     ],
     [
      39.48906849318718,
      24.29899432988738
     ],
     [
      39.4885554670204,
      24.29948224818075
     ],
     [
      39.48813958865811,
      24.29988928972721
     ],
     [
      39.48771303986123,
      24.30031560195799
     ],
     [
      39.48728987563666,
      24.30075156608114
     ],
     [
      39.48697451540861,
      24.3010835897148
     ],
     [
      39.48655691906624,
      24.3015338040757
     ],
     [
      39.48614691983096,
      24.30198715408568
     ],
     [
      39.4850243170134,
      24.30329410943757
     ],
     [
      39.47049402933729,
      24.32324589144631
     ]
    ]
   }
  },
  {
   "type": "Feature",
   "id": "user-1784467162997-918",
   "properties": {
    "name": "طريق الأمير محمد بن سلمان",
    "category": "road",
    "icon": "fa-location-dot",
    "description": "",
    "ring": null
   },
   "geometry": {
    "type": "LineString",
    "coordinates": [
     [
      39.62306878305908,
      24.478770513576
     ],
     [
      39.62347834908856,
      24.47881750303795
     ],
     [
      39.62445353743258,
      24.47889927353933
     ],
     [
      39.62449036039503,
      24.47890219200317
     ],
     [
      39.62496431078256,
      24.4789378026998
     ],
     [
      39.62530726106417,
      24.47896356808119
     ],
     [
      39.62554392363664,
      24.47898796652072
     ],
     [
      39.62577867654597,
      24.4790252873478
     ],
     [
      39.62590522432892,
      24.47905267005149
     ],
     [
      39.62601053261048,
      24.47907544434677
     ],
     [
      39.62621439261096,
      24.47913158741507
     ],
     [
      39.62623870155922,
      24.47913826017812
     ],
     [
      39.62646219575525,
      24.4792135583252
     ],
     [
      39.62650629586159,
      24.47923125755506
     ],
     [
      39.62668042183127,
      24.4793010703279
     ],
     [
      39.62689268683805,
      24.47940034751498
     ],
     [
      39.62709780530881,
      24.47951112389015
     ],
     [
      39.62721777584156,
      24.47958513460559
     ],
     [
      39.62729547900068,
      24.47963294915169
     ],
     [
      39.62748471979118,
      24.47976555649102
     ],
     [
      39.62762021942489,
      24.47986659645998
     ],
     [
      39.62867601559149,
      24.48065805006589
     ],
     [
      39.6288465376232,
      24.48079633297013
     ],
     [
      39.62895492427573,
      24.48088213124034
     ],
     [
      39.62914300388888,
      24.48103849372718
     ],
     [
      39.62932951762868,
      24.48119739127219
     ],
     [
      39.62948919233976,
      24.481336982995
     ],
     [
      39.62964036094519,
      24.48147263619629
     ],
     [
      39.62976775753001,
      24.4815905965674
     ],
     [
      39.62990369095733,
      24.48171854603533
     ],
     [
      39.63006908766211,
      24.48187735004326
     ],
     [
      39.63018800913279,
      24.48199751291323
     ],
     [
      39.6303083128397,
      24.48211776023047
     ],
     [
      39.63044153645873,
      24.4822561968652
     ],
     [
      39.63057834806838,
      24.48240166285473
     ],
     [
      39.63071865037163,
      24.48255442953518
     ],
     [
      39.63086978604873,
      24.48272250413657
     ],
     [
      39.63100118458268,
      24.48287070172991
     ],
     [
      39.63115351783368,
      24.48304129980478
     ],
     [
      39.63124968742007,
      24.48315017733943
     ],
     [
      39.63137524061935,
      24.48329361239398
     ],
     [
      39.6315271666291,
      24.48346150236281
     ],
     [
      39.63159197824893,
      24.48353555942377
     ],
     [
      39.63167902321823,
      24.48363517252389
     ],
     [
      39.63182015107814,
      24.48379461786081
     ],
     [
      39.63197288084211,
      24.48396512308107
     ],
     [
      39.63208305026046,
      24.48409073979078
     ],
     [
      39.63219460012715,
      24.48421607969672
     ],
     [
      39.63237761479264,
      24.4844234862673
     ],
     [
      39.63247516807892,
      24.48453235717542
     ],
     [
      39.63264001820689,
      24.4847186157884
     ],
     [
      39.63274978879007,
      24.48484314988665
     ],
     [
      39.63292486167651,
      24.48504083515844
     ],
     [
      39.63310082147198,
      24.48523815524218
     ],
     [
      39.63312910857308,
      24.48527036890754
     ],
     [
      39.6332569439288,
      24.48541541836693
     ],
     [
      39.633414642628,
      24.48559204251508
     ],
     [
      39.63356312194104,
      24.48576030600446
     ],
     [
      39.6337287607006,
      24.48594574721854
     ],
     [
      39.63389490378616,
      24.48613326333174
     ],
     [
      39.6339443290687,
      24.48618886962353
     ],
     [
      39.63407761802225,
      24.48633868206536
     ],
     [
      39.63430212565313,
      24.48659296526725
     ],
     [
      39.63444910982449,
      24.48675780219322
     ],
     [
      39.63456751636303,
      24.48689160089009
     ],
     [
      39.63474933781946,
      24.48709566780444
     ],
     [
      39.63487865810329,
      24.48724089018332
     ],
     [
      39.63504798118085,
      24.4874320944255
     ],
     [
      39.63523169920619,
      24.4876401265364
     ],
     [
      39.63540330405066,
      24.48783348827869
     ],
     [
      39.63555912646921,
      24.48800867291306
     ],
     [
      39.63581082254657,
      24.48829110741035
     ],
     [
      39.63602997623271,
      24.48853908846558
     ],
     [
      39.63603692388443,
      24.488546916475
     ],
     [
      39.63620148847471,
      24.48873317213583
     ],
     [
      39.63632328184038,
      24.4888724642129
     ],
     [
      39.6364295778861,
      24.4889915009731
     ],
     [
      39.63650183093398,
      24.48907229792952
     ],
     [
      39.63653597282099,
      24.48911053723661
     ],
     [
      39.63664217012595,
      24.4892294839397
     ],
     [
      39.63678360979043,
      24.48938955519927
     ],
     [
      39.63692455864593,
      24.48955007995392
     ],
     [
      39.63706926485289,
      24.48971194341983
     ],
     [
      39.63721279171661,
      24.48987471484712
     ],
     [
      39.63735460028139,
      24.4900293651761
     ],
     [
      39.63749749067659,
      24.49018319797646
     ],
     [
      39.63764087213444,
      24.49033648667944
     ],
     [
      39.63778265032085,
      24.49048490508637
     ],
     [
      39.63792649084042,
      24.49063123743361
     ],
     [
      39.63807121534251,
      24.49077666276739
     ],
     [
      39.63824449950022,
      24.49094906126962
     ],
     [
      39.6383496191707,
      24.49104940669615
     ],
     [
      39.63848696955896,
      24.49118059326722
     ],
     [
      39.63861758150387,
      24.4913062990863
     ],
     [
      39.63875133992808,
      24.49142964333146
     ],
     [
      39.63893326820585,
      24.4915936052985
     ],
     [
      39.63904866368788,
      24.49169607425849
     ],
     [
      39.63921956599066,
      24.49184581301155
     ],
     [
      39.63926109844419,
      24.4918814916085
     ],
     [
      39.63938688570886,
      24.49198960604973
     ],
     [
      39.63955736116239,
      24.49213284364961
     ],
     [
      39.63979034789159,
      24.4923226888498
     ],
     [
      39.64002431445628,
      24.4925109941955
     ],
     [
      39.6402314121162,
      24.49267484785276
     ],
     [
      39.64053508673538,
      24.49290792317822
     ],
     [
      39.64082762941931,
      24.49312533059149
     ],
     [
      39.64106635979899,
      24.49329880265854
     ],
     [
      39.64140632228495,
      24.49354454660242
     ],
     [
      39.64164228033494,
      24.49371595229296
     ],
     [
      39.64170914469581,
      24.49376443735152
     ],
     [
      39.64197214317619,
      24.49395478370278
     ],
     [
      39.64224871095192,
      24.49415446444945
     ],
     [
      39.64238858066198,
      24.49425556226533
     ],
     [
      39.64266416190576,
      24.49445506579172
     ],
     [
      39.64285147990307,
      24.49459018995311
     ],
     [
      39.64303880059485,
      24.49472576542795
     ],
     [
      39.6431960134962,
      24.49484069685529
     ],
     [
      39.64335233752936,
      24.4949554512729
     ],
     [
      39.64349967299563,
      24.49506870850077
     ],
     [
      39.64362669625786,
      24.49516624733779
     ],
     [
      39.64375047204675,
      24.49526560617231
     ],
     [
      39.64392528506318,
      24.49540602042482
     ],
     [
      39.64423126295363,
      24.49566237900557
     ],
     [
      39.64450309022445,
      24.49589874285088
     ],
     [
      39.64480959558509,
      24.49618065659274
     ],
     [
      39.64506584572395,
      24.49641988559877
     ],
     [
      39.64532170712754,
      24.496660109253
     ],
     [
      39.64564718848606,
      24.4969657827918
     ],
     [
      39.64597276919092,
      24.49727127453945
     ],
     [
      39.6460094628383,
      24.49730570751021
     ],
     [
      39.64623299737512,
      24.49751554197782
     ],
     [
      39.64649322656548,
      24.497759808939
     ],
     [
      39.64672757496508,
      24.49798025328922
     ],
     [
      39.6469617267923,
      24.49820069809813
     ],
     [
      39.64721204073273,
      24.49843552335385
     ],
     [
      39.64746235421607,
      24.49867007723452
     ],
     [
      39.64766953154305,
      24.49886489730247
     ],
     [
      39.64797737123589,
      24.49915402359717
     ],
     [
      39.64822342465075,
      24.49938489159069
     ],
     [
      39.64890267854942,
      24.5000220230164
     ],
     [
      39.64925812185258,
      24.50035447288474
     ],
     [
      39.64954087876617,
      24.50062040289252
     ],
     [
      39.64965919783236,
      24.50073152082616
     ],
     [
      39.64981688972026,
      24.50087940726738
     ],
     [
      39.65000969122021,
      24.50106028729026
     ],
     [
      39.65023055981296,
      24.5012673272884
     ],
     [
      39.65072437256312,
      24.50173112495629
     ],
     [
      39.651062872289,
      24.50204892233905
     ],
     [
      39.65125875375063,
      24.50223303866839
     ],
     [
      39.65156829797855,
      24.50252413677624
     ],
     [
      39.65169981315636,
      24.50264793021293
     ],
     [
      39.65190928525378,
      24.50284499206568
     ],
     [
      39.65230079207579,
      24.50321990641118
     ],
     [
      39.65274667397248,
      24.50366900253204
     ],
     [
      39.65310592136041,
      24.50404604103022
     ],
     [
      39.65367153343811,
      24.50466666253693
     ],
     [
      39.65383813545655,
      24.50485604994366
     ],
     [
      39.65392006396232,
      24.50495251062196
     ],
     [
      39.65411957212054,
      24.50518727290764
     ],
     [
      39.65456908706523,
      24.50572539616984
     ],
     [
      39.65505579575597,
      24.5062974949042
     ],
     [
      39.65557937865523,
      24.50684179605064
     ],
     [
      39.65626672414087,
      24.50746359440742
     ],
     [
      39.65701171907543,
      24.50810419458812
     ],
     [
      39.65704037325665,
      24.50812890592234
     ],
     [
      39.65752957210088,
      24.50854962087031
     ],
     [
      39.65793994021477,
      24.50890059496643
     ],
     [
      39.65810065772406,
      24.50903807309239
     ],
     [
      39.65866382462803,
      24.50952140976844
     ],
     [
      39.65933051739128,
      24.51009523712754
     ],
     [
      39.65992243921685,
      24.51060165367777
     ],
     [
      39.66057307291528,
      24.51116019230365
     ],
     [
      39.66102560702686,
      24.51154908507542
     ],
     [
      39.66130730194757,
      24.51179115388373
     ],
     [
      39.66195377668058,
      24.51234482759456
     ],
     [
      39.6627054484506,
      24.51300532813841
     ],
     [
      39.66272796469025,
      24.5130261818401
     ],
     [
      39.66320624294482,
      24.51346534924386
     ],
     [
      39.6637120855597,
      24.51394611833751
     ],
     [
      39.66416656657429,
      24.51438240685975
     ],
     [
      39.66457976646156,
      24.5147766996668
     ],
     [
      39.66505807603518,
      24.51523807767833
     ],
     [
      39.66561776415475,
      24.51576276566161
     ],
     [
      39.66610980762969,
      24.51620646859534
     ],
     [
      39.66665231630492,
      24.51667270571942
     ],
     [
      39.66716548741239,
      24.5170969847829
     ],
     [
      39.66759772579731,
      24.5174480152386
     ],
     [
      39.66806823102389,
      24.51782958130497
     ],
     [
      39.66942592918357,
      24.5189302558548
     ],
     [
      39.67017126098725,
      24.51953457098004
     ],
     [
      39.67064089235436,
      24.51991595191097
     ],
     [
      39.67122305262016,
      24.52038867871622
     ],
     [
      39.67169645531469,
      24.52077265849954
     ],
     [
      39.67222756247961,
      24.52120352283295
     ],
     [
      39.67234246984048,
      24.52129684564371
     ],
     [
      39.67281023151887,
      24.52167687315276
     ],
     [
      39.6734862983218,
      24.52222584743706
     ],
     [
      39.67400870243209,
      24.5226514156159
     ],
     [
      39.67478076431708,
      24.52328033314873
     ],
     [
      39.67521006464933,
      24.52362783174093
     ],
     [
      39.67564911882626,
      24.52397131162533
     ],
     [
      39.67602016454942,
      24.52424203209525
     ],
     [
      39.67643712206653,
      24.52453241452876
     ],
     [
      39.67689561161753,
      24.52483561443482
     ],
     [
      39.67733636001829,
      24.5251068316164
     ],
     [
      39.67775714046896,
      24.5253542946788
     ],
     [
      39.67818497431249,
      24.52559133889117
     ],
     [
      39.67860879412212,
      24.52581593679116
     ],
     [
      39.67904944343371,
      24.52603070397465
     ],
     [
      39.67941957639175,
      24.52620270838821
     ],
     [
      39.67948756604869,
      24.52623428247618
     ],
     [
      39.67995823440128,
      24.52645008579655
     ],
     [
      39.68022978676619,
      24.52657403467513
     ],
     [
      39.68082544071252,
      24.52684562658448
     ],
     [
      39.68142367453972,
      24.52711919130768
     ],
     [
      39.68204665167769,
      24.52740402110206
     ],
     [
      39.68261954678635,
      24.52766432929362
     ],
     [
      39.68271207412407,
      24.52770581553736
     ],
     [
      39.68406258694166,
      24.52831183496238
     ],
     [
      39.68430769796785,
      24.52841900781645
     ],
     [
      39.68447489212178,
      24.52848480950781
     ],
     [
      39.68485527253797,
      24.52863236944476
     ],
     [
      39.68534995309371,
      24.52884913029303
     ],
     [
      39.6858269326129,
      24.52909640521434
     ],
     [
      39.68623480799481,
      24.52934345108847
     ],
     [
      39.68750312960147,
      24.53042259772871
     ],
     [
      39.68925942792896,
      24.53220114009773
     ],
     [
      39.6912986498423,
      24.53441737189228
     ],
     [
      39.69174170077672,
      24.53489887205401
     ],
     [
      39.69241182946812,
      24.53557927966274
     ],
     [
      39.6930019316981,
      24.53621182514923
     ],
     [
      39.69377595067044,
      24.53703877708767
     ],
     [
      39.69393403821024,
      24.53720503691619
     ],
     [
      39.69530816652107,
      24.53866456381559
     ],
     [
      39.69640092352729,
      24.53983339806153
     ],
     [
      39.69707289087993,
      24.5405513449363
     ],
     [
      39.69783772722533,
      24.54136847305078
     ],
     [
      39.69812757154419,
      24.54166678677931
     ],
     [
      39.69843132319613,
      24.54208722766306
     ],
     [
      39.69875479522496,
      24.5426274205304
     ],
     [
      39.69901833332695,
      24.54391486097078
     ],
     [
      39.69875347046831,
      24.54493742686719
     ]
    ]
   }
  },
  {
   "type": "Feature",
   "id": "user-1784467162997-939",
   "properties": {
    "name": "طريق السلام",
    "category": "road",
    "icon": "fa-location-dot",
    "description": "",
    "ring": null
   },
   "geometry": {
    "type": "LineString",
    "coordinates": [
     [
      39.60222699965361,
      24.4672931232958
     ],
     [
      39.60170831621282,
      24.46709478231116
     ],
     [
      39.600294250727,
      24.46707927187539
     ],
     [
      39.60019518392441,
      24.46707957500594
     ],
     [
      39.59994376759889,
      24.46708039258829
     ],
     [
      39.59924724192227,
      24.4670827042834
     ],
     [
      39.59889971972541,
      24.4670839914634
     ],
     [
      39.5984320153431,
      24.4670857537552
     ],
     [
      39.59831972691818,
      24.46708619832112
     ],
     [
      39.59797329004243,
      24.46708747907437
     ],
     [
      39.5977066773013,
      24.46708817243062
     ],
     [
      39.59709629046794,
      24.4670898625913
     ],
     [
      39.59692242998479,
      24.4670903687296
     ],
     [
      39.59656888651551,
      24.46709122276061
     ],
     [
      39.5962447476353,
      24.46709205027918
     ],
     [
      39.59611815090253,
      24.46709236902738
     ],
     [
      39.59575069465831,
      24.46709327601853
     ],
     [
      39.5952950253854,
      24.46709443927765
     ],
     [
      39.59499101547242,
      24.4670951848228
     ],
     [
      39.59490961081666,
      24.46709541495624
     ],
     [
      39.59414045986248,
      24.46709753739584
     ],
     [
      39.59384631791125,
      24.46709842247414
     ],
     [
      39.59377606315287,
      24.46709860818674
     ],
     [
      39.59313153793908,
      24.46710095833528
     ],
     [
      39.59291692627525,
      24.46710171010003
     ],
     [
      39.59204881137262,
      24.46710511324167
     ],
     [
      39.59158998637937,
      24.4671067292625
     ],
     [
      39.59080870164699,
      24.4671096047534
     ],
     [
      39.5904355233152,
      24.4671107921319
     ],
     [
      39.58982188069727,
      24.4671127365745
     ],
     [
      39.58967387242294,
      24.46711322379674
     ],
     [
      39.5891807089605,
      24.46711487615907
     ],
     [
      39.58874181542671,
      24.46711640583308
     ],
     [
      39.58872454784014,
      24.46711647309622
     ],
     [
      39.58780719487976,
      24.46712004366258
     ],
     [
      39.58764399064581,
      24.46712049768233
     ],
     [
      39.58709004421647,
      24.46712219891441
     ],
     [
      39.58654320210822,
      24.46712387054545
     ],
     [
      39.58640022516984,
      24.4671241544074
     ],
     [
      39.5862961254033,
      24.46712437764032
     ],
     [
      39.58565958745242,
      24.46712576179761
     ],
     [
      39.58540718367306,
      24.46712655902419
     ],
     [
      39.58488708191636,
      24.4671282114004
     ],
     [
      39.58447591317104,
      24.46712926013483
     ],
     [
      39.58416529201114,
      24.46713009978432
     ],
     [
      39.58370853506954,
      24.46713096137089
     ],
     [
      39.58346441798017,
      24.46713136209169
     ],
     [
      39.58325296132315,
      24.46713163638244
     ],
     [
      39.58281889970886,
      24.46713258832391
     ],
     [
      39.58267602508592,
      24.46713368109625
     ],
     [
      39.58244819507055,
      24.46713537209751
     ],
     [
      39.5820486748333,
      24.46713754342278
     ],
     [
      39.58187136031205,
      24.46713804554845
     ],
     [
      39.58159586707924,
      24.4671389253011
     ],
     [
      39.58139990144754,
      24.4671390470728
     ],
     [
      39.58124301160929,
      24.46713937957552
     ],
     [
      39.58107803231422,
      24.46714010427413
     ],
     [
      39.58081940740801,
      24.46713992429998
     ],
     [
      39.58055980198345,
      24.46714110236374
     ],
     [
      39.58024740821617,
      24.46714275359837
     ],
     [
      39.57995641882587,
      24.46714269639743
     ],
     [
      39.57975522558569,
      24.46714328766753
     ],
     [
      39.57961313775598,
      24.4671438326408
     ],
     [
      39.57946976759798,
      24.46714447271129
     ],
     [
      39.57924124133675,
      24.46714498746226
     ],
     [
      39.5789965278828,
      24.46714448010884
     ],
     [
      39.57876060491007,
      24.46714583529763
     ],
     [
      39.57864318384535,
      24.46714601395628
     ],
     [
      39.57852615787945,
      24.46714628132562
     ],
     [
      39.5784157437688,
      24.46714670392902
     ],
     [
      39.57830523057099,
      24.4671470365166
     ],
     [
      39.57812860332991,
      24.4671468091069
     ],
     [
      39.57809229157222,
      24.46714685768707
     ],
     [
      39.57745683309958,
      24.46714711939491
     ],
     [
      39.57684684021077,
      24.46714908752474
     ],
     [
      39.57635062119246,
      24.46715170314073
     ],
     [
      39.57577507543468,
      24.46715588375231
     ],
     [
      39.57533794369666,
      24.46715447773126
     ],
     [
      39.57508593779268,
      24.46715606903491
     ],
     [
      39.57483354128454,
      24.46715856454736
     ],
     [
      39.57457730965603,
      24.4671639642771
     ],
     [
      39.57431695793266,
      24.46717470777493
     ],
     [
      39.57405801418216,
      24.46719131590922
     ],
     [
      39.5737740513926,
      24.46721768221914
     ],
     [
      39.5734658703115,
      24.46725633232812
     ],
     [
      39.57315960754815,
      24.46730463817173
     ],
     [
      39.57300707996107,
      24.46733140768895
     ],
     [
      39.57258247952625,
      24.46741737049045
     ],
     [
      39.57211621632913,
      24.4675203786086
     ],
     [
      39.57166158021715,
      24.46761990937381
     ],
     [
      39.57116001549064,
      24.46772855725913
     ],
     [
      39.57071917979793,
      24.4678253236228
     ],
     [
      39.57027124994105,
      24.46792455396545
     ],
     [
      39.56965741245337,
      24.46805990197324
     ],
     [
      39.56961768583788,
      24.46806863157244
     ],
     [
      39.56910941741248,
      24.46817946550771
     ],
     [
      39.56858389931634,
      24.46829460741764
     ],
     [
      39.56776698709175,
      24.46847442382188
     ],
     [
      39.56663008989815,
      24.46872506828836
     ],
     [
      39.56596320593746,
      24.4688713476796
     ],
     [
      39.56529967125251,
      24.46901670847514
     ],
     [
      39.56470020576975,
      24.46914674448484
     ],
     [
      39.564240632684,
      24.4692482584358
     ],
     [
      39.56376656902285,
      24.46935325700257
     ],
     [
      39.56336141310058,
      24.46944345661622
     ],
     [
      39.56302900106229,
      24.4695160437885
     ],
     [
      39.56262008961297,
      24.46960517164573
     ],
     [
      39.56260017666545,
      24.46960958086973
     ],
     [
      39.56225071230475,
      24.46968656491356
     ],
     [
      39.56159465599607,
      24.46982917229118
     ],
     [
      39.56110223952459,
      24.46993540484121
     ],
     [
      39.56060717757396,
      24.47004607101843
     ],
     [
      39.56019727622638,
      24.47013528634855
     ],
     [
      39.56010540004443,
      24.47015567670083
     ],
     [
      39.55959495578795,
      24.47026928665601
     ],
     [
      39.55919491446092,
      24.47035710805708
     ],
     [
      39.55853599656094,
      24.47050133849016
     ],
     [
      39.55802584542074,
      24.47061494209619
     ],
     [
      39.55747417728646,
      24.47073465790426
     ],
     [
      39.55690181007498,
      24.47085986685994
     ],
     [
      39.55619585026712,
      24.47101148566075
     ],
     [
      39.55617368358865,
      24.47101960523185
     ],
     [
      39.55562369840587,
      24.47114138536675
     ],
     [
      39.55520087667632,
      24.47123370542726
     ],
     [
      39.55477579109579,
      24.47132747765495
     ],
     [
      39.55428977893072,
      24.47143420652376
     ],
     [
      39.55380100298751,
      24.47154094396784
     ],
     [
      39.5533295765956,
      24.4716438231061
     ],
     [
      39.55310145484773,
      24.47169378931005
     ],
     [
      39.55285854569031,
      24.47174706059409
     ],
     [
      39.5525122270844,
      24.47182410106753
     ],
     [
      39.55236277580746,
      24.47185716063937
     ],
     [
      39.55185901264002,
      24.47196737857381
     ],
     [
      39.55146871772397,
      24.47205252493809
     ],
     [
      39.55124877672884,
      24.47210065221827
     ],
     [
      39.55100803526203,
      24.47215355138095
     ],
     [
      39.55039001852914,
      24.47229064316
     ],
     [
      39.55008775466894,
      24.4723558670763
     ],
     [
      39.54956032691824,
      24.47247122115137
     ],
     [
      39.54916559968891,
      24.47255899684493
     ],
     [
      39.54903872284696,
      24.47258718443983
     ],
     [
      39.54871906257381,
      24.47266881577147
     ],
     [
      39.54840609735893,
      24.47276983976025
     ],
     [
      39.54810140434605,
      24.47288988947017
     ],
     [
      39.54780596824156,
      24.47302850980948
     ],
     [
      39.5471380985858,
      24.47336825430617
     ],
     [
      39.54672177205916,
      24.47359681193426
     ],
     [
      39.54632262170437,
      24.47384996220159
     ],
     [
      39.54594241815037,
      24.47412643444273
     ],
     [
      39.54558303231321,
      24.47442531889879
     ],
     [
      39.54524544354998,
      24.47474489620594
     ],
     [
      39.53906057858788,
      24.48100330823334
     ],
     [
      39.53842738005262,
      24.48164445128118
     ],
     [
      39.53775108647435,
      24.4822479033295
     ],
     [
      39.53703494484044,
      24.48281139440227
     ],
     [
      39.53683067095036,
      24.48295264985923
     ],
     [
      39.53629223684941,
      24.4833252131339
     ],
     [
      39.53628141284038,
      24.48333265735131
     ],
     [
      39.53549373820287,
      24.48380951256
     ],
     [
      39.53467487430207,
      24.48424014275221
     ],
     [
      39.53382807111105,
      24.48462281995904
     ],
     [
      39.52553881976254,
      24.48741397755368
     ],
     [
      39.52363527062283,
      24.48805486808359
     ],
     [
      39.52261705739949,
      24.48836040662971
     ],
     [
      39.5221845848409,
      24.48847786635843
     ],
     [
      39.52174540461849,
      24.48857240811748
     ],
     [
      39.52130119430879,
      24.48864393574161
     ],
     [
      39.52085313693515,
      24.48869208384594
     ],
     [
      39.51962276704062,
      24.48879169393993
     ],
     [
      39.51456669727033,
      24.48920151130242
     ],
     [
      39.50774141846636,
      24.48975421550572
     ],
     [
      39.50402813598938,
      24.49005493764282
     ],
     [
      39.49528634936888,
      24.49076212195429
     ],
     [
      39.4946306422263,
      24.49081520840135
     ],
     [
      39.48887941348227,
      24.49128018017871
     ],
     [
      39.4885205766903,
      24.49130915828879
     ],
     [
      39.48359077198944,
      24.49170759789517
     ],
     [
      39.48282999593665,
      24.49174814489582
     ],
     [
      39.48125249357409,
      24.49183211516305
     ],
     [
      39.48103649596037,
      24.49184364108778
     ],
     [
      39.4784779326658,
      24.49183939558591
     ],
     [
      39.47592417138711,
      24.49169510337014
     ],
     [
      39.47501827281553,
      24.49159382217471
     ],
     [
      39.47338440072126,
      24.49141118734841
     ],
     [
      39.47086790980537,
      24.4909886126166
     ],
     [
      39.46838359469972,
      24.49042888798831
     ],
     [
      39.46594025498503,
      24.48973424566313
     ],
     [
      39.4657954039299,
      24.4896887220678
     ],
     [
      39.45640706544637,
      24.48673382139372
     ],
     [
      39.45448190538151,
      24.48612765010148
     ],
     [
      39.44092301057426,
      24.48185861971348
     ],
     [
      39.44024584749621,
      24.48166731961184
     ],
     [
      39.43955668678517,
      24.48151597076708
     ],
     [
      39.43885839252167,
      24.48140537754317
     ],
     [
      39.43815372849159,
      24.48133589306862
     ],
     [
      39.43744565520041,
      24.48130768932159
     ],
     [
      39.43673713376359,
      24.48132111896394
     ],
     [
      39.43603092573938,
      24.48137590308024
     ],
     [
      39.43533008937922,
      24.48147194258175
     ],
     [
      39.43463728697279,
      24.48160877831251
     ],
     [
      39.43395547690391,
      24.48178595031281
     ],
     [
      39.43328761605709,
      24.48200254710019
     ],
     [
      39.43263607019168,
      24.48225792987911
     ],
     [
      39.43200369640241,
      24.48255082627557
     ],
     [
      39.43139325379884,
      24.48288014486619
     ],
     [
      39.43080690884128,
      24.48324461532129
     ],
     [
      39.43024732028626,
      24.48364260466874
     ],
     [
      39.42971655517612,
      24.48407257195996
     ],
     [
      39.42921707417698,
      24.4845326138782
     ],
     [
      39.42875074654732,
      24.48502100942929
     ],
     [
      39.42831953911001,
      24.48553567608162
     ],
     [
      39.42792522141372,
      24.48607453186052
     ],
     [
      39.42756916834706,
      24.48663549589997
     ],
     [
      39.42725314812175,
      24.48721603462824
     ],
     [
      39.42697833751106,
      24.48781379675984
     ],
     [
      39.42537608161985,
      24.49130611873547
     ],
     [
      39.42353771935349,
      24.49469964820675
     ],
     [
      39.4214704945601,
      24.49798089962753
     ],
     [
      39.41918234747608,
      24.50113719767537
     ],
     [
      39.41668240663992,
      24.5041561341623
     ],
     [
      39.41398049561278,
      24.50702556960307
     ],
     [
      39.41108723448135,
      24.5097344459646
     ],
     [
      39.40801403725876,
      24.51227197404086
     ],
     [
      39.40427447658419,
      24.51501678401066
     ]
    ]
   }
  },
  {
   "type": "Feature",
   "id": "user-1784467162997-374",
   "properties": {
    "name": "طريق الملك عبد العزيز",
    "category": "road",
    "icon": "fa-location-dot",
    "description": "",
    "ring": null
   },
   "geometry": {
    "type": "LineString",
    "coordinates": [
     [
      39.74897184305424,
      24.47894183589337
     ],
     [
      39.72509628582809,
      24.47704514858938
     ],
     [
      39.7182224098086,
      24.47649835492605
     ],
     [
      39.70847130246342,
      24.47572227632331
     ],
     [
      39.70399669373167,
      24.47538275287691
     ],
     [
      39.70218383597582,
      24.47523476680616
     ],
     [
      39.69793667137719,
      24.47488804544419
     ],
     [
      39.69691163296854,
      24.47480436039868
     ],
     [
      39.69525182918704,
      24.47467238303
     ],
     [
      39.6940077482424,
      24.47457433273414
     ],
     [
      39.69363506186959,
      24.47454217669128
     ],
     [
      39.69318112503318,
      24.47450298682847
     ],
     [
      39.69208552168645,
      24.47441643167065
     ],
     [
      39.6909595191723,
      24.47432847223224
     ],
     [
      39.69026205115385,
      24.47427205346338
     ],
     [
      39.68911530783764,
      24.47418029152215
     ],
     [
      39.68885804104234,
      24.47415969916382
     ],
     [
      39.68832109753415,
      24.47411662832878
     ],
     [
      39.68754396269359,
      24.47405360575456
     ],
     [
      39.68634648405406,
      24.473958441049
     ],
     [
      39.68539561627433,
      24.47388400416303
     ],
     [
      39.68404136156546,
      24.47377426926649
     ],
     [
      39.6833720388509,
      24.47372094243153
     ],
     [
      39.68237258793562,
      24.47363966174662
     ],
     [
      39.68131500290264,
      24.47355574653808
     ],
     [
      39.68111164020554,
      24.47353959416618
     ],
     [
      39.68016383187138,
      24.47346420731819
     ],
     [
      39.67934278583996,
      24.47339989504892
     ],
     [
      39.67818923696619,
      24.47330609359521
     ],
     [
      39.67713698277129,
      24.47322167354854
     ],
     [
      39.67696215014418,
      24.47320764554939
     ],
     [
      39.67541947060681,
      24.47308612360137
     ],
     [
      39.67520988787503,
      24.47306908792896
     ],
     [
      39.67375653169589,
      24.47295085262453
     ],
     [
      39.67237388083095,
      24.47284204252049
     ],
     [
      39.67190229703235,
      24.47280377014417
     ],
     [
      39.67111816699217,
      24.47274006169614
     ],
     [
      39.66928408972991,
      24.4725971021686
     ],
     [
      39.66839511416459,
      24.47252336754176
     ],
     [
      39.66760171556226,
      24.47246040428307
     ],
     [
      39.66666340107966,
      24.47238624520743
     ],
     [
      39.66579921918451,
      24.47231690153108
     ],
     [
      39.66498854340086,
      24.47225183310778
     ],
     [
      39.66458814187433,
      24.4722197271159
     ],
     [
      39.66345287984128,
      24.47212826110696
     ],
     [
      39.66156755809057,
      24.4719763109287
     ],
     [
      39.65942884936148,
      24.47180738041205
     ],
     [
      39.6591558951414,
      24.471785541372
     ],
     [
      39.65897770962929,
      24.47177123617614
     ],
     [
      39.65852557868072,
      24.47173419177474
     ],
     [
      39.65813524805458,
      24.4717026569308
     ],
     [
      39.65780829786046,
      24.4716768961868
     ],
     [
      39.65726909422402,
      24.47163200850138
     ],
     [
      39.65710937099567,
      24.47161951737343
     ],
     [
      39.65678192826746,
      24.47159384685613
     ],
     [
      39.6562005811132,
      24.47154715160933
     ],
     [
      39.6556260493922,
      24.47150168893655
     ],
     [
      39.65512210316601,
      24.47146233033576
     ],
     [
      39.65459543462801,
      24.47141773998701
     ],
     [
      39.65420254531289,
      24.47138719947998
     ],
     [
      39.65384903595354,
      24.47135820351971
     ],
     [
      39.65356018990587,
      24.47133506839534
     ],
     [
      39.65355910402566,
      24.47133498277821
     ],
     [
      39.65327085477469,
      24.47131274765189
     ],
     [
      39.65290055909727,
      24.47128147388166
     ],
     [
      39.65242415510535,
      24.47124406446274
     ],
     [
      39.65232593264279,
      24.47123636028148
     ],
     [
      39.65204972478526,
      24.47121461271917
     ],
     [
      39.65203817481836,
      24.47121366910739
     ],
     [
      39.65183007576677,
      24.47119623323772
     ],
     [
      39.65154942447976,
      24.47117387173001
     ],
     [
      39.65126887241752,
      24.47115159958508
     ],
     [
      39.65100914666862,
      24.47113041127497
     ],
     [
      39.65093856372539,
      24.47112466432575
     ],
     [
      39.65074942099562,
      24.47110922251657
     ],
     [
      39.65032079343115,
      24.4710749422975
     ],
     [
      39.64992464135295,
      24.47104277902901
     ],
     [
      39.64943342995726,
      24.47100388850292
     ],
     [
      39.64918959770748,
      24.47098389313979
     ],
     [
      39.64906422640409,
      24.47097359405328
     ],
     [
      39.64873836578916,
      24.47094798956512
     ],
     [
      39.64841289674571,
      24.47092175049749
     ],
     [
      39.6481757824517,
      24.47090325999669
     ],
     [
      39.64714863351694,
      24.47081996772444
     ],
     [
      39.64663155542247,
      24.47077810816918
     ],
     [
      39.64602365774864,
      24.47072877783613
     ],
     [
      39.64573057261281,
      24.47070591675648
     ],
     [
      39.64543728791931,
      24.47068260439127
     ],
     [
      39.64509355624141,
      24.47065462987863
     ],
     [
      39.64474982331634,
      24.47062638364619
     ],
     [
      39.64444252039316,
      24.47060177444853
     ],
     [
      39.64403778447057,
      24.47056927104499
     ],
     [
      39.64384676840204,
      24.47055382854983
     ],
     [
      39.64355841937373,
      24.47053076243794
     ],
     [
      39.64330136922788,
      24.47051135571079
     ],
     [
      39.64300738726264,
      24.47048659656522
     ],
     [
      39.64279001411541,
      24.47046900703594
     ],
     [
      39.64257254188902,
      24.47045132730063
     ],
     [
      39.64234292508359,
      24.47043216354207
     ],
     [
      39.64211340701266,
      24.47041299901386
     ],
     [
      39.64181884485759,
      24.47039049785198
     ],
     [
      39.64157916767316,
      24.47037218847733
     ],
     [
      39.64152408544626,
      24.47036799695142
     ],
     [
      39.64128815335246,
      24.47034876807987
     ],
     [
      39.64118637663795,
      24.47034043952105
     ],
     [
      39.64084896352144,
      24.47031278976586
     ],
     [
      39.64053662729417,
      24.47028774237468
     ],
     [
      39.64022429071803,
      24.47026260402366
     ],
     [
      39.63988105395349,
      24.4702345252036
     ],
     [
      39.63961491591692,
      24.4702129831387
     ],
     [
      39.63946467023187,
      24.47020079443857
     ],
     [
      39.63885639184082,
      24.47015324305759
     ],
     [
      39.63876675906177,
      24.47014621622973
     ],
     [
      39.63849302304966,
      24.47012461398374
     ],
     [
      39.63823527584149,
      24.4701036662247
     ],
     [
      39.63797733090617,
      24.47008262854565
     ],
     [
      39.63773853321779,
      24.47006241276095
     ],
     [
      39.63750022941782,
      24.47004228482773
     ],
     [
      39.63740121826277,
      24.47003439361263
     ],
     [
      39.63729075601562,
      24.47002555717262
     ],
     [
      39.63708138178951,
      24.47000891912172
     ],
     [
      39.63682334033519,
      24.4699882411275
     ],
     [
      39.63656510160796,
      24.46996756352213
     ],
     [
      39.63634802921934,
      24.46995059562338
     ],
     [
      39.63627280888181,
      24.46994468070024
     ],
     [
      39.63606284421092,
      24.46992831466025
     ],
     [
      39.63577607734337,
      24.46990540761664
     ],
     [
      39.63547755984048,
      24.46988083347989
     ],
     [
      39.63469513720232,
      24.46981656693796
     ],
     [
      39.63380393043293,
      24.46974335998105
     ],
     [
      39.63353710394419,
      24.46972190037699
     ],
     [
      39.63335773941491,
      24.46970756981059
     ],
     [
      39.63324856086604,
      24.46969881533969
     ],
     [
      39.63296021522606,
      24.46967572892267
     ],
     [
      39.63279210270365,
      24.46966198275093
     ],
     [
      39.63262389199146,
      24.46964832711624
     ],
     [
      39.63242034461852,
      24.46963247101704
     ],
     [
      39.63221650127077,
      24.46961661588097
     ],
     [
      39.63192302180426,
      24.46959291675931
     ],
     [
      39.63162983890367,
      24.46956930613998
     ],
     [
      39.63141868987242,
      24.46955266763499
     ],
     [
      39.63127170537608,
      24.46954117964552
     ],
     [
      39.63120764001288,
      24.4695361187335
     ],
     [
      39.63096154192541,
      24.46951583238053
     ],
     [
      39.63071544435712,
      24.46949563593695
     ],
     [
      39.6304950126305,
      24.46947749954477
     ],
     [
      39.63040370053534,
      24.46946993286393
     ],
     [
      39.63009215462018,
      24.46944431863418
     ],
     [
      39.62984250506891,
      24.46942413557345
     ],
     [
      39.62981851765392,
      24.46942224864129
     ],
     [
      39.62959295470947,
      24.4694040419994
     ],
     [
      39.62928930785371,
      24.46937938665202
     ],
     [
      39.62904370591181,
      24.46935954666787
     ],
     [
      39.62870699036126,
      24.46933231837525
     ],
     [
      39.62858803927477,
      24.46932269804354
     ],
     [
      39.62837037405877,
      24.46930517923095
     ],
     [
      39.62814481954515,
      24.46928859603232
     ],
     [
      39.62810178158577,
      24.46928543330141
     ],
     [
      39.62769637976417,
      24.46925641098661
     ],
     [
      39.62754821850347,
      24.46924627895731
     ],
     [
      39.62742236538687,
      24.46923767981638
     ],
     [
      39.62710531405587,
      24.46921596575566
     ],
     [
      39.62703345427351,
      24.46921102572489
     ],
     [
      39.6267879667992,
      24.46919425225522
     ],
     [
      39.6264203701389,
      24.4691676888076
     ],
     [
      39.62621949498271,
      24.4691531679594
     ],
     [
      39.62605277361153,
      24.46914112446262
     ],
     [
      39.62571973635501,
      24.4691192027669
     ],
     [
      39.6256359341326,
      24.46911367931862
     ],
     [
      39.6252189961342,
      24.46908623342932
     ],
     [
      39.62479446048537,
      24.46905881779701
     ],
     [
      39.62437022101029,
      24.46903139974529
     ],
     [
      39.62402356117352,
      24.46900826618829
     ],
     [
      39.62367690144453,
      24.46898513183349
     ],
     [
      39.62345332896417,
      24.46897006876703
     ],
     [
      39.62339341326979,
      24.46896598086477
     ],
     [
      39.62322965741186,
      24.46895491546369
     ],
     [
      39.62285349345645,
      24.46893162994125
     ],
     [
      39.62247683847387,
      24.46890879707155
     ],
     [
      39.62228968533155,
      24.46889538854477
     ],
     [
      39.62210332160489,
      24.468881976536
     ],
     [
      39.62172980531579,
      24.46885524538596
     ],
     [
      39.62123213812461,
      24.46882477894671
     ],
     [
      39.62073446404934,
      24.46879286587172
     ],
     [
      39.61953714485758,
      24.46871198074309
     ]
    ]
   }
  },
  {
   "type": "Feature",
   "id": "user-1784467162997-802",
   "properties": {
    "name": "طريق عثمان بن عفان",
    "category": "road",
    "icon": "fa-location-dot",
    "description": "",
    "ring": null
   },
   "geometry": {
    "type": "LineString",
    "coordinates": [
     [
      39.60301985110294,
      24.48583086796229
     ],
     [
      39.60296155381424,
      24.48647847005533
     ],
     [
      39.60295752551777,
      24.48652364303737
     ],
     [
      39.60292908339625,
      24.48685078284633
     ],
     [
      39.60292211877518,
      24.48694247915291
     ],
     [
      39.60291889889078,
      24.48699162271185
     ],
     [
      39.60290893337813,
      24.48711629553068
     ],
     [
      39.60284915746856,
      24.48774376341614
     ],
     [
      39.60284606217806,
      24.48777764344139
     ],
     [
      39.60278056660898,
      24.48853039929979
     ],
     [
      39.60275930062863,
      24.48868609481274
     ],
     [
      39.60273059337947,
      24.48889564702734
     ],
     [
      39.6026789096173,
      24.4891712199727
     ],
     [
      39.60242943522299,
      24.49050064048333
     ],
     [
      39.60240461200553,
      24.49063485543197
     ],
     [
      39.60234648627975,
      24.49094648910684
     ],
     [
      39.60228794616885,
      24.49125406028459
     ],
     [
      39.60222794263075,
      24.49156524981726
     ],
     [
      39.6022091683947,
      24.491664127924
     ],
     [
      39.60216902699541,
      24.4918769768627
     ],
     [
      39.60210971761182,
      24.49218897638795
     ],
     [
      39.60209162286173,
      24.49228550360845
     ],
     [
      39.60200114743192,
      24.49276786873195
     ],
     [
      39.60188905950693,
      24.49335436134315
     ],
     [
      39.60188000810896,
      24.49340181212818
     ],
     [
      39.60169747678445,
      24.49438777197811
     ],
     [
      39.60150612037344,
      24.49559386119596
     ],
     [
      39.60148206691995,
      24.49574505184516
     ],
     [
      39.60143548773409,
      24.49609890585404
     ],
     [
      39.601387499323,
      24.49640553138165
     ],
     [
      39.60133793114996,
      24.49671207286269
     ],
     [
      39.60130539754978,
      24.49692723933723
     ],
     [
      39.60127276558151,
      24.49714249650577
     ],
     [
      39.60124057759909,
      24.49734736582024
     ],
     [
      39.60121036342859,
      24.49755222726507
     ],
     [
      39.60118474226909,
      24.49772672501332
     ],
     [
      39.60115961194639,
      24.49790067891803
     ],
     [
      39.60114072595466,
      24.49805943525664
     ],
     [
      39.60112193904539,
      24.49821828150955
     ],
     [
      39.60107401894774,
      24.49876794071897
     ],
     [
      39.6010666620875,
      24.49888131367173
     ],
     [
      39.60105732699149,
      24.49899379136072
     ],
     [
      39.60104337348162,
      24.49917284861067
     ],
     [
      39.60102843339893,
      24.49935200009655
     ],
     [
      39.60097621164819,
      24.49976512206393
     ],
     [
      39.60096229294643,
      24.49984772415637
     ],
     [
      39.60085847445271,
      24.50036960844522
     ],
     [
      39.60081773654171,
      24.50054100526273
     ],
     [
      39.60079170660316,
      24.50065047868527
     ],
     [
      39.60074659964007,
      24.50083715587353
     ],
     [
      39.600649660972,
      24.50122859968619
     ],
     [
      39.60051794874695,
      24.50177985627487
     ],
     [
      39.60051243274895,
      24.50180299850891
     ],
     [
      39.60037249208818,
      24.50238842623362
     ],
     [
      39.60025061119228,
      24.50289042251265
     ],
     [
      39.60020800886026,
      24.50306444564221
     ],
     [
      39.60004655631393,
      24.50371390058508
     ],
     [
      39.59995792885408,
      24.50408968658073
     ],
     [
      39.59986443142708,
      24.50447930984935
     ],
     [
      39.59972225993747,
      24.50507422865141
     ],
     [
      39.59967443945098,
      24.50527211512776
     ],
     [
      39.59958433065191,
      24.50564817768616
     ],
     [
      39.59954204279698,
      24.50582644408383
     ],
     [
      39.59945844134534,
      24.50618035387312
     ],
     [
      39.59939842000119,
      24.50642814180664
     ],
     [
      39.59935346582192,
      24.50660623810105
     ],
     [
      39.59936068224306,
      24.50660855760281
     ],
     [
      39.59936770340089,
      24.50661132944755
     ],
     [
      39.59937443016463,
      24.50661446371525
     ],
     [
      39.5993810599394,
      24.50661795962217
     ],
     [
      39.59938729704592,
      24.50662190865594
     ],
     [
      39.59939333803269,
      24.50662612940898
     ],
     [
      39.59939918332805,
      24.5066307121932
     ],
     [
      39.59940453639602,
      24.50663556787249
     ],
     [
      39.59940959507004,
      24.50664078597496
     ],
     [
      39.59941426021922,
      24.50664627658067
     ],
     [
      39.5994186305461,
      24.5066520392977
     ],
     [
      39.59942260649142,
      24.50665789389423
     ],
     [
      39.59942609063759,
      24.50666411169791
     ],
     [
      39.5994291804021,
      24.50667042138117
     ],
     [
      39.599431777939,
      24.50667700395971
     ],
     [
      39.59943398109414,
      24.50668367841787
     ],
     [
      39.59943578986747,
      24.50669044475565
     ],
     [
      39.59943700685369,
      24.50669730375694
     ],
     [
      39.59943773075534,
      24.50670425502984
     ],
     [
      39.59943815854922,
      24.50671120747853
     ],
     [
      39.59943789542478,
      24.50671816267081
     ],
     [
      39.59943733619242,
      24.50672511903891
     ],
     [
      39.59943618431585,
      24.50673198744676
     ],
     [
      39.59943463762859,
      24.50673885742235
     ],
     [
      39.59942209945672,
      24.50677990958544
     ],
     [
      39.59937219934869,
      24.50695576767811
     ],
     [
      39.59934219357358,
      24.50705992808175
     ],
     [
      39.59931656128851,
      24.507149711253
     ],
     [
      39.59926260850423,
      24.5073244113185
     ],
     [
      39.59920017373172,
      24.50752136217674
     ],
     [
      39.59915571245392,
      24.50765782187321
     ],
     [
      39.59908591141597,
      24.50786256888766
     ],
     [
      39.59901423478866,
      24.50806732331067
     ],
     [
      39.59882551715217,
      24.50858963306445
     ],
     [
      39.59859984686101,
      24.50922958708836
     ],
     [
      39.59854093221038,
      24.50939906836639
     ],
     [
      39.59838643687769,
      24.50987436908552
     ],
     [
      39.59832463541196,
      24.51008052902977
     ],
     [
      39.59823483507244,
      24.51039815655502
     ],
     [
      39.59819468754635,
      24.51054968121737
     ],
     [
      39.59808963306257,
      24.51096048238973
     ],
     [
      39.59808502166806,
      24.51096637104424
     ],
     [
      39.59808011244532,
      24.51097189962447
     ],
     [
      39.59807460970391,
      24.51097715961561
     ],
     [
      39.59806890784022,
      24.51098205914127
     ],
     [
      39.59806290857576,
      24.51098668890443
     ],
     [
      39.5980564140711,
      24.51099095937537
     ],
     [
      39.59804981872278,
      24.51099477867776
     ],
     [
      39.5980428268403,
      24.51099823829676
     ],
     [
      39.59803573411424,
      24.51100124674715
     ],
     [
      39.5980284422661,
      24.51100389473187
     ],
     [
      39.59802085173509,
      24.51100600201825
     ],
     [
      39.59801316078811,
      24.51100774844783
     ],
     [
      39.59800546770384,
      24.51100904331765
     ],
     [
      39.59799767377632,
      24.51100988701877
     ],
     [
      39.59798987728426,
      24.51101018884824
     ],
     [
      39.59798198037655,
      24.51101012982086
     ],
     [
      39.59797408090447,
      24.51100952892183
     ],
     [
      39.59796627800151,
      24.51100847607196
     ],
     [
      39.59793538098199,
      24.51113332151063
     ],
     [
      39.5978294389887,
      24.51158630244054
     ],
     [
      39.5976412602011,
      24.51239156086704
     ],
     [
      39.5976042982041,
      24.51254903343388
     ],
     [
      39.59742889250795,
      24.51327973228486
     ],
     [
      39.59734196343975,
      24.51364187242588
     ],
     [
      39.59726011686233,
      24.51397256328181
     ],
     [
      39.59714728245133,
      24.51443017690368
     ],
     [
      39.5971003897218,
      24.51461704051493
     ],
     [
      39.59707015810208,
      24.51473682555333
     ],
     [
      39.59697055706375,
      24.51513333471657
     ],
     [
      39.59688690796582,
      24.51545897490744
     ],
     [
      39.59677602230791,
      24.5158908411415
     ],
     [
      39.59667095786427,
      24.51630137027501
     ],
     [
      39.5965336492927,
      24.51682392523031
     ],
     [
      39.59641564114013,
      24.51727397232919
     ],
     [
      39.59630890490718,
      24.51768631404878
     ],
     [
      39.59624673400653,
      24.51794115347954
     ],
     [
      39.59617993589195,
      24.51826139813646
     ],
     [
      39.5961384950778,
      24.5184954738193
     ],
     [
      39.59610894824357,
      24.51869798309092
     ],
     [
      39.59608189401215,
      24.51892667342026
     ],
     [
      39.59605715515215,
      24.51920674297069
     ],
     [
      39.59603863515057,
      24.51954955581892
     ],
     [
      39.59603128140833,
      24.51987390059463
     ],
     [
      39.59602714213892,
      24.52018911099825
     ],
     [
      39.59601781206017,
      24.5209104815876
     ],
     [
      39.59601517136634,
      24.52106212833655
     ],
     [
      39.59601017653888,
      24.52144706406726
     ],
     [
      39.59600092865519,
      24.52201851387397
     ],
     [
      39.59599180841605,
      24.5227006874264
     ],
     [
      39.5959812032366,
      24.52344473149275
     ],
     [
      39.59597020500237,
      24.52393815725712
     ],
     [
      39.59593560803684,
      24.52438868700982
     ],
     [
      39.59589098970124,
      24.52476574118244
     ],
     [
      39.59584817315,
      24.52508534887359
     ],
     [
      39.59581954553553,
      24.52531567084773
     ],
     [
      39.59579611603777,
      24.52545511698276
     ],
     [
      39.59574137893753,
      24.52578000987482
     ],
     [
      39.59565929576632,
      24.52623036572642
     ],
     [
      39.59560420327423,
      24.52650098158979
     ],
     [
      39.5954476922319,
      24.52714146989598
     ],
     [
      39.59532778991042,
      24.52763216424611
     ],
     [
      39.59522532781326,
      24.52801125262864
     ],
     [
      39.59519592844931,
      24.52812010595204
     ],
     [
      39.59512365232801,
      24.52838979594855
     ],
     [
      39.59502622118674,
      24.52874736974279
     ],
     [
      39.59492074936869,
      24.52913757830835
     ],
     [
      39.59478925168677,
      24.52961955749207
     ],
     [
      39.59469678412223,
      24.52998334309665
     ],
     [
      39.59459773096679,
      24.53041624432583
     ],
     [
      39.5945396635217,
      24.53070583724842
     ],
     [
      39.59446855231766,
      24.53111866898141
     ],
     [
      39.59443007559641,
      24.53137567182563
     ],
     [
      39.59438170058883,
      24.53175301105574
     ],
     [
      39.59434665166187,
      24.53210907410977
     ],
     [
      39.59431801208893,
      24.53252643465575
     ],
     [
      39.59427469864728,
      24.5333079964024
     ],
     [
      39.59424348861909,
      24.53389244668016
     ],
     [
      39.59420538720349,
      24.5345859322502
     ],
     [
      39.59418161321398,
      24.53500941478763
     ],
     [
      39.5941429914481,
      24.53546664265883
     ],
     [
      39.59405290154771,
      24.53616900293292
     ],
     [
      39.59398716755253,
      24.53657151731651
     ],
     [
      39.5939524059693,
      24.53675833182409
     ],
     [
      39.59393611182926,
      24.53684139392089
     ],
     [
      39.59388576424525,
      24.53707297487253
     ],
     [
      39.5938593660799,
      24.5371908473675
     ],
     [
      39.59383777968788,
      24.53728223911324
     ],
     [
      39.59379973225024,
      24.53744224346231
     ],
     [
      39.59371519671257,
      24.5377729423237
     ],
     [
      39.59367323914817,
      24.53792031816673
     ],
     [
      39.5936345834131,
      24.53805603058503
     ],
     [
      39.59353156530343,
      24.53840360035279
     ],
     [
      39.5934332590228,
      24.53872450908182
     ],
     [
      39.59334253202289,
      24.53901964863445
     ],
     [
      39.59301579999921,
      24.54008365018216
     ],
     [
      39.59293898736617,
      24.54033574563255
     ],
     [
      39.59277242620711,
      24.54088171198518
     ],
     [
      39.59264341432139,
      24.54130849768598
     ],
     [
      39.59260638402707,
      24.54143336583269
     ],
     [
      39.59255407368658,
      24.54162629990074
     ],
     [
      39.5925182153404,
      24.54176949701055
     ],
     [
      39.59246740450383,
      24.54200848491523
     ],
     [
      39.59243084453205,
      24.5422335988826
     ],
     [
      39.59240629735669,
      24.54245180183613
     ],
     [
      39.59238613628013,
      24.54282613916402
     ],
     [
      39.59238828252369,
      24.5430939998326
     ],
     [
      39.59240106866916,
      24.54329381281739
     ],
     [
      39.59244832864493,
      24.54370726179561
     ],
     [
      39.59252021366313,
      24.54406615508793
     ],
     [
      39.59257755006644,
      24.54429144191631
     ],
     [
      39.59271087902766,
      24.54469886273576
     ],
     [
      39.59281697246296,
      24.5449622505842
     ],
     [
      39.5929449363987,
      24.54523620929795
     ],
     [
      39.59316737142909,
      24.5456321706662
     ],
     [
      39.59334620915504,
      24.54591116701116
     ],
     [
      39.59351766533852,
      24.546174026116
     ],
     [
      39.59367121075937,
      24.54640733280173
     ],
     [
      39.59411101991805,
      24.54717073374987
     ],
     [
      39.59601999435618,
      24.55030709024724
     ],
     [
      39.59612915802433,
      24.55048638174257
     ],
     [
      39.5965451425481,
      24.55119577139877
     ],
     [
      39.5966263650614,
      24.55135431072636
     ],
     [
      39.5966965496695,
      24.5515172287225
     ],
     [
      39.59675490387102,
      24.55168398666138
     ],
     [
      39.59680142463349,
      24.55185395237748
     ],
     [
      39.5968359097357,
      24.55202613323874
     ],
     [
      39.59685815951701,
      24.5522000784791
     ],
     [
      39.59686797217711,
      24.55237488577264
     ],
     [
      39.59686554257708,
      24.55255001247249
     ],
     [
      39.5968508668192,
      24.55272464577645
     ],
     [
      39.59682394100606,
      24.55289797287941
     ],
     [
      39.59678476209608,
      24.5530693615961
     ],
     [
      39.59673352452742,
      24.55323817895658
     ],
     [
      39.59486509056391,
      24.55611435884396
     ],
     [
      39.59479909134762,
      24.55621080271392
     ],
     [
      39.59327447789251,
      24.55843155869702
     ],
     [
      39.59177746910881,
      24.56061209203294
     ],
     [
      39.59123835246991,
      24.56152609879067
     ],
     [
      39.59103438269555,
      24.5619985135506
     ],
     [
      39.59086809137081,
      24.56248306287766
     ],
     [
      39.59074065326862,
      24.56297748445772
     ],
     [
      39.5898068631252,
      24.56622238601425
     ],
     [
      39.58947638494941,
      24.56737146709621
     ],
     [
      39.58882978383076,
      24.56961764077527
     ],
     [
      39.58877072950978,
      24.56991364653264
     ],
     [
      39.58873045013532,
      24.57021219797403
     ],
     [
      39.5887086457836,
      24.57051248346749
     ],
     [
      39.58861622142979,
      24.57169847307436
     ],
     [
      39.58859343475307,
      24.5721479593247
     ],
     [
      39.58834203864823,
      24.5763218498657
     ],
     [
      39.58833065653672,
      24.57650685513265
     ],
     [
      39.58822928781498,
      24.57818987039952
     ],
     [
      39.5882252213843,
      24.57843996263193
     ],
     [
      39.58822278923296,
      24.57853245251229
     ],
     [
      39.58820134437977,
      24.57931202662452
     ],
     [
      39.58800934129615,
      24.58026169350585
     ],
     [
      39.58784464441763,
      24.58103171155769
     ],
     [
      39.58756739348206,
      24.58172522196884
     ],
     [
      39.58728964030627,
      24.58229048958057
     ]
    ]
   }
  },
  {
   "type": "Feature",
   "id": "user-1784467162997-450",
   "properties": {
    "name": "طريق الأمير نايف",
    "category": "road",
    "icon": "fa-location-dot",
    "description": "",
    "ring": null
   },
   "geometry": {
    "type": "LineString",
    "coordinates": [
     [
      39.59834918874928,
      24.37020193830783
     ],
     [
      39.59785332596825,
      24.37022033219394
     ],
     [
      39.59771472609886,
      24.37022656863405
     ],
     [
      39.59760205241483,
      24.37023170927121
     ],
     [
      39.5972998141841,
      24.37024536401247
     ],
     [
      39.59720448962405,
      24.37024962315405
     ],
     [
      39.59703138768875,
      24.37025743994019
     ],
     [
      39.596815108512,
      24.37026714252206
     ],
     [
      39.59665886355657,
      24.37027426030652
     ],
     [
      39.59646860871006,
      24.37028277617343
     ],
     [
      39.59623330622527,
      24.37029381719375
     ],
     [
      39.59597892082056,
      24.37031450629528
     ],
     [
      39.59580006706916,
      24.37033634315599
     ],
     [
      39.59557168852186,
      24.37037318609966
     ],
     [
      39.59536748926394,
      24.37041490107396
     ],
     [
      39.59515407207,
      24.37046739948302
     ],
     [
      39.59496619969708,
      24.37052160363708
     ],
     [
      39.59474154867718,
      24.37059663406267
     ],
     [
      39.59457914811167,
      24.37065805333548
     ],
     [
      39.5944027058563,
      24.3707319006901
     ],
     [
      39.59422246410489,
      24.37081560710025
     ],
     [
      39.59407009723303,
      24.3708932432476
     ],
     [
      39.59388491766861,
      24.37099647671093
     ],
     [
      39.5937289840674,
      24.37109164765596
     ],
     [
      39.59359569388163,
      24.37117950455015
     ],
     [
      39.59357122324876,
      24.37119676027755
     ],
     [
      39.5933169247897,
      24.37138452784912
     ],
     [
      39.59276842495093,
      24.37189388438253
     ],
     [
      39.59226195640498,
      24.37255832667848
     ],
     [
      39.5919311810019,
      24.37319986371293
     ],
     [
      39.59172631889555,
      24.37369369463456
     ],
     [
      39.59133111804961,
      24.37464616632892
     ],
     [
      39.59102045207181,
      24.37539473677571
     ],
     [
      39.59082279853734,
      24.37587110748944
     ],
     [
      39.59060622465191,
      24.37639270929028
     ],
     [
      39.59032139136438,
      24.37707904070948
     ],
     [
      39.59008336238823,
      24.37765274688606
     ],
     [
      39.58969720496173,
      24.37858305175828
     ],
     [
      39.58944678560123,
      24.37918651882839
     ],
     [
      39.58931289664894,
      24.37950928424361
     ],
     [
      39.58909026541532,
      24.38004562875347
     ],
     [
      39.58877294174031,
      24.38081002550764
     ],
     [
      39.5885658120112,
      24.38130909913056
     ],
     [
      39.58826370586015,
      24.38203911590473
     ],
     [
      39.58800035366315,
      24.38270612230573
     ],
     [
      39.58781438752892,
      24.38317711503383
     ],
     [
      39.58755697438269,
      24.3838286536998
     ],
     [
      39.58731886055085,
      24.38443197911558
     ],
     [
      39.58713123109498,
      24.38490686097524
     ],
     [
      39.58689048050316,
      24.38551660828855
     ],
     [
      39.58669592840986,
      24.386009218178
     ],
     [
      39.58657988643608,
      24.38629190237641
     ],
     [
      39.58647278748825,
      24.3865253301025
     ],
     [
      39.58638067917919,
      24.38680196069609
     ],
     [
      39.58626283505406,
      24.38735695181655
     ],
     [
      39.58610937706401,
      24.38807997646494
     ],
     [
      39.58596295985724,
      24.38876910550571
     ],
     [
      39.58582880666815,
      24.38940219155867
     ],
     [
      39.58572244009885,
      24.38990231647396
     ],
     [
      39.58565787237085,
      24.39022851340357
     ],
     [
      39.58559383834098,
      24.39067058253774
     ],
     [
      39.58551642842372,
      24.39120608915828
     ],
     [
      39.58544618711118,
      24.39169234627077
     ],
     [
      39.58537336095799,
      24.39219559255679
     ],
     [
      39.58527050450063,
      24.39255941797862
     ],
     [
      39.58489143007733,
      24.39339584525138
     ],
     [
      39.58460472829467,
      24.39394787410941
     ],
     [
      39.58427306268366,
      24.39452310621659
     ],
     [
      39.58395955945728,
      24.39501680336859
     ],
     [
      39.58367869981857,
      24.39542538759087
     ],
     [
      39.58329625002963,
      24.39593885711118
     ],
     [
      39.58293321056421,
      24.39636320030172
     ],
     [
      39.58254669688855,
      24.39680894728215
     ],
     [
      39.58225230894796,
      24.39715101870761
     ],
     [
      39.58185265061649,
      24.39772081707988
     ],
     [
      39.58159151175709,
      24.39823914484822
     ],
     [
      39.58138111270735,
      24.39883323237197
     ],
     [
      39.58124630361345,
      24.39924387054256
     ],
     [
      39.58115340958209,
      24.39954714376648
     ],
     [
      39.58108350302359,
      24.39985240597626
     ],
     [
      39.58098109734495,
      24.40038339984187
     ],
     [
      39.580899215386,
      24.4008090075393
     ],
     [
      39.58081812022352,
      24.4012342508992
     ],
     [
      39.58079298996327,
      24.4016049099188
     ],
     [
      39.58079261249404,
      24.40201837363303
     ],
     [
      39.58080668386604,
      24.40227020830918
     ],
     [
      39.58083671613208,
      24.40256163005678
     ],
     [
      39.58090751940227,
      24.40299098706951
     ],
     [
      39.58102268705587,
      24.40345973178268
     ],
     [
      39.58114202961746,
      24.40382766878815
     ],
     [
      39.58129913332523,
      24.40421433655565
     ],
     [
      39.58147568528602,
      24.4047126491036
     ],
     [
      39.58162446421223,
      24.40524078170622
     ],
     [
      39.58170513719963,
      24.40560615721096
     ],
     [
      39.58175179629372,
      24.40586644637684
     ],
     [
      39.5817803733588,
      24.40605482395198
     ],
     [
      39.58181410826688,
      24.40633566423594
     ],
     [
      39.581842442591,
      24.40668624841309
     ],
     [
      39.58185552357355,
      24.40706570165836
     ],
     [
      39.58184959007395,
      24.40747114834788
     ],
     [
      39.58182754229198,
      24.4078252677272
     ],
     [
      39.58175932070341,
      24.40839117245234
     ],
     [
      39.58164938397881,
      24.40895823084002
     ],
     [
      39.58153151313474,
      24.40940827142693
     ],
     [
      39.58137404060295,
      24.4098903451565
     ],
     [
      39.58121142568584,
      24.41030506350749
     ],
     [
      39.58095532684361,
      24.41085308401604
     ],
     [
      39.58077859301361,
      24.41117889585928
     ],
     [
      39.58059383736362,
      24.41145461347302
     ],
     [
      39.58042601193365,
      24.41167987022423
     ],
     [
      39.58011994142058,
      24.4120424837171
     ],
     [
      39.57978771918749,
      24.41238072141179
     ],
     [
      39.57949764054367,
      24.41263904899144
     ],
     [
      39.57918668881955,
      24.4128840892735
     ],
     [
      39.57886341473773,
      24.41310921644544
     ],
     [
      39.57856333250829,
      24.41329424479023
     ],
     [
      39.5782204503987,
      24.41348088106986
     ],
     [
      39.57776671358214,
      24.41369115064714
     ],
     [
      39.57719354206774,
      24.4139037709239
     ],
     [
      39.57646651155714,
      24.41409683479917
     ],
     [
      39.57571585937091,
      24.4142144817496
     ],
     [
      39.57510125240147,
      24.4142521310547
     ],
     [
      39.57500617618354,
      24.41425339537208
     ],
     [
      39.57472140631459,
      24.41424959976763
     ],
     [
      39.57425227028028,
      24.41421922799891
     ],
     [
      39.57395325412281,
      24.41418405538015
     ],
     [
      39.57354875087459,
      24.4141162265902
     ],
     [
      39.57307185612025,
      24.41400568084461
     ],
     [
      39.5725648700767,
      24.41384936738454
     ],
     [
      39.57203407116309,
      24.41363958539641
     ],
     [
      39.57158737361379,
      24.41342234910999
     ],
     [
      39.57114355346159,
      24.41316472981152
     ],
     [
      39.570857055517,
      24.41297352976336
     ],
     [
      39.57043592611558,
      24.41269450842042
     ],
     [
      39.56995962806188,
      24.4124075652278
     ],
     [
      39.56957026029723,
      24.41219417116729
     ],
     [
      39.56906681050875,
      24.41194408546301
     ],
     [
      39.56859668694557,
      24.41173514686485
     ],
     [
      39.56817062944996,
      24.41156505751368
     ],
     [
      39.56773378488371,
      24.41140864497025
     ],
     [
      39.56733346416608,
      24.41128090479122
     ],
     [
      39.56694199519939,
      24.41116947742111
     ],
     [
      39.5664564938596,
      24.41104945969062
     ],
     [
      39.56595252289939,
      24.41094558551842
     ],
     [
      39.56560499561635,
      24.41088944385213
     ],
     [
      39.5653540383442,
      24.4108578677642
     ],
     [
      39.56490401182515,
      24.41081872518239
     ],
     [
      39.56461800013133,
      24.41080010340799
     ],
     [
      39.56401998156904,
      24.41077252848165
     ],
     [
      39.56364021286121,
      24.41076292436368
     ],
     [
      39.56314734292868,
      24.41075952020089
     ],
     [
      39.56269731980025,
      24.41076543827886
     ],
     [
      39.56230926292771,
      24.41077735662538
     ],
     [
      39.56171070663204,
      24.41078418463141
     ],
     [
      39.56097552135709,
      24.41076279637226
     ],
     [
      39.56020338918143,
      24.41070559582456
     ],
     [
      39.55958140511455,
      24.41063338601476
     ],
     [
      39.55913767350963,
      24.4105673793815
     ],
     [
      39.55868892376038,
      24.41052640726043
     ],
     [
      39.5581069199357,
      24.41046181093118
     ],
     [
      39.55744687733475,
      24.41036950200485
     ],
     [
      39.55694033763975,
      24.41028493458357
     ],
     [
      39.55640106913113,
      24.41018142923346
     ],
     [
      39.55609226860332,
      24.41011600146956
     ],
     [
      39.55555734840747,
      24.40999161430712
     ],
     [
      39.55494168910429,
      24.40983067258921
     ],
     [
      39.55450578996365,
      24.40970510585739
     ],
     [
      39.55402411862569,
      24.40955486866806
     ],
     [
      39.55356936310819,
      24.40940209300716
     ],
     [
      39.55306258263882,
      24.40928346454248
     ],
     [
      39.55248803781206,
      24.40920852329314
     ],
     [
      39.55193888901507,
      24.4091899343091
     ],
     [
      39.55125422009392,
      24.40923857978823
     ],
     [
      39.55086294229173,
      24.40930304395463
     ],
     [
      39.5505951290435,
      24.40936317461778
     ],
     [
      39.55015038174412,
      24.40949321964409
     ],
     [
      39.54977639700802,
      24.40963393458441
     ],
     [
      39.54943128441003,
      24.40976876365955
     ],
     [
      39.54907447474945,
      24.40989017740115
     ],
     [
      39.54875975271603,
      24.40998262719361
     ],
     [
      39.54845896557865,
      24.4100588594228
     ],
     [
      39.5481269865743,
      24.41012942381029
     ],
     [
      39.54717841659698,
      24.41027871421452
     ],
     [
      39.54687049479107,
      24.41032471347071
     ],
     [
      39.54556931628063,
      24.41051925063465
     ],
     [
      39.54457201551271,
      24.41066824880136
     ],
     [
      39.54356337768171,
      24.41081908743789
     ],
     [
      39.54284275636885,
      24.41092797411421
     ],
     [
      39.54221961978795,
      24.41104599137922
     ],
     [
      39.54206836489713,
      24.41107949811235
     ],
     [
      39.54156952927147,
      24.41120402189238
     ],
     [
      39.54093949144708,
      24.41139277551544
     ],
     [
      39.54039674729724,
      24.41158320190758
     ],
     [
      39.53967463381191,
      24.41187641253557
     ],
     [
      39.53907743206715,
      24.41215761465206
     ],
     [
      39.53862960941571,
      24.41238165531385
     ],
     [
      39.5383176012998,
      24.41253593991753
     ],
     [
      39.53808865082095,
      24.41264612574736
     ],
     [
      39.53765980642104,
      24.41285736165199
     ],
     [
      39.53712416138165,
      24.41311982286871
     ],
     [
      39.53672021466702,
      24.4133185042831
     ],
     [
      39.53639825272626,
      24.41347580067202
     ],
     [
      39.53616005536266,
      24.41359260940273
     ],
     [
      39.53585483264525,
      24.41374352328745
     ],
     [
      39.53537295741292,
      24.41398790559752
     ],
     [
      39.53497294810791,
      24.41418602658493
     ],
     [
      39.53471978990505,
      24.41431092401199
     ],
     [
      39.53441761330786,
      24.41445992764914
     ],
     [
      39.53396126325537,
      24.4146772111085
     ],
     [
      39.5335501560937,
      24.41488774072873
     ],
     [
      39.53333602157454,
      24.41500491182864
     ],
     [
      39.53296612433113,
      24.41523489312021
     ],
     [
      39.53253573088976,
      24.41555124721888
     ],
     [
      39.53223551526553,
      24.41581638521951
     ],
     [
      39.53199366519735,
      24.41605205534123
     ],
     [
      39.53175237488456,
      24.41632737156225
     ],
     [
      39.5314662358194,
      24.41670435934812
     ],
     [
      39.53117684251853,
      24.41717618915069
     ],
     [
      39.53097155353662,
      24.41759371481086
     ],
     [
      39.53084496590097,
      24.41791477834092
     ],
     [
      39.53072153568129,
      24.4183069991902
     ],
     [
      39.53065429331656,
      24.41864384027152
     ],
     [
      39.53060442910072,
      24.41893790123335
     ],
     [
      39.53058179316178,
      24.41930384805596
     ],
     [
      39.53057924056129,
      24.41958979538172
     ],
     [
      39.53057736655575,
      24.41980213331683
     ],
     [
      39.53054965989159,
      24.42006414492018
     ],
     [
      39.53046265730219,
      24.42027551680884
     ],
     [
      39.53035634917153,
      24.42042274209306
     ],
     [
      39.53022920896812,
      24.42054177158546
     ],
     [
      39.53036025833254,
      24.42074443160837
     ],
     [
      39.5305850271807,
      24.42109162876811
     ],
     [
      39.53071379354866,
      24.42129059353018
     ],
     [
      39.53086013325608,
      24.42151677175948
     ],
     [
      39.53100825955025,
      24.42174547239393
     ],
     [
      39.53114261184144,
      24.42195895792203
     ],
     [
      39.53124537960134,
      24.42214401455225
     ],
     [
      39.53131940035947,
      24.42227164118007
     ],
     [
      39.5313539760083,
      24.42233112789245
     ],
     [
      39.53143848818878,
      24.42246720725935
     ],
     [
      39.53152685917307,
      24.42260607279605
     ],
     [
      39.53163577753774,
      24.42277566361389
     ],
     [
      39.53176842221232,
      24.42298129709667
     ],
     [
      39.53186601994291,
      24.42313268382071
     ],
     [
      39.53202358618339,
      24.42337697473063
     ],
     [
      39.53210132643857,
      24.42349736263673
     ],
     [
      39.53215980813424,
      24.42358855606965
     ],
     [
      39.53221888440135,
      24.42368037959373
     ],
     [
      39.53233882444813,
      24.42386682005174
     ],
     [
      39.53245508790406,
      24.42404677064138
     ],
     [
      39.53274619700034,
      24.42449786435672
     ],
     [
      39.53288956973678,
      24.42472043826307
     ],
     [
      39.5330029563783,
      24.42489615370344
     ],
     [
      39.53312746238544,
      24.4250888091459
     ],
     [
      39.53323598481035,
      24.42525704536469
     ],
     [
      39.53332951372624,
      24.42540176206074
     ],
     [
      39.53346305703073,
      24.42560865515873
     ],
     [
      39.53355559626512,
      24.42575247203771
     ],
     [
      39.53367514267348,
      24.42593819019833
     ],
     [
      39.53374186666031,
      24.42604190770983
     ],
     [
      39.53396576999379,
      24.42638991524279
     ],
     [
      39.53405920385465,
      24.42653508335508
     ],
     [
      39.53443998383168,
      24.42712494244266
     ],
     [
      39.53465048452832,
      24.42745168180658
     ],
     [
      39.53477340932825,
      24.42764244472914
     ],
     [
      39.53507583443003,
      24.42810631829022
     ],
     [
      39.5354454939736,
      24.42867679615469
     ],
     [
      39.53590264434219,
      24.42938487445985
     ],
     [
      39.53630489076826,
      24.43000824960907
     ],
     [
      39.53698470646837,
      24.43106857689147
     ],
     [
      39.53729838564229,
      24.43157711162826
     ],
     [
      39.5376124630912,
      24.43208591517637
     ],
     [
      39.53775241775763,
      24.43231256034483
     ],
     [
      39.53782810667181,
      24.43243511987192
     ],
     [
      39.53810197159532,
      24.43292807945632
     ],
     [
      39.53835870638481,
      24.43342868590883
     ],
     [
      39.53856746720879,
      24.43387509296372
     ],
     [
      39.53880147813017,
      24.43441307957378
     ],
     [
      39.53904992559883,
      24.43505135436874
     ],
     [
      39.53924208024215,
      24.43560475253832
     ],
     [
      39.53941183683092,
      24.43615669490945
     ],
     [
      39.53964804292904,
      24.43702314794792
     ],
     [
      39.53973164936494,
      24.43733597193581
     ],
     [
      39.53975901630885,
      24.43743820123381
     ],
     [
      39.53989114209221,
      24.43793220456969
     ],
     [
      39.53998536171524,
      24.43828138744115
     ],
     [
      39.54010976817677,
      24.43874606568054
     ],
     [
      39.54029623859264,
      24.4394447089388
     ],
     [
      39.54052200604988,
      24.44028943144195
     ],
     [
      39.54060329865808,
      24.44059070270352
     ],
     [
      39.54067218814014,
      24.44085200869815
     ],
     [
      39.54079708307164,
      24.44131433621039
     ],
     [
      39.54090222791873,
      24.44172570624533
     ],
     [
      39.54101423063702,
      24.44212567195931
     ],
     [
      39.54112608921317,
      24.44253792091087
     ],
     [
      39.54123514420015,
      24.44294033544903
     ],
     [
      39.54134426084701,
      24.44335701942004
     ],
     [
      39.54140740556794,
      24.44358917377529
     ],
     [
      39.54153332541871,
      24.44405917354078
     ],
     [
      39.54165564447842,
      24.44451744511337
     ],
     [
      39.54177453836388,
      24.44495893023959
     ],
     [
      39.54187067489704,
      24.44531551042824
     ],
     [
      39.54196520491594,
      24.44566541298441
     ],
     [
      39.54202436829365,
      24.44588882070041
     ],
     [
      39.5421461876967,
      24.44634474532036
     ],
     [
      39.54217526365534,
      24.44645347055367
     ],
     [
      39.54226318900894,
      24.44678117905914
     ],
     [
      39.5423764905923,
      24.44720588500321
     ],
     [
      39.54247996369988,
      24.44759305508902
     ],
     [
      39.54257501371207,
      24.44794837414074
     ],
     [
      39.54268220572119,
      24.44835124548037
     ],
     [
      39.54278458430606,
      24.44873580007008
     ],
     [
      39.54288524493774,
      24.44911069703861
     ],
     [
      39.54299664110354,
      24.44952719051829
     ],
     [
      39.54310241323886,
      24.44992040284802
     ],
     [
      39.54312085958328,
      24.44998870494522
     ],
     [
      39.54320647438356,
      24.45030558319866
     ],
     [
      39.54332137036426,
      24.45073244997979
     ],
     [
      39.54340669177369,
      24.4510496903886
     ],
     [
      39.54349692042878,
      24.45138380196708
     ],
     [
      39.54358043508466,
      24.45169364291619
     ],
     [
      39.5436440116739,
      24.45193247771444
     ],
     [
      39.54371561355372,
      24.452202080974
     ],
     [
      39.54380065769607,
      24.45252320560633
     ],
     [
      39.54392409994126,
      24.45298634756911
     ],
     [
      39.54403618179122,
      24.45340003775086
     ],
     [
      39.54413997806605,
      24.45379108861956
     ],
     [
      39.54421007309573,
      24.45405392336288
     ],
     [
      39.54432317650359,
      24.45447528632847
     ],
     [
      39.54442473105614,
      24.4548493658122
     ],
     [
      39.54452108857592,
      24.45520783946058
     ],
     [
      39.54463250053288,
      24.45562541497348
     ],
     [
      39.54476375050203,
      24.45611309346959
     ],
     [
      39.54485360593108,
      24.4564504565932
     ],
     [
      39.54495217700011,
      24.45681831461552
     ],
     [
      39.54505485532449,
      24.45720042747159
     ],
     [
      39.54515943885946,
      24.45758948759575
     ],
     [
      39.54524518120555,
      24.45791060856983
     ],
     [
      39.54531144614228,
      24.45815358716751
     ],
     [
      39.54538376428517,
      24.45842743152795
     ],
     [
      39.5454857464803,
      24.45880764987646
     ],
     [
      39.54555033116328,
      24.45904973124346
     ],
     [
      39.54563657356361,
      24.45937193387862
     ],
     [
      39.54570606706007,
      24.45963106691747
     ],
     [
      39.54579170893876,
      24.45995110404317
     ],
     [
      39.54580685363583,
      24.4600081282634
     ],
     [
      39.54589530388345,
      24.46033863167397
     ],
     [
      39.54600570583467,
      24.46074862298028
     ],
     [
      39.54606437226362,
      24.46096778548087
     ],
     [
      39.54612404466593,
      24.46119136973537
     ],
     [
      39.54623516103682,
      24.46160650616392
     ],
     [
      39.54633323929073,
      24.46197255841239
     ],
     [
      39.54648225489488,
      24.46252682284939
     ],
     [
      39.54658543069229,
      24.46290766804714
     ],
     [
      39.5466768998165,
      24.46325080395521
     ],
     [
      39.54675676738338,
      24.46355776557149
     ],
     [
      39.54680038798408,
      24.46371954196888
     ],
     [
      39.54687159033781,
      24.46398480947253
     ],
     [
      39.54694871168529,
      24.46427254385972
     ],
     [
      39.54702061513141,
      24.46454006659451
     ],
     [
      39.54711288387271,
      24.46488500553139
     ],
     [
      39.54721649773223,
      24.46527497032007
     ],
     [
      39.54730907491715,
      24.46562252709666
     ],
     [
      39.54738508522102,
      24.46590385285617
     ],
     [
      39.54740604845675,
      24.46598262160438
     ],
     [
      39.54751356667688,
      24.46638512569971
     ],
     [
      39.54751868252483,
      24.46640443449644
     ],
     [
      39.54760314046096,
      24.46672230692185
     ],
     [
      39.54766585562398,
      24.46696367127761
     ],
     [
      39.54766655570697,
      24.46696583629152
     ],
     [
      39.5477941435194,
      24.46744530574565
     ],
     [
      39.54785863398403,
      24.4676863022954
     ],
     [
      39.54792292657505,
      24.46792711889478
     ],
     [
      39.54798712113715,
      24.4681680261258
     ],
     [
      39.54811057982092,
      24.4686276409654
     ],
     [
      39.54811308654704,
      24.46863684396232
     ],
     [
      39.54816885090519,
      24.46884490714839
     ],
     [
      39.54820044431852,
      24.46896283371478
     ],
     [
      39.54829050704928,
      24.46929811598472
     ],
     [
      39.54842048202673,
      24.46978082736143
     ],
     [
      39.54850583350422,
      24.47009887646504
     ],
     [
      39.54859118581775,
      24.47041701581271
     ],
     [
      39.54867292715475,
      24.4707215307048
     ],
     [
      39.54868486211725,
      24.47076592213531
     ],
     [
      39.54875476757518,
      24.47102604517522
     ],
     [
      39.54881063788385,
      24.47123528173423
     ],
     [
      39.54891780275713,
      24.47162243223894
     ],
     [
      39.54903327678283,
      24.47205958670537
     ],
     [
      39.54910128261904,
      24.47231366534866
     ],
     [
      39.54916559968891,
      24.47255899684493
     ],
     [
      39.54920924276212,
      24.47272447508377
     ],
     [
      39.54927925109559,
      24.47298504898275
     ],
     [
      39.54937582590428,
      24.4733415305901
     ],
     [
      39.54951826000017,
      24.47387359739184
     ],
     [
      39.5495828594716,
      24.47411540534504
     ],
     [
      39.54966439702832,
      24.47441730110678
     ],
     [
      39.54974593459602,
      24.47471910649256
     ],
     [
      39.54986811703065,
      24.47517718861947
     ],
     [
      39.54996642110837,
      24.47554477208933
     ],
     [
      39.55006502181663,
      24.47591235438964
     ],
     [
      39.55018890069017,
      24.47637422318525
     ],
     [
      39.55030701553631,
      24.47680387056629
     ],
     [
      39.55040825507216,
      24.47718778986131
     ],
     [
      39.55048539309648,
      24.47747552165961
     ],
     [
      39.55056293995977,
      24.47776641291895
     ],
     [
      39.55066134768321,
      24.47813417600653
     ],
     [
      39.55073718242724,
      24.47841694507982
     ],
     [
      39.55081341224913,
      24.47869971265946
     ],
     [
      39.55089455017584,
      24.47899908014587
     ],
     [
      39.55097480114834,
      24.47929863143502
     ],
     [
      39.55109770794471,
      24.47976230902083
     ],
     [
      39.55122060426647,
      24.48022336738583
     ],
     [
      39.55129072145289,
      24.48048430084074
     ],
     [
      39.55142355930187,
      24.48098442883868
     ],
     [
      39.55150974740111,
      24.48130969766506
     ],
     [
      39.55158015558261,
      24.48156918483886
     ],
     [
      39.55162148030092,
      24.48172202654619
     ],
     [
      39.55171558443039,
      24.48207454125148
     ],
     [
      39.55182643095897,
      24.48248696347222
     ],
     [
      39.5519415965427,
      24.48291652953149
     ],
     [
      39.55205977787612,
      24.48335854783063
     ],
     [
      39.55213702790017,
      24.48364754243902
     ],
     [
      39.55222403962335,
      24.48397976188875
     ],
     [
      39.5523420855717,
      24.48443550815517
     ],
     [
      39.55243857645382,
      24.48481384340618
     ],
     [
      39.55252926364406,
      24.4851737756702
     ],
     [
      39.55262305642895,
      24.48554417295782
     ],
     [
      39.55275600785785,
      24.48606778061526
     ],
     [
      39.55283815375869,
      24.48639234064732
     ],
     [
      39.55294893538339,
      24.48683330127042
     ],
     [
      39.55303971914402,
      24.48719205865214
     ],
     [
      39.55315279891951,
      24.48763915201849
     ],
     [
      39.55326356820454,
      24.48807677072369
     ],
     [
      39.5533450157197,
      24.48839898474415
     ],
     [
      39.55339876704901,
      24.48861653559388
     ],
     [
      39.55347236298163,
      24.4889034653913
     ],
     [
      39.55362576677167,
      24.48949834529109
     ],
     [
      39.55370329374045,
      24.48980377494675
     ],
     [
      39.55377720062451,
      24.49009377407695
     ],
     [
      39.553856210295,
      24.49039955944052
     ],
     [
      39.55392909144182,
      24.49068053079844
     ],
     [
      39.55400720336859,
      24.4909839711709
     ],
     [
      39.5541568700278,
      24.49158067029174
     ],
     [
      39.55422681002719,
      24.49186580669098
     ],
     [
      39.55435571700823,
      24.49238671773379
     ],
     [
      39.55452240079752,
      24.49305966939901
     ],
     [
      39.5546715786793,
      24.49365627925883
     ],
     [
      39.55494391294618,
      24.49469885954545
     ],
     [
      39.55503465098077,
      24.49504451980634
     ],
     [
      39.55519470054175,
      24.49564343713631
     ],
     [
      39.5552878400042,
      24.49599622317505
     ],
     [
      39.55537250078246,
      24.49630605076254
     ],
     [
      39.55544825192847,
      24.49658719114677
     ],
     [
      39.55549294273868,
      24.4967625975223
     ],
     [
      39.55641889899048,
      24.50000968507018
     ],
     [
      39.55672486895863,
      24.50063741447188
     ],
     [
      39.55675348263436,
      24.50070251575917
     ],
     [
      39.55682596135644,
      24.50086680080603
     ],
     [
      39.55692684200923,
      24.50109284621911
     ],
     [
      39.55700456497578,
      24.50126000187257
     ],
     [
      39.55708227700794,
      24.50142462872467
     ],
     [
      39.5571957865328,
      24.50164936293308
     ],
     [
      39.55724627182509,
      24.50175005746393
     ],
     [
      39.55732792649604,
      24.50191331490687
     ],
     [
      39.55739391906414,
      24.5020388788287
     ],
     [
      39.55749314675042,
      24.50222537232909
     ],
     [
      39.55761911666009,
      24.50245520806688
     ],
     [
      39.557731624633,
      24.50265384474266
     ],
     [
      39.55781218313546,
      24.50279208893449
     ],
     [
      39.5579293250598,
      24.50298944392702
     ],
     [
      39.55806731529358,
      24.50321408692096
     ],
     [
      39.5581744738813,
      24.50338564877827
     ],
     [
      39.55826621007648,
      24.50352917990468
     ],
     [
      39.55836358799636,
      24.50367621235275
     ],
     [
      39.55843582918502,
      24.50378585737564
     ],
     [
      39.55854301962582,
      24.50394206543543
     ],
     [
      39.55864363737262,
      24.50408502156647
     ],
     [
      39.55872794695784,
      24.50420058250665
     ],
     [
      39.55879428672645,
      24.50429245731284
     ],
     [
      39.5589055004515,
      24.50444314104309
     ],
     [
      39.55897430402528,
      24.50453410350162
     ],
     [
      39.55909452520746,
      24.50469044351536
     ],
     [
      39.55918386461424,
      24.50480490178376
     ],
     [
      39.55924372347854,
      24.5048818985635
     ],
     [
      39.55927717304137,
      24.50492404162183
     ],
     [
      39.55933662722003,
      24.50499878201001
     ],
     [
      39.55937364970288,
      24.50504533719561
     ],
     [
      39.55940412150306,
      24.50508369806738
     ],
     [
      39.55948073525012,
      24.5051773407575
     ],
     [
      39.55953889334748,
      24.50524910550016
     ],
     [
      39.55960806823909,
      24.50533455711484
     ],
     [
      39.55978411120558,
      24.50554731650313
     ],
     [
      39.55980723127075,
      24.50557486686426
     ],
     [
      39.55996312144695,
      24.50576132906164
     ],
     [
      39.56014469216464,
      24.50597388686809
     ],
     [
      39.56043118093778,
      24.50629650902004
     ],
     [
      39.56071810699699,
      24.5066061237517
     ],
     [
      39.56088590322798,
      24.50678359962203
     ],
     [
      39.56095461972549,
      24.5068543310975
     ],
     [
      39.56111238100036,
      24.50701685186604
     ],
     [
      39.56128429621136,
      24.50718808029163
     ],
     [
      39.56146899122161,
      24.50736973740091
     ],
     [
      39.56159766017909,
      24.50749335019342
     ],
     [
      39.56166605245119,
      24.50755757992604
     ],
     [
      39.56172770562441,
      24.50761569335258
     ],
     [
      39.56184664828298,
      24.50772724004074
     ],
     [
      39.56196549525868,
      24.50783941918462
     ],
     [
      39.56207294405932,
      24.50794098362223
     ],
     [
      39.56219853306208,
      24.50805982070387
     ],
     [
      39.56242878865995,
      24.50827589714084
     ],
     [
      39.5624356278079,
      24.50828228395074
     ],
     [
      39.5625756910803,
      24.50841515575151
     ],
     [
      39.56272279002758,
      24.5085541425375
     ],
     [
      39.56287038081139,
      24.50869267576913
     ],
     [
      39.56298318527034,
      24.50879963839349
     ],
     [
      39.56307180329236,
      24.50888366109282
     ],
     [
      39.56333734665159,
      24.50913229809217
     ],
     [
      39.56342635795017,
      24.50921586753545
     ],
     [
      39.56352468753357,
      24.50930834321714
     ],
     [
      39.56374623500579,
      24.50951848933335
     ],
     [
      39.56376843890455,
      24.50953944955424
     ],
     [
      39.56407502935648,
      24.50982830221079
     ],
     [
      39.56427942592119,
      24.51002135194859
     ],
     [
      39.56447787089807,
      24.51020774042223
     ],
     [
      39.56472449105315,
      24.51043946660702
     ],
     [
      39.56486376543945,
      24.51057143599035
     ],
     [
      39.56491055424137,
      24.51061587596206
     ],
     [
      39.565096920531,
      24.51079372896408
     ],
     [
      39.56528470681228,
      24.5109799756002
     ],
     [
      39.56546162944477,
      24.51116481766699
     ],
     [
      39.56547075249421,
      24.51117417613522
     ],
     [
      39.56557768100764,
      24.51129055138224
     ],
     [
      39.56565187674886,
      24.51137137523038
     ],
     [
      39.56582817989152,
      24.51157193378285
     ],
     [
      39.56596443438168,
      24.51173434920106
     ],
     [
      39.56598606783222,
      24.51176000754044
     ],
     [
      39.5660260701401,
      24.51180971080187
     ],
     [
      39.56613664826361,
      24.51194729570637
     ],
     [
      39.5662286809245,
      24.51206544229851
     ],
     [
      39.56629241738489,
      24.51214693724627
     ],
     [
      39.56642738836221,
      24.51233103236519
     ],
     [
      39.56643950721088,
      24.51234805620855
     ],
     [
      39.56656526397272,
      24.51252441877973
     ],
     [
      39.56661563645061,
      24.5125972936125
     ],
     [
      39.56670535371072,
      24.51272718938721
     ],
     [
      39.56681107456244,
      24.51288186131922
     ],
     [
      39.56696453951226,
      24.51311745568313
     ],
     [
      39.56712510657523,
      24.51337379537794
     ],
     [
      39.56725786031453,
      24.51359113352121
     ],
     [
      39.56726641453563,
      24.51360564190156
     ],
     [
      39.56738706749132,
      24.51380992988966
     ],
     [
      39.56753531798142,
      24.51407083109523
     ],
     [
      39.56768670171555,
      24.51434788653092
     ],
     [
      39.56780209599638,
      24.51456781822283
     ],
     [
      39.5678199244864,
      24.51460324448781
     ],
     [
      39.567927690594,
      24.51481697311453
     ],
     [
      39.56805611697769,
      24.51508110932457
     ],
     [
      39.56811381777044,
      24.51520272549273
     ],
     [
      39.56834935614491,
      24.51573216145791
     ],
     [
      39.56835793745726,
      24.51575263037891
     ],
     [
      39.56847388436574,
      24.51602900553843
     ],
     [
      39.56848526009323,
      24.51605623746117
     ],
     [
      39.568668410354,
      24.51652545021958
     ],
     [
      39.56872523346652,
      24.51667109289393
     ],
     [
      39.56889458931453,
      24.51710170299183
     ],
     [
      39.56902425296529,
      24.51742038310655
     ],
     [
      39.56908346796044,
      24.51757089354311
     ],
     [
      39.56911202622231,
      24.51764330782319
     ],
     [
      39.56918023048598,
      24.51781708527153
     ],
     [
      39.56924853406083,
      24.51799095262152
     ],
     [
      39.56928698752129,
      24.51809051398489
     ],
     [
      39.5693711852934,
      24.51830839443429
     ],
     [
      39.56943598724946,
      24.5184717984937
     ],
     [
      39.56952654753127,
      24.51869949903069
     ],
     [
      39.56962022363068,
      24.51893947041368
     ],
     [
      39.56975033156441,
      24.51926826323898
     ],
     [
      39.56986787804958,
      24.51956955766875
     ],
     [
      39.5699880087757,
      24.51987463540332
     ],
     [
      39.57004203432677,
      24.52001215980311
     ],
     [
      39.57010125547727,
      24.52016348255448
     ],
     [
      39.57020310662461,
      24.52042076285152
     ],
     [
      39.57031534924723,
      24.52070563979647
     ],
     [
      39.5703870461579,
      24.52088698973516
     ],
     [
      39.57045854544281,
      24.52106825006587
     ],
     [
      39.57051396791457,
      24.52120883964622
     ],
     [
      39.57058227035226,
      24.5213816225014
     ],
     [
      39.57066304412994,
      24.52158352948871
     ],
     [
      39.57074586307792,
      24.52180105296287
     ],
     [
      39.57081626857441,
      24.52198033032273
     ],
     [
      39.57088647317105,
      24.52215879557921
     ],
     [
      39.57098273461972,
      24.52240173650361
     ],
     [
      39.57111596148429,
      24.52274189562401
     ],
     [
      39.57124448203076,
      24.52306717065748
     ],
     [
      39.57135252863861,
      24.52333996051361
     ],
     [
      39.57149114993598,
      24.5236937361728
     ],
     [
      39.57161818353866,
      24.52401721017752
     ],
     [
      39.57172213943795,
      24.52428008070372
     ],
     [
      39.57181841400389,
      24.52452518845926
     ],
     [
      39.57190370244398,
      24.52474215991547
     ],
     [
      39.57193286532524,
      24.52481655815567
     ],
     [
      39.5719433533522,
      24.52484361250173
     ],
     [
      39.57206758513916,
      24.52515824592674
     ],
     [
      39.57216755332747,
      24.52541209983261
     ],
     [
      39.57227610949179,
      24.52568750604916
     ],
     [
      39.57236719560358,
      24.5259199891458
     ],
     [
      39.57245917093299,
      24.52615255911508
     ],
     [
      39.57256114049404,
      24.52641200455664
     ],
     [
      39.5726646182984,
      24.5266774048903
     ],
     [
      39.57275028206062,
      24.52688940708902
     ],
     [
      39.57283757478971,
      24.52711224068114
     ],
     [
      39.57293415199197,
      24.52735779798974
     ],
     [
      39.57304930617482,
      24.52765060900497
     ],
     [
      39.57316576557975,
      24.52794811126314
     ],
     [
      39.57329100885778,
      24.52826671342031
     ],
     [
      39.57334403734545,
      24.52840044699866
     ],
     [
      39.57342502916811,
      24.52860488014451
     ],
     [
      39.57352251647568,
      24.52885467827564
     ],
     [
      39.5735244143169,
      24.52885954799576
     ],
     [
      39.57362728546185,
      24.529120885719
     ],
     [
      39.57370050003465,
      24.52930818867147
     ],
     [
      39.57379168694602,
      24.52953994782916
     ],
     [
      39.57384182241704,
      24.52966682836481
     ],
     [
      39.57394359953214,
      24.52992609277443
     ],
     [
      39.57401960225775,
      24.53011844249181
     ],
     [
      39.57412196259202,
      24.53037553700957
     ],
     [
      39.57422064928697,
      24.5306279491207
     ],
     [
      39.57431673674639,
      24.53087314596243
     ],
     [
      39.57434460024808,
      24.5309433941575
     ],
     [
      39.574407816979,
      24.53110264723373
     ],
     [
      39.57451099872267,
      24.53136633119432
     ],
     [
      39.57458710317759,
      24.53155895111744
     ],
     [
      39.57470036604548,
      24.53184661993004
     ],
     [
      39.57480145652914,
      24.53210606687849
     ],
     [
      39.57488794713518,
      24.53232456703186
     ],
     [
      39.57500419655705,
      24.5326173720575
     ],
     [
      39.57510596909069,
      24.53287455831864
     ],
     [
      39.57516689657693,
      24.53302930405906
     ],
     [
      39.57527146410341,
      24.53329307241593
     ],
     [
      39.57538542740616,
      24.53358209263486
     ],
     [
      39.57549250391646,
      24.53385461164802
     ],
     [
      39.57559877298359,
      24.53412315985454
     ],
     [
      39.57569855661961,
      24.53437665036489
     ],
     [
      39.57578805582525,
      24.53460471164179
     ],
     [
      39.57588215069269,
      24.53484458637859
     ],
     [
      39.57596934610418,
      24.53506525061196
     ],
     [
      39.57605743489039,
      24.53528690482062
     ],
     [
      39.57614663429779,
      24.53551388322147
     ],
     [
      39.57624530740222,
      24.53576150715593
     ],
     [
      39.576332639955,
      24.53599029882546
     ],
     [
      39.57638379061084,
      24.53612214169733
     ],
     [
      39.57648398352387,
      24.53637806847569
     ],
     [
      39.57658427557964,
      24.53663399479391
     ],
     [
      39.57669435220735,
      24.53691372637848
     ],
     [
      39.57680442974773,
      24.53719354817529
     ],
     [
      39.57685137089256,
      24.53731140836302
     ],
     [
      39.5768979155677,
      24.53742890879568
     ],
     [
      39.57695007864416,
      24.53756598574244
     ],
     [
      39.57695447259636,
      24.53757689686406
     ],
     [
      39.57703147779493,
      24.53777050528985
     ],
     [
      39.57710925901314,
      24.5379610400404
     ],
     [
      39.57720556283096,
      24.53820785945661
     ],
     [
      39.57728749819506,
      24.53842149844413
     ],
     [
      39.57735129427422,
      24.53857623213051
     ],
     [
      39.57736177763816,
      24.53860175070634
     ],
     [
      39.5774519534264,
      24.53882529251839
     ],
     [
      39.57754066556373,
      24.53905254272212
     ],
     [
      39.57755823477162,
      24.53909465182083
     ],
     [
      39.57760484975996,
      24.53920564915071
     ],
     [
      39.57767504621985,
      24.53935647468037
     ],
     [
      39.57774661430124,
      24.5395049467676
     ],
     [
      39.5778580028396,
      24.53972506542492
     ],
     [
      39.577935476889,
      24.5398695409871
     ],
     [
      39.5780448963256,
      24.54006916588244
     ],
     [
      39.57805554307938,
      24.54008718775966
     ],
     [
      39.5781644922588,
      24.54027028700128
     ],
     [
      39.57825947230997,
      24.54042128813975
     ],
     [
      39.5783227149247,
      24.54051939694508
     ],
     [
      39.57838842339255,
      24.54061695438306
     ],
     [
      39.57845383246223,
      24.54071379043073
     ],
     [
      39.57852190443539,
      24.54080998403767
     ],
     [
      39.57865404690583,
      24.54099091670141
     ],
     [
      39.57878465205643,
      24.54115948220188
     ],
     [
      39.57891939137534,
      24.54132523199353
     ],
     [
      39.5790524041464,
      24.54148042161687
     ],
     [
      39.57931674483849,
      24.54176768672913
     ],
     [
      39.57950611001974,
      24.541960500743
     ],
     [
      39.57965991776904,
      24.54210721073484
     ],
     [
      39.57981422285023,
      24.54225464115657
     ],
     [
      39.57997500799797,
      24.54239409891092
     ],
     [
      39.5801356947698,
      24.5425335568645
     ],
     [
      39.58030376263537,
      24.54266774805805
     ],
     [
      39.58047113267586,
      24.54280040641544
     ],
     [
      39.58065065740421,
      24.54293527561062
     ],
     [
      39.58079854751964,
      24.54303992114048
     ],
     [
      39.58100861089884,
      24.54318117482914
     ],
     [
      39.58121864853493,
      24.54331673857281
     ],
     [
      39.58135489058487,
      24.54340029510845
     ],
     [
      39.58155447553402,
      24.54351711349001
     ],
     [
      39.58172868848488,
      24.54361298647324
     ],
     [
      39.58190387152165,
      24.54370506234561
     ],
     [
      39.58214316435974,
      24.54382533922085
     ],
     [
      39.58231119217965,
      24.54390723682431
     ],
     [
      39.58245496248107,
      24.54397441655115
     ],
     [
      39.58259932240668,
      24.54404096166651
     ],
     [
      39.58276810102841,
      24.54411427608173
     ],
     [
      39.58293697815797,
      24.54418749961022
     ],
     [
      39.58310762180844,
      24.54425836796792
     ],
     [
      39.58327865264335,
      24.54432751867797
     ],
     [
      39.58345095674157,
      24.54439440643059
     ],
     [
      39.58362354927827,
      24.54445957691339
     ],
     [
      39.58377674445898,
      24.54451488782981
     ],
     [
      39.58392983769455,
      24.54456947647642
     ],
     [
      39.58408371213952,
      24.54462216535937
     ],
     [
      39.58423846944796,
      24.54467358627578
     ],
     [
      39.58439390671255,
      24.54472256593628
     ],
     [
      39.58454953737545,
      24.54477064155156
     ],
     [
      39.58466314021997,
      24.54480452015691
     ],
     [
      39.58477683641446,
      24.54483722424053
     ],
     [
      39.58489082383994,
      24.54486884334801
     ],
     [
      39.58500480964568,
      24.54490010112139
     ],
     [
      39.58511908877239,
      24.54493072547627
     ],
     [
      39.58523376162709,
      24.54496107727546
     ],
     [
      39.5853666160365,
      24.54499451936876
     ],
     [
      39.58549017915016,
      24.54502573958988
     ],
     [
      39.58549956966588,
      24.5450280512718
     ],
     [
      39.5856701883742,
      24.54507173247756
     ],
     [
      39.5858406105697,
      24.54511559487833
     ],
     [
      39.58597890483035,
      24.54515100218315
     ],
     [
      39.58622504731368,
      24.54521407752685
     ],
     [
      39.58660968084391,
      24.5453122874794
     ],
     [
      39.58680906228092,
      24.54536244834908
     ],
     [
      39.58700844387102,
      24.54541260895179
     ],
     [
      39.58723461886727,
      24.54547052219475
     ],
     [
      39.58730292587208,
      24.54548795754973
     ],
     [
      39.58746089279735,
      24.5455284347094
     ],
     [
      39.58760581147257,
      24.54556562096194
     ],
     [
      39.58775073023035,
      24.5456028070734
     ],
     [
      39.58785867653885,
      24.54563020273752
     ],
     [
      39.58796701782573,
      24.54565759678334
     ],
     [
      39.58810748915877,
      24.54569380644513
     ],
     [
      39.58824875127858,
      24.54573019351601
     ],
     [
      39.58841660307779,
      24.54577297924348
     ],
     [
      39.58858465203239,
      24.54581567369924
     ],
     [
      39.58881824144206,
      24.54587527155018
     ],
     [
      39.58905173275316,
      24.54593495973191
     ],
     [
      39.58929965582387,
      24.54599811336048
     ],
     [
      39.58965641395663,
      24.54608847683911
     ],
     [
      39.58993675940567,
      24.54615945017415
     ],
     [
      39.59020949590534,
      24.54622900775589
     ],
     [
      39.59022719078392,
      24.54623354446385
     ],
     [
      39.59044773150775,
      24.54628948800073
     ],
     [
      39.59079184230879,
      24.54637755014764
     ],
     [
      39.59126604308974,
      24.54649833667431
     ],
     [
      39.59157446969048,
      24.54657750562555
     ],
     [
      39.59160541068154,
      24.54658533178657
     ],
     [
      39.5920558828952,
      24.54669898384914
     ],
     [
      39.59253857841727,
      24.54682000391406
     ],
     [
      39.5931038722383,
      24.54695252854805
     ],
     [
      39.5937379270739,
      24.54709345034499
     ],
     [
      39.59411101991805,
      24.54717073374987
     ],
     [
      39.59442056356938,
      24.54723481011738
     ],
     [
      39.59505521603653,
      24.54735531319266
     ],
     [
      39.59542894185272,
      24.5474199469681
     ],
     [
      39.59564406003336,
      24.54745576440828
     ],
     [
      39.59585917491662,
      24.5474908590472
     ],
     [
      39.59607448354119,
      24.54752513979285
     ],
     [
      39.59618781833567,
      24.54754293493621
     ],
     [
      39.59630075480646,
      24.547560009064
     ],
     [
      39.59641388578617,
      24.54757645014519
     ],
     [
      39.59652701722059,
      24.54759298145234
     ],
     [
      39.59664044061508,
      24.54760860838725
     ],
     [
      39.59675356655006,
      24.54762396547427
     ],
     [
      39.59688901551913,
      24.5476411306782
     ],
     [
      39.59702406616415,
      24.54765757483198
     ],
     [
      39.59715911213875,
      24.54767302543813
     ],
     [
      39.59729533782848,
      24.54768738749148
     ],
     [
      39.59743076725287,
      24.54770039787935
     ],
     [
      39.59756678568809,
      24.54771268330551
     ],
     [
      39.5976879840974,
      24.54772295015734
     ],
     [
      39.59780987195528,
      24.54773285292517
     ],
     [
      39.59793135675746,
      24.54774104124308
     ],
     [
      39.59817461661096,
      24.54775615204903
     ],
     [
      39.59829688404849,
      24.54776280164334
     ],
     [
      39.59842269780685,
      24.54776772111312
     ],
     [
      39.59867471428407,
      24.54777629380893
     ],
     [
      39.59892681751417,
      24.54778233697086
     ],
     [
      39.59905252013193,
      24.54778463727527
     ],
     [
      39.59922481868411,
      24.547785307279
     ],
     [
      39.59939672057813,
      24.54778561741027
     ],
     [
      39.59956910583984,
      24.54778375790849
     ],
     [
      39.59974089653667,
      24.54778144900919
     ],
     [
      39.59991326932283,
      24.5477769700834
     ],
     [
      39.60015731403889,
      24.5477702187898
     ],
     [
      39.60056592065055,
      24.54775676070723
     ],
     [
      39.60101338194146,
      24.54775407452191
     ],
     [
      39.60382136901479,
      24.54773734577632
     ],
     [
      39.60676244700531,
      24.54771975824085
     ],
     [
      39.61032999239178,
      24.5474341487301
     ],
     [
      39.61358879445365,
      24.54717328350779
     ],
     [
      39.61664041654917,
      24.54692900028268
     ],
     [
      39.61751790556209,
      24.54689370908242
     ],
     [
      39.61792074717833,
      24.54685340470331
     ],
     [
      39.61839109087767,
      24.54680641019228
     ],
     [
      39.61925621999955,
      24.54666720942723
     ],
     [
      39.62010974193339,
      24.54647702467318
     ],
     [
      39.62094780778219,
      24.54623641386749
     ],
     [
      39.62173424932909,
      24.54595925398217
     ],
     [
      39.62250012826463,
      24.54563756036839
     ],
     [
      39.62324258874393,
      24.54527297078071
     ],
     [
      39.62355440669305,
      24.54509620364895
     ],
     [
      39.62395887198717,
      24.54486676136447
     ],
     [
      39.62452118480927,
      24.54453226262822
     ],
     [
      39.62853476298409,
      24.54214469280911
     ],
     [
      39.6332400953992,
      24.53934553941786
     ],
     [
      39.63801437383787,
      24.53649709063581
     ],
     [
      39.64305940106549,
      24.5334868532227
     ],
     [
      39.64539355092678,
      24.53196107418161
     ],
     [
      39.64654155498229,
      24.53112184847529
     ],
     [
      39.64679993208591,
      24.53093289022866
     ],
     [
      39.64763466171369,
      24.53032258751148
     ],
     [
      39.64801758204528,
      24.53001026708735
     ],
     [
      39.64917695058816,
      24.52906494566934
     ],
     [
      39.64977624045687,
      24.52857621187558
     ],
     [
      39.65132588726438,
      24.52737532351615
     ],
     [
      39.65158822559031,
      24.52717252226282
     ],
     [
      39.65183463471573,
      24.52698216223723
     ],
     [
      39.65234474142967,
      24.52658520026088
     ],
     [
      39.65245515931846,
      24.5264992868931
     ],
     [
      39.6526794408668,
      24.52632572906991
     ],
     [
      39.65311924949019,
      24.52598506254741
     ],
     [
      39.65372532401852,
      24.52551597217177
     ],
     [
      39.65443040918758,
      24.52497085818436
     ],
     [
      39.65498199917468,
      24.52454318179915
     ],
     [
      39.65542679136863,
      24.52419508139451
     ],
     [
      39.65566563280687,
      24.52401341812865
     ],
     [
      39.65592205768347,
      24.52381515081624
     ],
     [
      39.65625084248484,
      24.52356012288895
     ],
     [
      39.65657116890438,
      24.52331136264671
     ],
     [
      39.65688540007675,
      24.5230676857883
     ],
     [
      39.65723375786744,
      24.52279965581998
     ],
     [
      39.65752015436039,
      24.52257605802687
     ],
     [
      39.65760342880519,
      24.52251112149161
     ],
     [
      39.6576787454411,
      24.52245353493129
     ],
     [
      39.6577537635149,
      24.52239549807186
     ],
     [
      39.65782828701003,
      24.5223372827066
     ],
     [
      39.65790409700726,
      24.52227969388493
     ],
     [
      39.6579800004729,
      24.52222111117802
     ],
     [
      39.65804803407477,
      24.52216780089596
     ],
     [
      39.65813681146154,
      24.52209814380898
     ],
     [
      39.65821851150441,
      24.52203429756095
     ],
     [
      39.65830041030346,
      24.52197072134064
     ],
     [
      39.65838270481485,
      24.52190732397556
     ],
     [
      39.65846519572818,
      24.52184374508384
     ],
     [
      39.65854768749997,
      24.52178034676962
     ],
     [
      39.65865219722158,
      24.52169888006278
     ],
     [
      39.65875720319995,
      24.52161795299482
     ],
     [
      39.65886250895155,
      24.52153774704819
     ],
     [
      39.65894884259105,
      24.52147288673896
     ],
     [
      39.65903587043108,
      24.52140865553843
     ],
     [
      39.65912369071344,
      24.52134496270353
     ],
     [
      39.6592021595816,
      24.52128636818699
     ],
     [
      39.65946953688194,
      24.52110818685256
     ],
     [
      39.66015289353899,
      24.5207214598306
     ],
     [
      39.66062228027731,
      24.52047583206729
     ],
     [
      39.66110889881237,
      24.52026002088573
     ],
     [
      39.66161048564233,
      24.52007530042023
     ],
     [
      39.6621247740086,
      24.51992231265429
     ],
     [
      39.66264930119354,
      24.51980197139633
     ],
     [
      39.66355377189598,
      24.51962432540323
     ],
     [
      39.66703229130859,
      24.51916546326116
     ],
     [
      39.66741862093203,
      24.51912157901281
     ],
     [
      39.66924063973187,
      24.51894796619621
     ],
     [
      39.66942592918357,
      24.5189302558548
     ],
     [
      39.66979887601493,
      24.51889464335602
     ],
     [
      39.67299881333628,
      24.51858977985576
     ],
     [
      39.67394469192499,
      24.51849958079391
     ],
     [
      39.67492075988839,
      24.51840653142469
     ],
     [
      39.67567700666033,
      24.51833441927403
     ],
     [
      39.67599356527084,
      24.51829516055147
     ],
     [
      39.67630686823436,
      24.51823785324376
     ],
     [
      39.67661573283626,
      24.51816286392632
     ],
     [
      39.67691867975817,
      24.51807047020161
     ],
     [
      39.67721492066305,
      24.51796094658216
     ],
     [
      39.67750307690344,
      24.51783493148605
     ],
     [
      39.67778206355577,
      24.51769261045835
     ],
     [
      39.67805099603788,
      24.5175347100255
     ],
     [
      39.67830859446313,
      24.51736186818226
     ],
     [
      39.67855397331708,
      24.51717463084353
     ],
     [
      39.67878595243171,
      24.51697381618983
     ],
     [
      39.67900394391474,
      24.51676023974035
     ],
     [
      39.67920696408584,
      24.51653453816975
     ],
     [
      39.67936373815333,
      24.51633649954585
     ],
     [
      39.67939442703283,
      24.51629788823811
     ],
     [
      39.67956515169787,
      24.51605092750799
     ],
     [
      39.67971904477742,
      24.5157946498927
     ],
     [
      39.67985502687342,
      24.51553023436756
     ],
     [
      39.68066631476984,
      24.51382409526514
     ],
     [
      39.68149573534252,
      24.51207984832801
     ],
     [
      39.68258884176588,
      24.50978096901119
     ],
     [
      39.68438964807678,
      24.50599323236812
     ],
     [
      39.68438964758774,
      24.50599314205772
     ],
     [
      39.68619064249534,
      24.50220502182606
     ],
     [
      39.68813965711234,
      24.49810516878027
     ],
     [
      39.69009020717856,
      24.49400185169287
     ],
     [
      39.69290964981206,
      24.48807002812474
     ],
     [
      39.6932610747762,
      24.48733074118036
     ],
     [
      39.69572112901881,
      24.48215471590294
     ],
     [
      39.6959340915231,
      24.48170659650618
     ],
     [
      39.69762895899661,
      24.47814009513563
     ],
     [
      39.69766193091631,
      24.47807076329423
     ],
     [
      39.69769104687877,
      24.47800009456015
     ],
     [
      39.697778200208,
      24.47778863109908
     ],
     [
      39.69787361160277,
      24.47750000232366
     ],
     [
      39.6979477779913,
      24.47720623348457
     ],
     [
      39.69800031127982,
      24.47690850046919
     ],
     [
      39.69803102223288,
      24.47660824917602
     ],
     [
      39.69803991847653,
      24.47630683427206
     ],
     [
      39.69802651425452,
      24.47600561269441
     ],
     [
      39.69793667137719,
      24.47488804544419
     ],
     [
      39.6973555541221,
      24.46766940201881
     ],
     [
      39.69703229748575,
      24.46365350286337
     ],
     [
      39.69700560809013,
      24.46332199673894
     ],
     [
      39.69675121851488,
      24.460161944109
     ],
     [
      39.69653728774372,
      24.4575027598826
     ],
     [
      39.69625443332492,
      24.45398754307178
     ],
     [
      39.69625125515424,
      24.45394781994999
     ],
     [
      39.69582028455326,
      24.4485914361144
     ],
     [
      39.69562494254231,
      24.44616516838451
     ],
     [
      39.69532955159259,
      24.44249394014753
     ],
     [
      39.69510150235698,
      24.43965806854621
     ],
     [
      39.69496324048695,
      24.43793895838223
     ],
     [
      39.69483874875755,
      24.436391650622
     ],
     [
      39.69478962328431,
      24.43577982293078
     ],
     [
      39.6947722770853,
      24.43556667285179
     ],
     [
      39.69474199666514,
      24.43518939254109
     ],
     [
      39.69471352255504,
      24.43483567568672
     ],
     [
      39.69469986720193,
      24.43466594933235
     ],
     [
      39.69469053932061,
      24.43454786232748
     ],
     [
      39.69465043103014,
      24.43405114252114
     ],
     [
      39.69459909171025,
      24.43341295321682
     ],
     [
      39.69456098757683,
      24.43293979588458
     ],
     [
      39.69452740910437,
      24.43253642995963
     ],
     [
      39.69447982254738,
      24.43206087761144
     ],
     [
      39.69442275240124,
      24.43158274965228
     ],
     [
      39.69435579877086,
      24.43110105445701
     ],
     [
      39.69427622479299,
      24.430602347874
     ],
     [
      39.6942125107681,
      24.43024373482023
     ],
     [
      39.69417614189806,
      24.43005108259262
     ],
     [
      39.69411812378294,
      24.42975981712524
     ],
     [
      39.69402014489258,
      24.42930436452524
     ],
     [
      39.69388181581824,
      24.4287215743291
     ],
     [
      39.69375174245232,
      24.42822318913608
     ],
     [
      39.6935666067611,
      24.4275765808958
     ],
     [
      39.69340406195961,
      24.42705630763603
     ],
     [
      39.69320884635872,
      24.42647784132559
     ],
     [
      39.69306842046503,
      24.42608769825273
     ],
     [
      39.69288198089662,
      24.42559842089976
     ],
     [
      39.69259795982308,
      24.42490521051529
     ],
     [
      39.69236674248847,
      24.42437992161009
     ],
     [
      39.69213927953879,
      24.42389155332834
     ],
     [
      39.69186648728631,
      24.42333863710237
     ],
     [
      39.69178951901075,
      24.42318834603725
     ],
     [
      39.69149950707257,
      24.42264255221107
     ],
     [
      39.69122837807095,
      24.42215853626589
     ],
     [
      39.6909682261226,
      24.42171556230861
     ],
     [
      39.69070469608947,
      24.42128587935331
     ],
     [
      39.69041072802795,
      24.42082707314722
     ],
     [
      39.69015157084255,
      24.4204390037147
     ],
     [
      39.68985750434754,
      24.4200157803066
     ],
     [
      39.68950857926811,
      24.41953455393726
     ],
     [
      39.68920543300898,
      24.41912771725869
     ],
     [
      39.68893090418268,
      24.41875931356628
     ],
     [
      39.68864673859051,
      24.41837785770323
     ],
     [
      39.68841076289549,
      24.41806102726075
     ],
     [
      39.68816495383086,
      24.41773132627723
     ],
     [
      39.68804443285039,
      24.41756939997976
     ],
     [
      39.6878939066968,
      24.41736723975458
     ],
     [
      39.6877010558426,
      24.41710837408239
     ],
     [
      39.68716662126077,
      24.41639091124334
     ],
     [
      39.68693552306217,
      24.41608091998341
     ],
     [
      39.68669071390296,
      24.4157522956115
     ],
     [
      39.68666110666095,
      24.41571260159847
     ],
     [
      39.68639632879866,
      24.4153571538189
     ],
     [
      39.68614595868164,
      24.41502105766664
     ],
     [
      39.68586697580032,
      24.4146464364513
     ],
     [
      39.6855491496954,
      24.41421996990551
     ],
     [
      39.68529888322402,
      24.41388396206765
     ],
     [
      39.6852840802842,
      24.41386416006706
     ],
     [
      39.68493297544435,
      24.41339295684799
     ],
     [
      39.68459131059252,
      24.41293426365689
     ],
     [
      39.68432147790642,
      24.4125720612447
     ],
     [
      39.68409039082185,
      24.41226152330945
     ],
     [
      39.68390729213789,
      24.41201579409541
     ],
     [
      39.68377036076016,
      24.41182648284044
     ],
     [
      39.6835947136473,
      24.41155398668897
     ],
     [
      39.68341278915312,
      24.41126950691964
     ],
     [
      39.68319143034291,
      24.41093309382986
     ],
     [
      39.68300173903577,
      24.41065289330737
     ],
     [
      39.68275344639364,
      24.41029619010569
     ],
     [
      39.6825467472794,
      24.41000748584596
     ],
     [
      39.68230730370146,
      24.40968190019846
     ],
     [
      39.68204308182687,
      24.40933348605973
     ],
     [
      39.68181337430178,
      24.40903892364335
     ],
     [
      39.68154965339643,
      24.40870983346463
     ],
     [
      39.68136380846632,
      24.40848344040129
     ],
     [
      39.68119466828898,
      24.40828216948919
     ],
     [
      39.68112220930026,
      24.40819615546859
     ],
     [
      39.68087677797191,
      24.40791132582675
     ],
     [
      39.68063982034957,
      24.40764316572274
     ],
     [
      39.68028772191746,
      24.4072561277045
     ],
     [
      39.68014230082639,
      24.40710017681598
     ],
     [
      39.67984246856365,
      24.40678524428648
     ],
     [
      39.67953267107,
      24.4064692720812
     ],
     [
      39.67928121994328,
      24.40621932783347
     ],
     [
      39.67894246749044,
      24.40589201438117
     ],
     [
      39.6789077694766,
      24.40585848288741
     ],
     [
      39.6785254654007,
      24.40550146982323
     ],
     [
      39.67810477804733,
      24.40512213947772
     ],
     [
      39.67783555803349,
      24.40488654185689
     ],
     [
      39.67751425780176,
      24.40461252241571
     ],
     [
      39.67712306449076,
      24.40428860028176
     ],
     [
      39.67672559125958,
      24.40397030461664
     ],
     [
      39.67637422212603,
      24.40369750078261
     ],
     [
      39.67631461184021,
      24.40365261006641
     ],
     [
      39.67596992319633,
      24.40339314187767
     ],
     [
      39.67583051637882,
      24.40329062560273
     ],
     [
      39.67558221352402,
      24.4031108347537
     ],
     [
      39.67527879350684,
      24.40289624746412
     ],
     [
      39.67523137478048,
      24.40286268149469
     ],
     [
      39.6746524360084,
      24.40246833202468
     ],
     [
      39.67414454863695,
      24.40213724501069
     ],
     [
      39.67369244106467,
      24.40185386481973
     ],
     [
      39.67332191143983,
      24.40162927620464
     ],
     [
      39.67293400699123,
      24.40140115130189
     ],
     [
      39.6724904522881,
      24.40114888772791
     ],
     [
      39.67217117563654,
      24.4009737413047
     ],
     [
      39.67206415697318,
      24.40091506059517
     ],
     [
      39.67155048565004,
      24.40064404907991
     ],
     [
      39.6710677262126,
      24.40039954144093
     ],
     [
      39.67060420164552,
      24.40017409362678
     ],
     [
      39.67003761559331,
      24.39991035564216
     ],
     [
      39.66978048600301,
      24.39979318163322
     ],
     [
      39.66961826006639,
      24.39971920928034
     ],
     [
      39.66897735905666,
      24.39942572122124
     ],
     [
      39.6687275433628,
      24.39931122249815
     ],
     [
      39.66857075401101,
      24.39923939252938
     ],
     [
      39.66809000794146,
      24.3990193413896
     ],
     [
      39.6675600320104,
      24.39877665622615
     ],
     [
      39.66696846976227,
      24.39850570113824
     ],
     [
      39.66643830033437,
      24.39826292249715
     ],
     [
      39.66625828219523,
      24.39818044491198
     ],
     [
      39.66592068799657,
      24.39802595716412
     ],
     [
      39.66540327431618,
      24.39778889883454
     ],
     [
      39.66491028034368,
      24.39756311107464
     ],
     [
      39.66456744947551,
      24.39740611443481
     ],
     [
      39.66415828792374,
      24.39721879138614
     ],
     [
      39.66365294110612,
      24.39698727350204
     ],
     [
      39.66308591134347,
      24.3967275749882
     ],
     [
      39.66285913961678,
      24.39662371286164
     ],
     [
      39.6624325842919,
      24.39642833289056
     ],
     [
      39.66192714550968,
      24.39619689983284
     ],
     [
      39.66175464576763,
      24.39611781585381
     ],
     [
      39.66118801950235,
      24.39585837925182
     ],
     [
      39.66047341255078,
      24.39553103734381
     ],
     [
      39.6596226899895,
      24.39514133579919
     ],
     [
      39.65941480467521,
      24.39504614662889
     ],
     [
      39.65880953685902,
      24.39476898692866
     ],
     [
      39.6581196548924,
      24.394452996029
     ],
     [
      39.65796208654314,
      24.39438079695418
     ],
     [
      39.65761393430955,
      24.39422127853139
     ],
     [
      39.6569607316704,
      24.39392210206723
     ],
     [
      39.65634450168366,
      24.39363983192305
     ],
     [
      39.6557900545446,
      24.39338574075194
     ],
     [
      39.65537073751791,
      24.39319383136066
     ],
     [
      39.65491445107499,
      24.39298474027675
     ],
     [
      39.65474245437013,
      24.39290591689804
     ],
     [
      39.65427411129117,
      24.39269145709534
     ],
     [
      39.6537809585048,
      24.39246554265718
     ],
     [
      39.65321406748307,
      24.39220589606165
     ],
     [
      39.65277063823847,
      24.39200270367714
     ],
     [
      39.65236417943861,
      24.39181651048348
     ],
     [
      39.65186342213278,
      24.39158710015036
     ],
     [
      39.65147208968053,
      24.39140788393712
     ],
     [
      39.65088019949884,
      24.39113668536493
     ],
     [
      39.65051041841183,
      24.39096739890776
     ],
     [
      39.64995619142434,
      24.39071328495487
     ],
     [
      39.64970967236007,
      24.39060045597942
     ],
     [
      39.64952493114565,
      24.39051581076509
     ],
     [
      39.6489455031797,
      24.39025024083707
     ],
     [
      39.64825517592411,
      24.38993411558765
     ],
     [
      39.6481957707855,
      24.38990691419336
     ],
     [
      39.6476868237997,
      24.38967364126374
     ],
     [
      39.64758966082785,
      24.38962917036373
     ],
     [
      39.64699808368589,
      24.38935813557256
     ],
     [
      39.64643102223452,
      24.38909837343479
     ],
     [
      39.64596270627915,
      24.38888379692652
     ],
     [
      39.64540839901336,
      24.38862975661809
     ],
     [
      39.6448661536345,
      24.38838144302126
     ],
     [
      39.64476721350699,
      24.38833616500467
     ],
     [
      39.64428694294098,
      24.38811603457918
     ],
     [
      39.64383108815869,
      24.3879071784672
     ],
     [
      39.64326433526337,
      24.38764740289949
     ],
     [
      39.64307367223615,
      24.38756006534951
     ],
     [
      39.6425866865067,
      24.38733688722316
     ],
     [
      39.6420958485051,
      24.38711209816134
     ],
     [
      39.64188403508354,
      24.38701500443316
     ],
     [
      39.64109549553412,
      24.38665365305224
     ],
     [
      39.64026999450815,
      24.38627529391095
     ],
     [
      39.63854567135486,
      24.38548527383399
     ],
     [
      39.63783088280824,
      24.38515773315968
     ],
     [
      39.63727571867889,
      24.38490339509566
     ],
     [
      39.63647524497346,
      24.38453637950753
     ],
     [
      39.6358954761936,
      24.38427075998526
     ],
     [
      39.63518020714346,
      24.38394302791598
     ],
     [
      39.63458848392904,
      24.38367176357218
     ],
     [
      39.63391097591138,
      24.38336129795543
     ],
     [
      39.63299982926256,
      24.38294378909667
     ],
     [
      39.63234703684446,
      24.38264459273051
     ],
     [
      39.63176817427527,
      24.3823793145437
     ],
     [
      39.63109048214727,
      24.38206874649019
     ],
     [
      39.63064682529559,
      24.38186521791079
     ],
     [
      39.63039371821093,
      24.38174931352426
     ],
     [
      39.62990687531799,
      24.38152618346052
     ],
     [
      39.62932792371368,
      24.38126080580162
     ],
     [
      39.6288838779933,
      24.38105727356196
     ],
     [
      39.62826134710071,
      24.38077202271628
     ],
     [
      39.62819404375822,
      24.3807411431457
     ],
     [
      39.62768843135867,
      24.38050950370364
     ],
     [
      39.62719576637348,
      24.38028358909629
     ],
     [
      39.62678928221438,
      24.38009723555444
     ],
     [
      39.62641106478142,
      24.37992395001606
     ],
     [
      39.62596771980368,
      24.37972067709143
     ],
     [
      39.62547486407063,
      24.37949484786937
     ],
     [
      39.62519607040313,
      24.3793670287583
     ],
     [
      39.62490798774574,
      24.37923500263142
     ],
     [
      39.62441513527246,
      24.37900907955917
     ],
     [
      39.62386071505378,
      24.37875486882788
     ],
     [
      39.62382681725817,
      24.37873929358867
     ],
     [
      39.62326963228839,
      24.3784838276209
     ],
     [
      39.62277658878094,
      24.37825799020392
     ],
     [
      39.6223946259452,
      24.37808281320188
     ],
     [
      39.62216278082931,
      24.37797656144897
     ],
     [
      39.62180335256537,
      24.37781185724887
     ],
     [
      39.62147080493746,
      24.37765932477219
     ],
     [
      39.62094090595208,
      24.37741656287239
     ],
     [
      39.62030032420996,
      24.37712277265179
     ],
     [
      39.61968435341332,
      24.37684043934368
     ],
     [
      39.61922838050919,
      24.37663141775268
     ],
     [
      39.61901703629549,
      24.37654259841189
     ],
     [
      39.61870224365199,
      24.3764103080662
     ],
     [
      39.61802471456818,
      24.3761000409019
     ],
     [
      39.61694834001314,
      24.37566739232057
     ],
     [
      39.61636755933026,
      24.37544089727308
     ],
     [
      39.61601182066521,
      24.3753020844391
     ],
     [
      39.61583163079987,
      24.37523191945509
     ],
     [
      39.6151651055046,
      24.37497189998162
     ],
     [
      39.61474812144473,
      24.37480930891571
     ],
     [
      39.61421595145336,
      24.37460166476238
     ],
     [
      39.61388847045717,
      24.37447384108243
     ],
     [
      39.61353471387176,
      24.37433600776729
     ],
     [
      39.61313255164989,
      24.37417913233825
     ],
     [
      39.61260038638945,
      24.37397139207701
     ],
     [
      39.61200470462063,
      24.37373916007768
     ],
     [
      39.61148380494103,
      24.37353588608884
     ],
     [
      39.61096271012899,
      24.37333270137956
     ],
     [
      39.61053101680051,
      24.37316419700274
     ],
     [
      39.60999866309828,
      24.37295653851823
     ],
     [
      39.60955571129484,
      24.3727837415005
     ],
     [
      39.60891934061524,
      24.37253549438952
     ],
     [
      39.6084204798364,
      24.37234088170979
     ],
     [
      39.60818991782595,
      24.37225095003065
     ],
     [
      39.60773630243105,
      24.37207403589452
     ],
     [
      39.6075575996187,
      24.37200367430662
     ],
     [
      39.6074241258771,
      24.37194803325278
     ],
     [
      39.60729233229026,
      24.37189319818358
     ],
     [
      39.60709543197705,
      24.37181116798421
     ],
     [
      39.60700483657871,
      24.37177350814846
     ],
     [
      39.60697934713297,
      24.37176286272312
     ],
     [
      39.60684805983832,
      24.3717107346863
     ],
     [
      39.60670868033771,
      24.37165710356712
     ],
     [
      39.60657987025401,
      24.37160749420177
     ],
     [
      39.60637361613846,
      24.37152802930244
     ],
     [
      39.60620914639999,
      24.3714646537368
     ],
     [
      39.60597108634519,
      24.37137312293708
     ],
     [
      39.60577540265613,
      24.37129776944734
     ],
     [
      39.60562634432272,
      24.3712405633909
     ],
     [
      39.60545319275299,
      24.37117595726649
     ],
     [
      39.60528538536566,
      24.37111548409721
     ],
     [
      39.60513378542184,
      24.37106280345439
     ],
     [
      39.60489242740009,
      24.37098239286069
     ],
     [
      39.60475526585812,
      24.37093868572996
     ],
     [
      39.60466195225641,
      24.37090970556794
     ],
     [
      39.60446368345545,
      24.37085025613564
     ],
     [
      39.60423827755119,
      24.3707860375996
     ],
     [
      39.60420905472073,
      24.37077811603704
     ],
     [
      39.6040517854636,
      24.37073566250724
     ],
     [
      39.60387290604796,
      24.37068959198319
     ],
     [
      39.60373075787939,
      24.3706545740345
     ],
     [
      39.6034987942635,
      24.37060040548759
     ],
     [
      39.60331511098089,
      24.37056004327959
     ],
     [
      39.60318246306601,
      24.37053230252781
     ],
     [
      39.60301824032288,
      24.37049962962208
     ],
     [
      39.60278544169325,
      24.37045639143116
     ],
     [
      39.60255344952891,
      24.3704168525965
     ],
     [
      39.60231930292011,
      24.37038039268121
     ],
     [
      39.60206031098252,
      24.37034421171534
     ],
     [
      39.60156882483393,
      24.37028727750573
     ],
     [
      39.60133030976652,
      24.37026519350602
     ],
     [
      39.60092552367619,
      24.37023582063393
     ],
     [
      39.60064740929785,
      24.37022156932708
     ],
     [
      39.60042227150412,
      24.37021352005793
     ],
     [
      39.60018058317475,
      24.37020842607152
     ],
     [
      39.59986061272307,
      24.37020436402584
     ],
     [
      39.59960986248543,
      24.37020120160843
     ],
     [
      39.59933298207562,
      24.37019769051568
     ],
     [
      39.59911654637141,
      24.37019502381149
     ],
     [
      39.59889962619262,
      24.37019416501665
     ],
     [
      39.59870036412036,
      24.37019522310427
     ],
     [
      39.59856174393599,
      24.37019712526737
     ],
     [
      39.59834918874928,
      24.37020193830783
     ]
    ]
   }
  },
  {
   "type": "Feature",
   "id": "user-1784467162997-115",
   "properties": {
    "name": "طريق الملك عبدالله",
    "category": "road",
    "icon": "fa-location-dot",
    "description": "",
    "ring": null
   },
   "geometry": {
    "type": "LineString",
    "coordinates": [
     [
      39.6099751912447,
      24.46234463512454
     ],
     [
      39.61006271264615,
      24.46234491412086
     ],
     [
      39.61034376124179,
      24.46235263034996
     ],
     [
      39.61185294005195,
      24.46243955253249
     ],
     [
      39.61217834226888,
      24.46247815381714
     ],
     [
      39.61225268284687,
      24.46248688412487
     ],
     [
      39.61335269338404,
      24.46261726339874
     ],
     [
      39.6134858953499,
      24.46263713380425
     ],
     [
      39.61396041443848,
      24.46272172796353
     ],
     [
      39.61442865040159,
      24.46283307909317
     ],
     [
      39.6148883310839,
      24.46297056429127
     ],
     [
      39.61533777675128,
      24.46313364858481
     ],
     [
      39.61577550497923,
      24.46332179621532
     ],
     [
      39.61619983553753,
      24.46353438193163
     ],
     [
      39.61660888906528,
      24.4637704200553
     ],
     [
      39.61700137861299,
      24.46402901282014
     ],
     [
      39.61732085811665,
      24.4642683949298
     ],
     [
      39.61736463016521,
      24.46430109041357
     ],
     [
      39.61753554186831,
      24.46444543636583
     ],
     [
      39.61773023463181,
      24.46461018618188
     ],
     [
      39.61804280898014,
      24.4649100149165
     ],
     [
      39.61806412346454,
      24.46493051932699
     ],
     [
      39.61837570456404,
      24.46526909605313
     ],
     [
      39.6186637872314,
      24.4656245666622
     ],
     [
      39.61870510057698,
      24.46567894713298
     ],
     [
      39.61876183407427,
      24.46575909423194
     ],
     [
      39.61887529952077,
      24.46591902711093
     ],
     [
      39.61902798254685,
      24.46616875188987
     ],
     [
      39.61916274872299,
      24.4664268587714
     ],
     [
      39.6192791001964,
      24.46669244670526
     ],
     [
      39.61937643954497,
      24.46696443441679
     ],
     [
      39.61945436579104,
      24.46724155919335
     ],
     [
      39.61951257750027,
      24.46752273853573
     ],
     [
      39.61955077278728,
      24.46780679962586
     ],
     [
      39.61956884621938,
      24.4680923882054
     ],
     [
      39.61956679368386,
      24.46837869147586
     ],
     [
      39.61954431107151,
      24.46866408503625
     ],
     [
      39.61953714485758,
      24.46871198074309
     ],
     [
      39.61950188674711,
      24.46894757342575
     ],
     [
      39.6194395152753,
      24.46922807288623
     ],
     [
      39.61935748547726,
      24.46950413719054
     ],
     [
      39.61925608883423,
      24.46977486197644
     ],
     [
      39.61922260165363,
      24.46984815338537
     ],
     [
      39.61912504904013,
      24.47003739926545
     ],
     [
      39.61911998646957,
      24.47005141864758
     ],
     [
      39.61910532233598,
      24.47007947600622
     ],
     [
      39.61908841740812,
      24.47011341294118
     ],
     [
      39.61907141379765,
      24.4701473502785
     ],
     [
      39.61905596820184,
      24.47017703648227
     ],
     [
      39.61903326975826,
      24.47021677722765
     ],
     [
      39.61900130591926,
      24.47027877312011
     ],
     [
      39.61893203474409,
      24.47039971609977
     ],
     [
      39.61891090529264,
      24.47043746349694
     ],
     [
      39.61881512769504,
      24.47060647161278
     ],
     [
      39.61857698341455,
      24.4710023889
     ],
     [
      39.61854116865033,
      24.47106394888933
     ],
     [
      39.61851092005246,
      24.47111356466542
     ],
     [
      39.61848152640912,
      24.47115640340052
     ],
     [
      39.61845863114817,
      24.47119632549323
     ],
     [
      39.61844257691265,
      24.47122267251436
     ],
     [
      39.61842591782813,
      24.47124640290848
     ],
     [
      39.61841211677186,
      24.4712693990946
     ],
     [
      39.61839703867571,
      24.47129357458485
     ],
     [
      39.61838918838101,
      24.47130254777656
     ],
     [
      39.61836951006615,
      24.47133441876255
     ],
     [
      39.61823398246746,
      24.47152734169592
     ],
     [
      39.61822093810675,
      24.47154365154703
     ],
     [
      39.61805815249204,
      24.47175212949708
     ],
     [
      39.61787204594404,
      24.47195392909414
     ],
     [
      39.61767315636559,
      24.47214485274565
     ],
     [
      39.61746167889599,
      24.4723244480357
     ],
     [
      39.61723869456378,
      24.47249180735842
     ],
     [
      39.61700499103053,
      24.47264656619204
     ],
     [
      39.61695333153688,
      24.472676580672
     ],
     [
      39.61676155156243,
      24.4727879979634
     ],
     [
      39.61650906385405,
      24.47291546762309
     ],
     [
      39.6162485138405,
      24.47302879047713
     ],
     [
      39.61618547284858,
      24.47305198726327
     ],
     [
      39.61598088527028,
      24.47312733027656
     ],
     [
      39.61595103431065,
      24.47313729616362
     ],
     [
      39.61591871907969,
      24.47314781397209
     ],
     [
      39.61588354575059,
      24.47315906593316
     ],
     [
      39.61584462711542,
      24.47317123628828
     ],
     [
      39.61580028831364,
      24.4731848737429
     ],
     [
      39.61574767080813,
      24.47320062213715
     ],
     [
      39.61567879280371,
      24.47322077182912
     ],
     [
      39.61551215928691,
      24.473268323541
     ],
     [
      39.61540435414353,
      24.47329892744142
     ],
     [
      39.61517066881301,
      24.47335668635991
     ],
     [
      39.61458532259038,
      24.47350167373513
     ],
     [
      39.6139137346145,
      24.47366796207491
     ],
     [
      39.61294508349386,
      24.47390779413334
     ],
     [
      39.61282886119533,
      24.47393255995495
     ],
     [
      39.61262490346479,
      24.4739756538718
     ],
     [
      39.61254032177946,
      24.47399315639623
     ],
     [
      39.61247535622656,
      24.47400633461427
     ],
     [
      39.61242054345323,
      24.47401721381027
     ],
     [
      39.61237213811328,
      24.47402671231211
     ],
     [
      39.61232846357659,
      24.47403501754788
     ],
     [
      39.61228823923017,
      24.47404258627999
     ],
     [
      39.61225067609708,
      24.47404951202182
     ],
     [
      39.61177372729611,
      24.47412414642547
     ],
     [
      39.61129321210612,
      24.47417558309807
     ],
     [
      39.6111534234015,
      24.47418373491081
     ],
     [
      39.61081031403844,
      24.47420363659015
     ],
     [
      39.61077203257351,
      24.47420487509657
     ],
     [
      39.6107309877144,
      24.47420603444846
     ],
     [
      39.61068639004468,
      24.474207117834
     ],
     [
      39.61063685808546,
      24.47420813083278
     ],
     [
      39.61058081300373,
      24.47420907981967
     ],
     [
      39.61051430771693,
      24.474209980735
     ],
     [
      39.61042757276012,
      24.47421078271775
     ],
     [
      39.61021828001735,
      24.47421189900714
     ],
     [
      39.61003286580902,
      24.47421264766572
     ],
     [
      39.60899843398099,
      24.4742168202806
     ],
     [
      39.60878913899744,
      24.47421748303017
     ],
     [
      39.6087024000925,
      24.47421747121371
     ],
     [
      39.60863579088021,
      24.47421728795442
     ],
     [
      39.60857964100568,
      24.47421697222693
     ],
     [
      39.60853039809371,
      24.4742165383491
     ],
     [
      39.60848569432829,
      24.47421608617653
     ],
     [
      39.60844454250435,
      24.4742155293745
     ],
     [
      39.60840644923653,
      24.47421486993247
     ],
     [
      39.60782146728989,
      24.47419166533037
     ],
     [
      39.6072545268339,
      24.4741443624586
     ],
     [
      39.60723833686253,
      24.47414298249878
     ],
     [
      39.60720042493961,
      24.47413898040904
     ],
     [
      39.60715955054095,
      24.47413453864387
     ],
     [
      39.60711521941554,
      24.47412947855884
     ],
     [
      39.6070662478729,
      24.4741238952203
     ],
     [
      39.60701056153052,
      24.47411734538725
     ],
     [
      39.60694450717454,
      24.47410939215659
     ],
     [
      39.60685860531794,
      24.47409871887718
     ],
     [
      39.60665135235288,
      24.47407245691631
     ],
     [
      39.60652279394196,
      24.47405608429032
     ],
     [
      39.60637280880757,
      24.47403690749405
     ],
     [
      39.60616565038121,
      24.47400974134503
     ],
     [
      39.6060800368947,
      24.47399744081343
     ],
     [
      39.60601436698073,
      24.47398731809813
     ],
     [
      39.60595916159036,
      24.47397814684314
     ],
     [
      39.60591066926673,
      24.47396958084713
     ],
     [
      39.60586691517205,
      24.47396135709305
     ],
     [
      39.60582671474955,
      24.47395339002034
     ],
     [
      39.60578947550449,
      24.47394559169327
     ],
     [
      39.60559613398993,
      24.47389813904691
     ],
     [
      39.60546282012083,
      24.47385712887071
     ],
     [
      39.60540629228274,
      24.47383965382969
     ],
     [
      39.60522093935568,
      24.47377058366244
     ],
     [
      39.60519305333648,
      24.47375832234195
     ],
     [
      39.60504056906414,
      24.47369101689733
     ],
     [
      39.60486607082937,
      24.47360122093285
     ],
     [
      39.60469794022248,
      24.4735016453751
     ],
     [
      39.60453696840603,
      24.47339264833516
     ],
     [
      39.60438365136811,
      24.47327476973512
     ],
     [
      39.60423878025593,
      24.47314836768996
     ],
     [
      39.60410285017991,
      24.4730138015
     ],
     [
      39.60397625972183,
      24.47287188242142
     ],
     [
      39.60385960222212,
      24.47272287904827
     ],
     [
      39.60375337492271,
      24.47256760224234
     ],
     [
      39.60373905661339,
      24.47254481001705
     ],
     [
      39.60372403939422,
      24.47252030461727
     ],
     [
      39.6037075308444,
      24.47249345701083
     ],
     [
      39.60368992308481,
      24.47246372374694
     ],
     [
      39.60367012422327,
      24.47242975447761
     ],
     [
      39.60364713673893,
      24.47238929533756
     ],
     [
      39.60361757637895,
      24.4723362184939
     ],
     [
      39.6035476915444,
      24.4722076196016
     ],
     [
      39.60347332383104,
      24.47207009749209
     ],
     [
      39.60315250027586,
      24.4714231949479
     ],
     [
      39.6030088433262,
      24.47107452408041
     ],
     [
      39.60287856440316,
      24.47075831271552
     ],
     [
      39.60279136578506,
      24.47049548558312
     ],
     [
      39.60265291208621,
      24.47007860647846
     ],
     [
      39.60247634491807,
      24.46938678268456
     ],
     [
      39.60234976481843,
      24.46868590859621
     ],
     [
      39.60227357942751,
      24.46797887277338
     ],
     [
      39.60225196372404,
      24.46737602242144
     ],
     [
      39.60224819720914,
      24.46726874435309
     ],
     [
      39.60225516004542,
      24.46707300608328
     ],
     [
      39.60226935075836,
      24.46667502586125
     ],
     [
      39.60227353367629,
      24.46655868470144
     ],
     [
      39.60230321045374,
      24.46628401173417
     ],
     [
      39.60234989816475,
      24.46585167293712
     ],
     [
      39.60247651464127,
      24.46515069245398
     ],
     [
      39.60247651421157,
      24.46515060214162
     ],
     [
      39.60249853487922,
      24.46505044638446
     ],
     [
      39.60250800730365,
      24.46500895447081
     ],
     [
      39.6025154540625,
      24.46497722455011
     ],
     [
      39.60252183908307,
      24.46495046613488
     ],
     [
      39.6025276479814,
      24.46492705163629
     ],
     [
      39.60253307251154,
      24.46490580620719
     ],
     [
      39.60253811052524,
      24.46488627828592
     ],
     [
      39.60254295807351,
      24.46486819614874
     ],
     [
      39.60260154833502,
      24.46467721926648
     ],
     [
      39.60267318043911,
      24.46448989323552
     ],
     [
      39.60275736571464,
      24.46430721344179
     ],
     [
      39.60285381068724,
      24.46412972292031
     ],
     [
      39.60296261742558,
      24.46395814375395
     ],
     [
      39.60308270311428,
      24.46379302212169
     ],
     [
      39.60321426764549,
      24.46363489908417
     ],
     [
      39.60335564051132,
      24.46348522630542
     ],
     [
      39.60350741156428,
      24.4633435498331
     ],
     [
      39.60366859927691,
      24.46321095732519
     ],
     [
      39.60383851555719,
      24.46308799338516
     ],
     [
      39.60401656926808,
      24.46297484097416
     ],
     [
      39.6042019745283,
      24.46287222571741
     ],
     [
      39.60439404198025,
      24.46278042128643
     ],
     [
      39.60459188579955,
      24.46269988276907
     ],
     [
      39.60479521131646,
      24.46263088226357
     ],
     [
      39.60500263808626,
      24.46257360590067
     ],
     [
      39.60521357544678,
      24.46252832697004
     ],
     [
      39.60526740374355,
      24.46251880909252
     ],
     [
      39.60532537652093,
      24.46250936491321
     ],
     [
      39.60538857912626,
      24.46249999008053
     ],
     [
      39.60545859024659,
      24.46249067826458
     ],
     [
      39.60553846729311,
      24.46248114626589
     ],
     [
      39.60563314323083,
      24.4624712839904
     ],
     [
      39.6057567228255,
      24.46246004143272
     ],
     [
      39.6060558821208,
      24.46243779910536
     ],
     [
      39.60607255182035,
      24.46243664850036
     ],
     [
      39.60622612985009,
      24.4624260077905
     ],
     [
      39.60721468557229,
      24.46238121798779
     ],
     [
      39.60814326166948,
      24.46233901121607
     ],
     [
      39.60908675569628,
      24.46234189564946
     ],
     [
      39.60983665683858,
      24.46234420063689
     ],
     [
      39.6099751912447,
      24.46234463512454
     ]
    ]
   }
  },
  {
   "type": "Feature",
   "id": "user-1784467162997-626",
   "properties": {
    "name": "طريق الأمير سلطان",
    "category": "road",
    "icon": "fa-location-dot",
    "description": "",
    "ring": null
   },
   "geometry": {
    "type": "LineString",
    "coordinates": [
     [
      39.6166140259572,
      24.32110694359523
     ],
     [
      39.61648218614589,
      24.32127691110253
     ],
     [
      39.61637092533269,
      24.3214224097326
     ],
     [
      39.61620148639944,
      24.32164382891454
     ],
     [
      39.61591755355585,
      24.32201509448186
     ],
     [
      39.61563616503242,
      24.32238291721541
     ],
     [
      39.61540413880483,
      24.32268632494262
     ],
     [
      39.61511079890278,
      24.323069910081
     ],
     [
      39.61475261697627,
      24.32353802171811
     ],
     [
      39.61425593944277,
      24.32418750483091
     ],
     [
      39.61387845571967,
      24.32468080027651
     ],
     [
      39.61326374292137,
      24.32548456494838
     ],
     [
      39.61286705504454,
      24.32600322386924
     ],
     [
      39.61223677007877,
      24.32683034874108
     ],
     [
      39.61196922097073,
      24.32719043213432
     ],
     [
      39.61153634177477,
      24.32778970472768
     ],
     [
      39.6111347856249,
      24.32836491635631
     ],
     [
      39.61065816605008,
      24.32907346381111
     ],
     [
      39.6102975140953,
      24.32962954239957
     ],
     [
      39.61000179703871,
      24.33009955937223
     ],
     [
      39.60963788619632,
      24.33069674309119
     ],
     [
      39.60952494799395,
      24.33088640782777
     ],
     [
      39.60936000862471,
      24.3311675000031
     ],
     [
      39.60915882689903,
      24.33151701604246
     ],
     [
      39.60890246242385,
      24.33197314496327
     ],
     [
      39.60868934389367,
      24.33236235680675
     ],
     [
      39.60850860397033,
      24.33269995865833
     ],
     [
      39.60821089637783,
      24.33327203672559
     ],
     [
      39.6079130954661,
      24.33386642252253
     ],
     [
      39.60769903875645,
      24.33430820038268
     ],
     [
      39.60752797357818,
      24.33467068941102
     ],
     [
      39.60743138268163,
      24.33487916309625
     ],
     [
      39.60731061543781,
      24.33514418069134
     ],
     [
      39.60714969125515,
      24.33550464176029
     ],
     [
      39.60703638703423,
      24.33576393939428
     ],
     [
      39.60687280807377,
      24.33614680903758
     ],
     [
      39.60669875462801,
      24.33656584659348
     ],
     [
      39.60657103080964,
      24.33688173904768
     ],
     [
      39.60640214796086,
      24.33731059997699
     ],
     [
      39.6062382962904,
      24.33774052439693
     ],
     [
      39.60607217623615,
      24.33819113994765
     ],
     [
      39.6059252910983,
      24.3386032944022
     ],
     [
      39.60576680617978,
      24.33906381381805
     ],
     [
      39.60564396266244,
      24.33943270118346
     ],
     [
      39.60550330652428,
      24.33987011868362
     ],
     [
      39.60547310591134,
      24.33996606395617
     ],
     [
      39.60540427294351,
      24.34018833413518
     ],
     [
      39.60531022920889,
      24.34049876247616
     ],
     [
      39.60521438638196,
      24.34082482251108
     ],
     [
      39.60511509741193,
      24.3411725719425
     ],
     [
      39.60501886972369,
      24.34152157351075
     ],
     [
      39.60490653051367,
      24.34194451731868
     ],
     [
      39.60473905377681,
      24.34260972631795
     ],
     [
      39.60455383029938,
      24.34339927991648
     ],
     [
      39.60443376277249,
      24.34391844009353
     ],
     [
      39.60433909568884,
      24.34432704315671
     ],
     [
      39.60420047945615,
      24.34492629650371
     ],
     [
      39.60409924310407,
      24.3453634652355
     ],
     [
      39.60406765578981,
      24.34550005767329
     ],
     [
      39.60405587187331,
      24.34555122314405
     ],
     [
      39.60401935556383,
      24.34570860775112
     ],
     [
      39.60398786495031,
      24.34584483852194
     ],
     [
      39.60392198274472,
      24.34612923322842
     ],
     [
      39.60383282311669,
      24.34651496417504
     ],
     [
      39.60374626805843,
      24.34688876305355
     ],
     [
      39.60367333247288,
      24.34720353169082
     ],
     [
      39.60358687467382,
      24.3475772397569
     ],
     [
      39.60348090410383,
      24.3480355606397
     ],
     [
      39.60337097023086,
      24.34851060555222
     ],
     [
      39.6032566859268,
      24.34900391138597
     ],
     [
      39.60316800209979,
      24.34938684018958
     ],
     [
      39.60309023488318,
      24.34972276150922
     ],
     [
      39.60302821422523,
      24.34999070298681
     ],
     [
      39.60291779193064,
      24.35046737512151
     ],
     [
      39.60286137538164,
      24.35071145097188
     ],
     [
      39.60278737261432,
      24.35103073910626
     ],
     [
      39.60270371186514,
      24.35139242349868
     ],
     [
      39.602592610862,
      24.35187198813699
     ],
     [
      39.60249861490452,
      24.35227896146812
     ],
     [
      39.60243765448528,
      24.35254229235687
     ],
     [
      39.60237563035679,
      24.35281005289476
     ],
     [
      39.60231737294023,
      24.35306136104282
     ],
     [
      39.60223970003232,
      24.35339728146057
     ],
     [
      39.60216405340839,
      24.35372398161624
     ],
     [
      39.60207758717453,
      24.35409768867535
     ],
     [
      39.60199595013703,
      24.35445033302389
     ],
     [
      39.60191431181456,
      24.35480279669365
     ],
     [
      39.60181209686808,
      24.35524466386295
     ],
     [
      39.60171364750001,
      24.35566989798169
     ],
     [
      39.60160853001705,
      24.35612369812916
     ],
     [
      39.60154167359882,
      24.35641270153358
     ],
     [
      39.60146563775506,
      24.3567412091189
     ],
     [
      39.60137027564694,
      24.35715261247445
     ],
     [
      39.60125723686264,
      24.35764139577976
     ],
     [
      39.60114892818331,
      24.35810902644235
     ],
     [
      39.60108322850904,
      24.35839287704222
     ],
     [
      39.6010662231143,
      24.35846619018644
     ],
     [
      39.60101414880217,
      24.35869173334977
     ],
     [
      39.60091675707063,
      24.35911235656875
     ],
     [
      39.60085472684614,
      24.35938011637854
     ],
     [
      39.60076709197854,
      24.35975843324609
     ],
     [
      39.60065501250161,
      24.36024251581061
     ],
     [
      39.60055385197059,
      24.36067977169562
     ],
     [
      39.60045964685859,
      24.36108683464093
     ],
     [
      39.60036118845664,
      24.36151197741792
     ],
     [
      39.60028949472701,
      24.36182168151303
     ],
     [
      39.60024543545718,
      24.36201215028615
     ],
     [
      39.60015393191058,
      24.36240710005602
     ],
     [
      39.5999886088549,
      24.36312133551656
     ],
     [
      39.59986290000572,
      24.36366435687746
     ],
     [
      39.59967312902307,
      24.36448453816422
     ],
     [
      39.59949504239764,
      24.36525310294028
     ],
     [
      39.59945735818167,
      24.36541600006924
     ],
     [
      39.59936932996133,
      24.36579621413539
     ],
     [
      39.59928931897406,
      24.36614126380982
     ],
     [
      39.59915993445023,
      24.36670055574288
     ],
     [
      39.59914447296423,
      24.36676717919532
     ],
     [
      39.59912949252139,
      24.36683127191753
     ],
     [
      39.59911026623789,
      24.3669149798281
     ],
     [
      39.59909345160983,
      24.36698738879822
     ],
     [
      39.59907402851865,
      24.36707118779625
     ],
     [
      39.59905373932288,
      24.36715950597648
     ],
     [
      39.59903131930752,
      24.36725596094614
     ],
     [
      39.59901180052119,
      24.36734039251941
     ],
     [
      39.59897923388113,
      24.3674806001546
     ],
     [
      39.59894551083091,
      24.36762650221103
     ],
     [
      39.59892048261329,
      24.36773443750248
     ],
     [
      39.59887641901584,
      24.36792481549589
     ],
     [
      39.59885284239473,
      24.3680269648634
     ],
     [
      39.5988283936909,
      24.36813236902026
     ],
     [
      39.59879225305621,
      24.36828839589291
     ],
     [
      39.59875881985605,
      24.36843312265595
     ],
     [
      39.59872760580831,
      24.36856754470774
     ],
     [
      39.59869349335396,
      24.36871462233243
     ],
     [
      39.59865774168469,
      24.36886956384719
     ],
     [
      39.59862614282753,
      24.36900606464388
     ],
     [
      39.59859183635847,
      24.36915386552894
     ],
     [
      39.59856555260094,
      24.36926749556724
     ],
     [
      39.59855414994019,
      24.36931676239481
     ],
     [
      39.59853607973792,
      24.36939486610766
     ],
     [
      39.59850351549712,
      24.36953579613163
     ],
     [
      39.59846283018021,
      24.36971098768206
     ],
     [
      39.59841770196638,
      24.36990588547871
     ],
     [
      39.5983855229382,
      24.37004491733147
     ],
     [
      39.59836484397359,
      24.37013441103649
     ],
     [
      39.59834918874928,
      24.37020193830783
     ],
     [
      39.59833092833721,
      24.37028157810073
     ],
     [
      39.59830290168635,
      24.3704020789206
     ],
     [
      39.59827816184643,
      24.37050865821713
     ],
     [
      39.59824627237054,
      24.37064642447814
     ],
     [
      39.59821602584127,
      24.37077713965985
     ],
     [
      39.59818539081184,
      24.3709091207805
     ],
     [
      39.59815495291599,
      24.37104110111575
     ],
     [
      39.59814267744466,
      24.37109353238274
     ],
     [
      39.59812586303991,
      24.37116621216783
     ],
     [
      39.5980762901034,
      24.37138063546706
     ],
     [
      39.59805377602149,
      24.37147835504604
     ],
     [
      39.5980257492939,
      24.37159894611945
     ],
     [
      39.5979984008083,
      24.37171700568487
     ],
     [
      39.59796390169731,
      24.37186607157098
     ],
     [
      39.59792698809315,
      24.37202589448214
     ],
     [
      39.59790350352438,
      24.37212695952514
     ],
     [
      39.59788224336568,
      24.37221880363843
     ],
     [
      39.59785160810003,
      24.37235087499359
     ],
     [
      39.59781643036128,
      24.37250247234156
     ],
     [
      39.59777495997064,
      24.37267884086273
     ],
     [
      39.59773709304188,
      24.37284571206351
     ],
     [
      39.59770539412839,
      24.3729823033376
     ],
     [
      39.59767292291443,
      24.37312241994182
     ],
     [
      39.59764045120787,
      24.37326244622436
     ],
     [
      39.59763388145971,
      24.3732911923618
     ],
     [
      39.59759541791884,
      24.37345707240477
     ],
     [
      39.59756304507303,
      24.37359718859264
     ],
     [
      39.59751501524183,
      24.37380465131576
     ],
     [
      39.59750351490408,
      24.37385427969349
     ],
     [
      39.59748573290591,
      24.37393102739068
     ],
     [
      39.59746234711594,
      24.37403227259198
     ],
     [
      39.59745644966589,
      24.3740572228319
     ],
     [
      39.59743238424283,
      24.37416072858645
     ],
     [
      39.59740890401552,
      24.37426287730191
     ],
     [
      39.59738387288729,
      24.37437072198261
     ],
     [
      39.59735797553402,
      24.37448308583173
     ],
     [
      39.59732598513509,
      24.37462076194087
     ],
     [
      39.59729709047764,
      24.37474578171599
     ],
     [
      39.59726916098045,
      24.37486637223699
     ],
     [
      39.59724258468664,
      24.3749811772477
     ],
     [
      39.59720856586102,
      24.37512789283829
     ],
     [
      39.59718498541957,
      24.37522977096102
     ],
     [
      39.59715309326368,
      24.37536744663892
     ],
     [
      39.59712526210687,
      24.37548803674035
     ],
     [
      39.59709172627214,
      24.37563267314718
     ],
     [
      39.59705809515656,
      24.37577803244178
     ],
     [
      39.59702552440622,
      24.37591823958538
     ],
     [
      39.5969955662017,
      24.37604786955431
     ],
     [
      39.5969819395061,
      24.37610671840761
     ],
     [
      39.59697623907659,
      24.37613166784896
     ],
     [
      39.59695806800363,
      24.37620968141615
     ],
     [
      39.59694260431748,
      24.3762763046055
     ],
     [
      39.59692105339298,
      24.37636950442835
     ],
     [
      39.59688964437183,
      24.3765051912025
     ],
     [
      39.59686229430019,
      24.37662334084115
     ],
     [
      39.59683900404749,
      24.37672413397383
     ],
     [
      39.59682247682163,
      24.37679527709503
     ],
     [
      39.59681976981668,
      24.37680675778131
     ],
     [
      39.59680334074805,
      24.37687781019826
     ],
     [
      39.59678401338211,
      24.37696160846416
     ],
     [
      39.59675472923757,
      24.37708789406002
     ],
     [
      39.59671655507709,
      24.37725286954188
     ],
     [
      39.59668630597685,
      24.37738367467923
     ],
     [
      39.59665305906294,
      24.37752704541876
     ],
     [
      39.59661662346883,
      24.37768433723688
     ],
     [
      39.59657922337768,
      24.37784623891415
     ],
     [
      39.59654297888184,
      24.37800226554639
     ],
     [
      39.59651350258422,
      24.37812972593921
     ],
     [
      39.59649745870206,
      24.37819888018163
     ],
     [
      39.59648537743154,
      24.37825094926152
     ],
     [
      39.5964705928994,
      24.37831531184064
     ],
     [
      39.59645242377565,
      24.37839386721775
     ],
     [
      39.59642864666895,
      24.37849610723261
     ],
     [
      39.59640651569575,
      24.378591928389
     ],
     [
      39.59638447948092,
      24.37868693633225
     ],
     [
      39.59636070269358,
      24.3787892666481
     ],
     [
      39.59633654331849,
      24.37889412728903
     ],
     [
      39.59631383203104,
      24.37899238922157
     ],
     [
      39.59628841064771,
      24.37910149963095
     ],
     [
      39.59626666583911,
      24.37919560325539
     ],
     [
      39.59624298747429,
      24.37929793316163
     ],
     [
      39.59621621517294,
      24.37941337093153
     ],
     [
      39.59618528884317,
      24.37954715901184
     ],
     [
      39.59615851686541,
      24.37966268708326
     ],
     [
      39.59613077743626,
      24.37978219282083
     ],
     [
      39.59610458640102,
      24.37989546071695
     ],
     [
      39.59608235635903,
      24.3799912822057
     ],
     [
      39.59605239674755,
      24.3801210022694
     ],
     [
      39.59603876964358,
      24.38017994133673
     ],
     [
      39.59601480104443,
      24.38028353675321
     ],
     [
      39.59599353828678,
      24.38037538055585
     ],
     [
      39.59597275793704,
      24.38046496457936
     ],
     [
      39.59596241472528,
      24.3805092596719
     ],
     [
      39.59595816419396,
      24.38052806193562
     ],
     [
      39.59594327970406,
      24.38059224421516
     ],
     [
      39.59593119715385,
      24.38064413261635
     ],
     [
      39.59591669943595,
      24.38070668769936
     ],
     [
      39.59589224524419,
      24.38081191067431
     ],
     [
      39.59586547529892,
      24.38092798056583
     ],
     [
      39.59584856108035,
      24.38100093138276
     ],
     [
      39.59584643156578,
      24.38100942937814
     ],
     [
      39.5958345461499,
      24.38106131699485
     ],
     [
      39.59580912821332,
      24.3811713304447
     ],
     [
      39.59580893354313,
      24.38117187310088
     ],
     [
      39.59578689520686,
      24.38126661000187
     ],
     [
      39.59575364889864,
      24.38141052239089
     ],
     [
      39.59573141792892,
      24.38150625350584
     ],
     [
      39.59571083316796,
      24.38159556577153
     ],
     [
      39.59568522077933,
      24.3817062121665
     ],
     [
      39.59566279546274,
      24.3818025762391
     ],
     [
      39.5956372816001,
      24.38191322223694
     ],
     [
      39.5956165985309,
      24.38200262518869
     ],
     [
      39.59558508867485,
      24.38213840234681
     ],
     [
      39.59555454873384,
      24.38227074371056
     ],
     [
      39.59552303875131,
      24.38240652085357
     ],
     [
      39.5954941398729,
      24.38253135959852
     ],
     [
      39.59546359805941,
      24.38266333968698
     ],
     [
      39.59544707147982,
      24.38273493419965
     ],
     [
      39.59543170235087,
      24.38280101494012
     ],
     [
      39.59540860249855,
      24.38290081359202
     ],
     [
      39.59538453473795,
      24.38300449959248
     ],
     [
      39.59535940468835,
      24.38311297646288
     ],
     [
      39.59534036371824,
      24.38319514770834
     ],
     [
      39.59531620020578,
      24.38329946627762
     ],
     [
      39.59531301174952,
      24.38331347764595
     ],
     [
      39.59530054316345,
      24.38336726412019
     ],
     [
      39.59528749561602,
      24.38342376232087
     ],
     [
      39.59525869152007,
      24.38354787811824
     ],
     [
      39.59523742899049,
      24.38363999273677
     ],
     [
      39.59521442407117,
      24.38373906845905
     ],
     [
      39.59520175812398,
      24.38381389911719
     ],
     [
      39.59519120569482,
      24.38387679987845
     ],
     [
      39.59518554392918,
      24.38391014839025
     ],
     [
      39.59517460509152,
      24.38397476665454
     ],
     [
      39.59516174822946,
      24.38405095278414
     ],
     [
      39.59514860145155,
      24.38412840446225
     ],
     [
      39.59513497811415,
      24.38420938029926
     ],
     [
      39.59512231292526,
      24.38428439157481
     ],
     [
      39.59510427074483,
      24.38439040204515
     ],
     [
      39.59508844153999,
      24.38448466285867
     ],
     [
      39.59507337664956,
      24.38457368239256
     ],
     [
      39.59506320415654,
      24.38463351093528
     ],
     [
      39.59504794962849,
      24.38472415688188
     ],
     [
      39.59504507004118,
      24.38474096679778
     ],
     [
      39.59502751232298,
      24.38484516905021
     ],
     [
      39.59501139268482,
      24.38494060508856
     ],
     [
      39.59499431569407,
      24.38504218630987
     ],
     [
      39.59497838476975,
      24.38513581530018
     ],
     [
      39.59496312801504,
      24.38522600966746
     ],
     [
      39.59495075000606,
      24.3852992134924
     ],
     [
      39.59493175191305,
      24.38541173037223
     ],
     [
      39.59491611165451,
      24.38550427443056
     ],
     [
      39.59489569409449,
      24.38560848788974
     ],
     [
      39.59487082420941,
      24.38573060121229
     ],
     [
      39.59485424651536,
      24.38581249176274
     ],
     [
      39.59483834173106,
      24.38589067675066
     ],
     [
      39.59482397831636,
      24.3859610885883
     ],
     [
      39.59480797784686,
      24.38603990615331
     ],
     [
      39.59479130146752,
      24.38612179708221
     ],
     [
      39.59476450528319,
      24.38625376228772
     ],
     [
      39.59475525141674,
      24.3862992270977
     ],
     [
      39.59473317796667,
      24.38640787246705
     ],
     [
      39.5947192969215,
      24.38647602452143
     ],
     [
      39.59470666904335,
      24.38653803023016
     ],
     [
      39.59469577766166,
      24.38659181044981
     ],
     [
      39.59468276462206,
      24.3866558045994
     ],
     [
      39.59466657352989,
      24.38673606793436
     ],
     [
      39.59466387036414,
      24.3867484517091
     ],
     [
      39.59465115058679,
      24.38681190281366
     ],
     [
      39.59463138612557,
      24.38690825625148
     ],
     [
      39.59461673300358,
      24.38698002392671
     ],
     [
      39.59459543299462,
      24.38708541489195
     ],
     [
      39.59456140590772,
      24.38725272162053
     ],
     [
      39.5945328727439,
      24.38739291226042
     ],
     [
      39.59447831306431,
      24.38766109115002
     ],
     [
      39.59443223611901,
      24.38788760148859
     ],
     [
      39.59439020729901,
      24.38809413629886
     ],
     [
      39.59435357424168,
      24.38827364572383
     ],
     [
      39.59432195775393,
      24.38842938259815
     ],
     [
      39.59431405161426,
      24.38846788782679
     ],
     [
      39.5942725040817,
      24.38867198220014
     ],
     [
      39.5942308586566,
      24.38887625757277
     ],
     [
      39.59417851853237,
      24.38913431233042
     ],
     [
      39.59413735489879,
      24.38933623758878
     ],
     [
      39.59410400301761,
      24.38950056113931
     ],
     [
      39.59409416843553,
      24.38954846668041
     ],
     [
      39.59407199657227,
      24.38965738325563
     ],
     [
      39.59403401376458,
      24.38984367150156
     ],
     [
      39.59403073738418,
      24.38986003137144
     ],
     [
      39.59400856246275,
      24.38996831574133
     ],
     [
      39.59398232812866,
      24.39009422745631
     ],
     [
      39.59395503054294,
      24.39022474940113
     ],
     [
      39.59391625682654,
      24.39041067944972
     ],
     [
      39.59387748215843,
      24.39059642885927
     ],
     [
      39.59385307858305,
      24.39071321155001
     ],
     [
      39.59382684437941,
      24.39083921354502
     ],
     [
      39.59379983557565,
      24.39096828928155
     ],
     [
      39.59377707198502,
      24.39107729843553
     ],
     [
      39.59370945819963,
      24.39140152345211
     ],
     [
      39.59362920466937,
      24.39178549619333
     ],
     [
      39.59354876104677,
      24.39217109529538
     ],
     [
      39.59346619639197,
      24.39256717919435
     ],
     [
      39.59336699700852,
      24.39305454635966
     ],
     [
      39.59327252063552,
      24.3935186839857
     ],
     [
      39.59322152204431,
      24.39376914660039
     ],
     [
      39.5931615607935,
      24.39406435021624
     ],
     [
      39.59309022155497,
      24.39441505176141
     ],
     [
      39.59303016069013,
      24.39471016538466
     ],
     [
      39.59293887392646,
      24.39516092363303
     ],
     [
      39.5928523251777,
      24.39559161333769
     ],
     [
      39.59277532356222,
      24.39597611465762
     ],
     [
      39.59270274958377,
      24.39633738765031
     ],
     [
      39.59263221373053,
      24.39669169836958
     ],
     [
      39.59257845521798,
      24.3969641180402
     ],
     [
      39.59247982768376,
      24.39740632472658
     ],
     [
      39.59247006261764,
      24.39751167017975
     ],
     [
      39.59240530488145,
      24.39783642516203
     ],
     [
      39.59232982005319,
      24.39820836647149
     ],
     [
      39.59228190886096,
      24.39844490809478
     ],
     [
      39.5922244515389,
      24.39872808954478
     ],
     [
      39.59216776734648,
      24.39900792629017
     ],
     [
      39.59208054310166,
      24.39944286286086
     ],
     [
      39.59204024408954,
      24.3996835291115
     ],
     [
      39.59201823643235,
      24.39982839000244
     ],
     [
      39.59193997686691,
      24.40024026110731
     ],
     [
      39.59181422662459,
      24.40083123164149
     ],
     [
      39.59171887639575,
      24.40127947598804
     ],
     [
      39.59164272911006,
      24.40163705936411
     ],
     [
      39.59157105044174,
      24.40195895083999
     ],
     [
      39.59143464141179,
      24.4025701931579
     ],
     [
      39.59137281383641,
      24.40284752078787
     ],
     [
      39.59128401967513,
      24.40315818957199
     ],
     [
      39.59119718587426,
      24.40338160643901
     ],
     [
      39.59112455895207,
      24.40356378419707
     ],
     [
      39.59088652428112,
      24.40410317070663
     ],
     [
      39.59069745162467,
      24.40452522741441
     ],
     [
      39.59049411015772,
      24.40497560808982
     ],
     [
      39.59028676484315,
      24.40543485495582
     ],
     [
      39.59012891267775,
      24.40578462762678
     ],
     [
      39.58994274810193,
      24.40619682771819
     ],
     [
      39.58975413308182,
      24.40661255940185
     ],
     [
      39.58960993416003,
      24.40692967466801
     ],
     [
      39.58943185660436,
      24.40732125083495
     ],
     [
      39.58927292585213,
      24.40767337498413
     ],
     [
      39.58903589671902,
      24.40819893644005
     ],
     [
      39.58894257250263,
      24.40840675275515
     ],
     [
      39.58886412986899,
      24.40859093895085
     ],
     [
      39.58871678789781,
      24.40889054449046
     ],
     [
      39.58854756043941,
      24.40927756944352
     ],
     [
      39.58854033866498,
      24.40929412513796
     ],
     [
      39.58849595908629,
      24.40940123045329
     ],
     [
      39.58845869147026,
      24.40951065629985
     ],
     [
      39.58842892741202,
      24.40962176895654
     ],
     [
      39.58840646925714,
      24.40973447888071
     ],
     [
      39.58839161039501,
      24.40984824304587
     ],
     [
      39.58838454391494,
      24.40996215755484
     ],
     [
      39.58838637985594,
      24.41008163698632
     ],
     [
      39.58839417557942,
      24.41018890074756
     ],
     [
      39.5884084181197,
      24.41030390652952
     ],
     [
      39.5885058025285,
      24.41099272068497
     ],
     [
      39.58855339734325,
      24.41136625851449
     ],
     [
      39.5885983232215,
      24.41169591366958
     ],
     [
      39.58864130881051,
      24.41201121627854
     ],
     [
      39.58869042013439,
      24.41237129119662
     ],
     [
      39.58878019395662,
      24.41307720403918
     ],
     [
      39.5888030136115,
      24.41331879775247
     ],
     [
      39.58883871501844,
      24.4137007808891
     ],
     [
      39.58886631096475,
      24.41429151305267
     ],
     [
      39.58887647073227,
      24.41473808025057
     ],
     [
      39.58887094071633,
      24.41511932054173
     ],
     [
      39.58882711662638,
      24.41579296845075
     ],
     [
      39.58869482960059,
      24.41657560904809
     ],
     [
      39.58856197492163,
      24.41700223082402
     ],
     [
      39.58855875396113,
      24.41700955884524
     ],
     [
      39.58854909610347,
      24.41703262666632
     ],
     [
      39.58841387953152,
      24.41726914487709
     ],
     [
      39.58762498998295,
      24.41863081473094
     ],
     [
      39.58717923062819,
      24.41947843278846
     ],
     [
      39.58710868901864,
      24.41960279892305
     ],
     [
      39.58679384095722,
      24.42015746877238
     ],
     [
      39.58647107456391,
      24.42072815436325
     ],
     [
      39.58635800014828,
      24.42086984475806
     ],
     [
      39.58608242200667,
      24.42121492106557
     ],
     [
      39.58604908590881,
      24.42125840123624
     ],
     [
      39.58575906048349,
      24.42163658810587
     ],
     [
      39.5854855859826,
      24.42207486002603
     ],
     [
      39.5853240874716,
      24.42234697085623
     ],
     [
      39.5852585825734,
      24.42247339389256
     ],
     [
      39.58517313255933,
      24.42263827778961
     ],
     [
      39.58507731796025,
      24.42282298063758
     ],
     [
      39.58493493596688,
      24.42313403311889
     ],
     [
      39.58478255138442,
      24.4235221625923
     ],
     [
      39.58471384401359,
      24.42370305755532
     ],
     [
      39.58468622034056,
      24.42378769888003
     ],
     [
      39.58454469777519,
      24.42422148539572
     ],
     [
      39.58431318779328,
      24.42509933553156
     ],
     [
      39.58428384374,
      24.42521749018334
     ],
     [
      39.5842399753133,
      24.42539467642102
     ],
     [
      39.58419610635343,
      24.42557177233106
     ],
     [
      39.58415359203351,
      24.4257431731693
     ],
     [
      39.58409500319248,
      24.42597975295428
     ],
     [
      39.58406391524629,
      24.42610486852057
     ],
     [
      39.58399167600119,
      24.42639758638521
     ],
     [
      39.58394218708776,
      24.42659683100294
     ],
     [
      39.58388253239858,
      24.42683774991036
     ],
     [
      39.58385793284752,
      24.42693673943847
     ],
     [
      39.5838140636981,
      24.42711401584814
     ],
     [
      39.58376312414417,
      24.42731967833815
     ],
     [
      39.58373620232923,
      24.42742852110518
     ],
     [
      39.58368642337216,
      24.42762921177859
     ],
     [
      39.58362299220873,
      24.42788567926209
     ],
     [
      39.58355703932779,
      24.42815154916836
     ],
     [
      39.58348285658368,
      24.42845113815904
     ],
     [
      39.58343269018344,
      24.42865354620741
     ],
     [
      39.58341225596833,
      24.42873608231454
     ],
     [
      39.58337855282102,
      24.4288719552472
     ],
     [
      39.58333313069425,
      24.42905501762043
     ],
     [
      39.58329904070602,
      24.42919260800273
     ],
     [
      39.58326398249457,
      24.42933417595466
     ],
     [
      39.5831988044416,
      24.42959724293479
     ],
     [
      39.58313110957749,
      24.42987079608507
     ],
     [
      39.583077262168,
      24.4300881201041
     ],
     [
      39.58303484359543,
      24.43025952020299
     ],
     [
      39.58295552419742,
      24.43057953980038
     ],
     [
      39.58292559748072,
      24.43070022519783
     ],
     [
      39.5829068084465,
      24.43077598128523
     ],
     [
      39.58288453504027,
      24.43086629145624
     ],
     [
      39.58283959646626,
      24.43104754549848
     ],
     [
      39.58280114698354,
      24.43120267358895
     ],
     [
      39.58276473075941,
      24.43134948488652
     ],
     [
      39.58272173030196,
      24.43152323530464
     ],
     [
      39.58266846262818,
      24.43173820873792
     ],
     [
      39.58266245994523,
      24.43176288775938
     ],
     [
      39.5826329185596,
      24.43188167499661
     ],
     [
      39.5825768438329,
      24.43210840010828
     ],
     [
      39.58252909473973,
      24.43230077356766
     ],
     [
      39.58248105745409,
      24.43249486409742
     ],
     [
      39.582459943567,
      24.43258002179483
     ],
     [
      39.58243960263778,
      24.43266165424135
     ],
     [
      39.58238927363426,
      24.43291527091962
     ],
     [
      39.58235276945064,
      24.4330646112486
     ],
     [
      39.58230290339461,
      24.43326873367672
     ],
     [
      39.58224034720407,
      24.43352357144376
     ],
     [
      39.58217653573886,
      24.43378437477752
     ],
     [
      39.58214080449116,
      24.43393028011483
     ],
     [
      39.58208899967934,
      24.43414199634993
     ],
     [
      39.58206043376509,
      24.43425861214999
     ],
     [
      39.58201434148718,
      24.43444691488314
     ],
     [
      39.58198848697985,
      24.43455250184946
     ],
     [
      39.58194684977136,
      24.43472281480583
     ],
     [
      39.58189465472535,
      24.43493561623886
     ],
     [
      39.58185427316585,
      24.43510014419842
     ],
     [
      39.58181321672222,
      24.43526810669692
     ],
     [
      39.58177254689111,
      24.43543435171738
     ],
     [
      39.58174756366607,
      24.43553641301352
     ],
     [
      39.5817137671358,
      24.43567418247438
     ],
     [
      39.58168694390278,
      24.43578374694847
     ],
     [
      39.58164724159003,
      24.43594592405037
     ],
     [
      39.58159001199384,
      24.43617969771004
     ],
     [
      39.58156425173038,
      24.43628447139647
     ],
     [
      39.58154188363464,
      24.43637604610218
     ],
     [
      39.5815145751605,
      24.43648741869793
     ],
     [
      39.58146741525197,
      24.43667987981034
     ],
     [
      39.58141764222191,
      24.43688336933256
     ],
     [
      39.58137774485171,
      24.4370461793027
     ],
     [
      39.58134975963974,
      24.43716062516109
     ],
     [
      39.58133746024204,
      24.43721061641163
     ],
     [
      39.58130918398282,
      24.43732614715503
     ],
     [
      39.58128420004432,
      24.43742820836324
     ],
     [
      39.58126202306348,
      24.43751851788086
     ],
     [
      39.58122503137665,
      24.43766966605276
     ],
     [
      39.58118939295723,
      24.43781475793559
     ],
     [
      39.58115869864186,
      24.4379408647456
     ],
     [
      39.58112151149014,
      24.4380924652115
     ],
     [
      39.58109865698656,
      24.43818566737106
     ],
     [
      39.58107638441429,
      24.43827669974054
     ],
     [
      39.58105653252303,
      24.4383577882009
     ],
     [
      39.58104035934795,
      24.43842359935918
     ],
     [
      39.58100346580549,
      24.43857474708988
     ],
     [
      39.58097886854626,
      24.43867518109019
     ],
     [
      39.58096540700281,
      24.43872996344247
     ],
     [
      39.58095572368573,
      24.43876964874382
     ],
     [
      39.5809515591251,
      24.43878655356916
     ],
     [
      39.58093025381528,
      24.43887342772648
     ],
     [
      39.58091842417674,
      24.43891835951479
     ],
     [
      39.58090304296256,
      24.43898479981651
     ],
     [
      39.58088367624802,
      24.43906417040931
     ],
     [
      39.58086643678224,
      24.43913414011196
     ],
     [
      39.58084251704075,
      24.43923177173168
     ],
     [
      39.58084232263646,
      24.43923240468037
     ],
     [
      39.58082934512903,
      24.43928519823845
     ],
     [
      39.58081782171465,
      24.43933238670672
     ],
     [
      39.58079700203442,
      24.43941763331432
     ],
     [
      39.58078131440654,
      24.43948181691273
     ],
     [
      39.58076756460849,
      24.43953831632826
     ],
     [
      39.58075090658065,
      24.439606025918
     ],
     [
      39.58073763842634,
      24.4396599946724
     ],
     [
      39.58072581444384,
      24.43970619082577
     ],
     [
      39.58071300270443,
      24.43975211982633
     ],
     [
      39.58069900631921,
      24.43979787274435
     ],
     [
      39.58068850054351,
      24.43983033601532
     ],
     [
      39.58066834580952,
      24.43988848567113
     ],
     [
      39.58065996442242,
      24.43991091586485
     ],
     [
      39.58064729161722,
      24.43994410996819
     ],
     [
      39.58062319494553,
      24.4400031778954
     ],
     [
      39.58058852542518,
      24.44008007837559
     ],
     [
      39.58055881427645,
      24.44014106444867
     ],
     [
      39.58053015807117,
      24.44019545350185
     ],
     [
      39.58048778331451,
      24.44027012566583
     ],
     [
      39.58045684194547,
      24.44032100120564
     ],
     [
      39.58043059032619,
      24.44036192413824
     ],
     [
      39.58040834783218,
      24.44039506462794
     ],
     [
      39.58037727715366,
      24.44043925736802
     ],
     [
      39.58037531777208,
      24.44044224526755
     ],
     [
      39.58034649413875,
      24.44048164270625
     ],
     [
      39.58032070222048,
      24.44051524837432
     ],
     [
      39.58028597848716,
      24.4405588229089
     ],
     [
      39.5802544837707,
      24.44059660491485
     ],
     [
      39.58022523941766,
      24.44063031412548
     ],
     [
      39.5801892162043,
      24.44067019072468
     ],
     [
      39.58015534552912,
      24.44070617553198
     ],
     [
      39.58012225371479,
      24.4407398994799
     ],
     [
      39.58008512874028,
      24.44077616769665
     ],
     [
      39.58004907858106,
      24.44081017391795
     ],
     [
      39.58001213723225,
      24.4408434610314
     ],
     [
      39.57893780369528,
      24.44179425442407
     ],
     [
      39.57809642439454,
      24.44253886504184
     ],
     [
      39.57793126280847,
      24.44268734120276
     ],
     [
      39.57784962298644,
      24.44276243361028
     ],
     [
      39.57776867652171,
      24.44283815552794
     ],
     [
      39.57768832393793,
      24.44291432670761
     ],
     [
      39.57760866512328,
      24.4429912177125
     ],
     [
      39.57752969925478,
      24.44306864791769
     ],
     [
      39.57745712190104,
      24.44314081544516
     ],
     [
      39.57737364946175,
      24.44322521699935
     ],
     [
      39.57729984249478,
      24.44330903972853
     ],
     [
      39.57714480785699,
      24.44347201703874
     ],
     [
      39.5770407472108,
      24.44358494606924
     ],
     [
      39.57685980249304,
      24.44377773544271
     ],
     [
      39.57677677317073,
      24.44387297273301
     ],
     [
      39.57671121909443,
      24.44394944822453
     ],
     [
      39.57661212694781,
      24.44407039601727
     ],
     [
      39.57649853729444,
      24.44421415828335
     ],
     [
      39.57642460949604,
      24.44431505050908
     ],
     [
      39.57636518346637,
      24.44439412161996
     ],
     [
      39.57602291688411,
      24.44484374718068
     ],
     [
      39.57591456566946,
      24.44498992755577
     ],
     [
      39.57578394711291,
      24.4451642804657
     ],
     [
      39.57565805380426,
      24.44533644772845
     ],
     [
      39.5756345131489,
      24.44536661208575
     ],
     [
      39.57552358042385,
      24.44550937005537
     ],
     [
      39.57539043455377,
      24.44567054631795
     ],
     [
      39.57530494635155,
      24.44576795971601
     ],
     [
      39.57524860870526,
      24.44583220705369
     ],
     [
      39.57509260353116,
      24.44599997265484
     ],
     [
      39.57495069704388,
      24.44614402207859
     ],
     [
      39.5747879292408,
      24.44630007218415
     ],
     [
      39.57470440586027,
      24.44637408630369
     ],
     [
      39.57457161332533,
      24.44648305868543
     ],
     [
      39.57444834354483,
      24.4465816989187
     ],
     [
      39.57431897898436,
      24.44668523918612
     ],
     [
      39.57419832956631,
      24.44677438623655
     ],
     [
      39.57396030715148,
      24.44695736397636
     ],
     [
      39.57371839718879,
      24.4471316858955
     ],
     [
      39.57356718731117,
      24.44724804275839
     ],
     [
      39.57339189853489,
      24.44734127992295
     ],
     [
      39.57321938291945,
      24.44743694486928
     ],
     [
      39.57306833178181,
      24.44752313556793
     ],
     [
      39.57295954860542,
      24.44757502706898
     ],
     [
      39.57280072227287,
      24.44764363561749
     ],
     [
      39.57259839828343,
      24.44773652269925
     ],
     [
      39.57242450351597,
      24.44781105835888
     ],
     [
      39.57218519147779,
      24.44790607181801
     ],
     [
      39.57197509755294,
      24.447982640533
     ],
     [
      39.57176231476376,
      24.44805370993515
     ],
     [
      39.57154763198508,
      24.44811918671685
     ],
     [
      39.57145599623736,
      24.44814518236612
     ],
     [
      39.57133095017735,
      24.44817898092936
     ],
     [
      39.57095575543217,
      24.44826791280264
     ],
     [
      39.57089227896156,
      24.44828124806456
     ],
     [
      39.57067078289653,
      24.44832371910958
     ],
     [
      39.57044787904405,
      24.44836032469341
     ],
     [
      39.56857057941257,
      24.44864393795712
     ],
     [
      39.56779051246206,
      24.44876165874387
     ],
     [
      39.56735311143226,
      24.4488402484727
     ],
     [
      39.56692153907548,
      24.44894274846934
     ],
     [
      39.56649747114302,
      24.44906888156454
     ],
     [
      39.56608268044958,
      24.44921800898451
     ],
     [
      39.56567834949826,
      24.44938985543964
     ],
     [
      39.56528595437214,
      24.44958360266519
     ],
     [
      39.56410166918666,
      24.45021164777808
     ],
     [
      39.56394297665071,
      24.45029000059881
     ],
     [
      39.56377931116946,
      24.4503594306458
     ],
     [
      39.56361136137559,
      24.45041948376287
     ],
     [
      39.56343962019511,
      24.45047006778415
     ],
     [
      39.56326507345285,
      24.45051099839501
     ],
     [
      39.56308801716393,
      24.45054227448303
     ],
     [
      39.56290914037813,
      24.4505635322153
     ],
     [
      39.56272923201159,
      24.45057467833432
     ],
     [
      39.56254888486583,
      24.4505758912598
     ],
     [
      39.56236888745746,
      24.45056698742772
     ],
     [
      39.56218973352773,
      24.45054805531772
     ],
     [
      39.56201211413573,
      24.45051918267833
     ],
     [
      39.56183691725734,
      24.450480366215
     ],
     [
      39.56166434225241,
      24.45043205676829
     ],
     [
      39.56149547400983,
      24.45037416000337
     ],
     [
      39.56133080706018,
      24.45030694504025
     ],
     [
      39.56097275575299,
      24.45014850708465
     ],
     [
      39.56046432891426,
      24.44994149449701
     ],
     [
      39.55994261619968,
      24.44976397195698
     ],
     [
      39.55940979097841,
      24.44961665381109
     ],
     [
      39.55886802658172,
      24.44950025443411
     ],
     [
      39.5583192973987,
      24.44941512770592
     ],
     [
      39.55776577511408,
      24.44936162680609
     ],
     [
      39.55720972965724,
      24.44934001426851
     ],
     [
      39.55665333109882,
      24.44935028208342
     ],
     [
      39.5560986508512,
      24.4493924226353
     ],
     [
      39.55554795725394,
      24.44946633730029
     ],
     [
      39.55500351786851,
      24.44957174686023
     ],
     [
      39.55446730272056,
      24.44970801196022
     ],
     [
      39.55394138210548,
      24.44987485416306
     ],
     [
      39.55342802130092,
      24.45007145245566
     ],
     [
      39.55292909178007,
      24.45029716792143
     ],
     [
      39.5524465625378,
      24.45055109036329
     ],
     [
      39.55198230356725,
      24.4508322196501
     ],
     [
      39.55153828239713,
      24.45113928436641
     ],
     [
      39.55111607315472,
      24.45147128548959
     ],
     [
      39.55071754404222,
      24.45182677135979
     ],
     [
      39.55034397214602,
      24.45220447310642
     ],
     [
      39.54999702807796,
      24.45260284948314
     ],
     [
      39.54967808652891,
      24.45302036032047
     ],
     [
      39.54938822547953,
      24.4534552858934
     ],
     [
      39.5491288197348,
      24.45390608601984
     ],
     [
      39.54890074888476,
      24.45437077073277
     ],
     [
      39.54870479507773,
      24.45484762134899
     ],
     [
      39.54854203610207,
      24.45533482778162
     ],
     [
      39.54772387306869,
      24.45808832917863
     ],
     [
      39.54767078835831,
      24.45824765602719
     ],
     [
      39.5476070335511,
      24.45840377017613
     ],
     [
      39.5475329010962,
      24.45855585772095
     ],
     [
      39.54744878406564,
      24.45870355596483
     ],
     [
      39.54735477875712,
      24.45884632265476
     ],
     [
      39.54725147363342,
      24.45898334281028
     ],
     [
      39.54713906523014,
      24.45911443507212
     ],
     [
      39.54701814280272,
      24.45923896508525
     ],
     [
      39.54688900039405,
      24.4593564801924
     ],
     [
      39.54675232593961,
      24.45946634568176
     ],
     [
      39.54660005410276,
      24.45957446115167
     ],
     [
      39.54644034029925,
      24.4596729396966
     ],
     [
      39.54627377538021,
      24.45976150821385
     ],
     [
      39.5461151407255,
      24.45983577817685
     ],
     [
      39.5459512333175,
      24.45990004208445
     ],
     [
      39.54579170893876,
      24.45995110404317
     ]
    ]
   }
  },
  {
   "type": "Feature",
   "id": "user-1784467162997-909",
   "properties": {
    "name": "طريق الملك عبدالله الدائري الثاني",
    "category": "road",
    "icon": "fa-location-dot",
    "description": "",
    "ring": null
   },
   "geometry": {
    "type": "LineString",
    "coordinates": [
     [
      39.62052260883022,
      24.42057124366787
     ],
     [
      39.62072641515618,
      24.42055559638797
     ],
     [
      39.62078005630256,
      24.4205520347513
     ],
     [
      39.62083369656172,
      24.42054829247053
     ],
     [
      39.62094196828156,
      24.42054179724374
     ],
     [
      39.62108071071283,
      24.42053364155943
     ],
     [
      39.62120446899358,
      24.42052726322294
     ],
     [
      39.62126600356893,
      24.42052421090277
     ],
     [
      39.62137409344787,
      24.42052087711708
     ],
     [
      39.621591062706,
      24.4205142963863
     ],
     [
      39.62169944846755,
      24.42051096115332
     ],
     [
      39.62182835517896,
      24.42050853499174
     ],
     [
      39.6219572618828,
      24.42050610872045
     ],
     [
      39.62208597883613,
      24.42050521846364
     ],
     [
      39.6222147975201,
      24.42050495987972
     ],
     [
      39.6225651735167,
      24.42050848634607
     ],
     [
      39.62274036306636,
      24.42051056536877
     ],
     [
      39.62291526247552,
      24.42051381946941
     ],
     [
      39.62304154590674,
      24.42051953136355
     ],
     [
      39.62316802439918,
      24.42052479077721
     ],
     [
      39.62329421409257,
      24.420531496304
     ],
     [
      39.6234204060154,
      24.42053865328796
     ],
     [
      39.62356268655704,
      24.42054800174137
     ],
     [
      39.62369164650213,
      24.4205564114953
     ],
     [
      39.62382741760827,
      24.42056587683763
     ],
     [
      39.62396260225072,
      24.42057642824776
     ],
     [
      39.6239897402149,
      24.42057902579616
     ],
     [
      39.6241193120114,
      24.42059149680765
     ],
     [
      39.62427572678889,
      24.42060674705003
     ],
     [
      39.62458964365397,
      24.4206376941325
     ],
     [
      39.6247864412015,
      24.4206610861081
     ],
     [
      39.62498432780541,
      24.42068528615842
     ],
     [
      39.62514600025504,
      24.42070656484677
     ],
     [
      39.62530718313961,
      24.42072856789875
     ],
     [
      39.6255181164868,
      24.42075813220366
     ],
     [
      39.62571809874745,
      24.42078719960179
     ],
     [
      39.62604957324837,
      24.42083803051835
     ],
     [
      39.62610051091136,
      24.420846309355
     ],
     [
      39.62635204031702,
      24.42088717446647
     ],
     [
      39.62657336696451,
      24.42092400973855
     ],
     [
      39.62679469417911,
      24.42096093499664
     ],
     [
      39.62701612015032,
      24.42099785951963
     ],
     [
      39.62718858694922,
      24.42102767115221
     ],
     [
      39.62747379366677,
      24.42107688436855
     ],
     [
      39.62759946683888,
      24.42109867092179
     ],
     [
      39.62784291487449,
      24.42114074113485
     ],
     [
      39.62811864502029,
      24.4211883667814
     ],
     [
      39.62828617695672,
      24.42121747512003
     ],
     [
      39.62846624640904,
      24.42124869875369
     ],
     [
      39.62856516641508,
      24.42126589924535
     ],
     [
      39.62869202490942,
      24.42128795090472
     ],
     [
      39.62878857548269,
      24.42130470952037
     ],
     [
      39.62901188514831,
      24.42134333924771
     ],
     [
      39.62909757558983,
      24.42135806557155
     ],
     [
      39.62935454839133,
      24.42140224465951
     ],
     [
      39.62962958691847,
      24.42144941883764
     ],
     [
      39.62991420181626,
      24.42149826862619
     ],
     [
      39.63015064054043,
      24.42153882893027
     ],
     [
      39.63038727667855,
      24.42157938804
     ],
     [
      39.63062381432359,
      24.42161994718742
     ],
     [
      39.63075591285759,
      24.4216443234406
     ],
     [
      39.63102178014096,
      24.42169171392071
     ],
     [
      39.6311553552104,
      24.42171545146648
     ],
     [
      39.63132832107078,
      24.42174606909369
     ],
     [
      39.6315014829332,
      24.42177641476116
     ],
     [
      39.63167474306007,
      24.42180666950463
     ],
     [
      39.63174187615415,
      24.42181858171671
     ],
     [
      39.63184790642804,
      24.42183728570918
     ],
     [
      39.63203992417937,
      24.42187080334631
     ],
     [
      39.63223213884829,
      24.42190422960113
     ],
     [
      39.63242425542698,
      24.42193774633412
     ],
     [
      39.63261646983685,
      24.421971081784
     ],
     [
      39.63284689296054,
      24.42201157267526
     ],
     [
      39.63305855600098,
      24.42204825817426
     ],
     [
      39.63327031824368,
      24.42208503327419
     ],
     [
      39.63348948056255,
      24.42212222867185
     ],
     [
      39.63370864300247,
      24.42215942374933
     ],
     [
      39.63385603844515,
      24.42218517825084
     ],
     [
      39.63400353303172,
      24.42221102250658
     ],
     [
      39.63431638771272,
      24.42226507418944
     ],
     [
      39.6345014949302,
      24.42229717261633
     ],
     [
      39.63464434798905,
      24.42232186161763
     ],
     [
      39.63489658403878,
      24.42236487700421
     ],
     [
      39.63514881979754,
      24.42240780165433
     ],
     [
      39.635498201136,
      24.42246774862877
     ],
     [
      39.63588627991793,
      24.42253385419525
     ],
     [
      39.63609903141983,
      24.42257089209371
     ],
     [
      39.63631938528886,
      24.42260934275353
     ],
     [
      39.63653489839628,
      24.42264627810919
     ],
     [
      39.63675031343873,
      24.42268330388247
     ],
     [
      39.63703908397264,
      24.4227336580291
     ],
     [
      39.63717956977718,
      24.42275817395568
     ],
     [
      39.63723989065744,
      24.42276866736466
     ],
     [
      39.6374024901727,
      24.42279688316342
     ],
     [
      39.63765818708149,
      24.42284123404952
     ],
     [
      39.63785020635163,
      24.42287447331062
     ],
     [
      39.63801853204114,
      24.42290365776421
     ],
     [
      39.6382892357538,
      24.42295065373444
     ],
     [
      39.63866113315514,
      24.42301528503747
     ],
     [
      39.63891643725663,
      24.42305981606763
     ],
     [
      39.63914360503552,
      24.42309949821558
     ],
     [
      39.63919306753611,
      24.42310832072882
     ],
     [
      39.63943998604467,
      24.4231525250295
     ],
     [
      39.63969441613892,
      24.42319967754003
     ],
     [
      39.6399411541063,
      24.42324713308847
     ],
     [
      39.64017111350152,
      24.42329258198181
     ],
     [
      39.64033877255151,
      24.42332628236111
     ],
     [
      39.64045805036493,
      24.42335043338364
     ],
     [
      39.64084543855259,
      24.4234350434543
     ],
     [
      39.64114664363913,
      24.42350547709474
     ],
     [
      39.641425442454,
      24.42357284410395
     ],
     [
      39.64171374588878,
      24.42364712447793
     ],
     [
      39.64191880165089,
      24.42370261083912
     ],
     [
      39.64210845510165,
      24.42375518190554
     ],
     [
      39.64235947307532,
      24.42382934828728
     ],
     [
      39.64246992146399,
      24.42386283753714
     ],
     [
      39.64259212650055,
      24.42389997966306
     ],
     [
      39.64294563332644,
      24.42401344804153
     ],
     [
      39.6432847538956,
      24.42412977647169
     ],
     [
      39.64332309300406,
      24.4241429799807
     ],
     [
      39.64370385796125,
      24.4242822508244
     ],
     [
      39.64373686843715,
      24.42429502532196
     ],
     [
      39.64396448413228,
      24.42438337754386
     ],
     [
      39.64424479189662,
      24.42449471582365
     ],
     [
      39.64452355313807,
      24.42461220151727
     ],
     [
      39.64474558887695,
      24.42470870457233
     ],
     [
      39.64498445125147,
      24.42481651515011
     ],
     [
      39.64546222820228,
      24.42504215978619
     ],
     [
      39.64574604960163,
      24.42518436764479
     ],
     [
      39.6459210894276,
      24.42527203806425
     ],
     [
      39.64619635422255,
      24.42541897790888
     ],
     [
      39.64645134398762,
      24.42555525648364
     ],
     [
      39.64666878533237,
      24.42567868985892
     ],
     [
      39.64686260271527,
      24.42579246998374
     ],
     [
      39.64701516417154,
      24.42588213178324
     ],
     [
      39.6473106183498,
      24.4260609543822
     ],
     [
      39.64755999646973,
      24.42621820789009
     ],
     [
      39.64781099032472,
      24.42638267917675
     ],
     [
      39.64814407284155,
      24.42660866354145
     ],
     [
      39.6483561378188,
      24.4267602954109
     ],
     [
      39.64878653208292,
      24.42707301433395
     ],
     [
      39.64884199016559,
      24.42711576600266
     ],
     [
      39.6490303490746,
      24.42726081530197
     ],
     [
      39.64935608319075,
      24.42751491606143
     ],
     [
      39.64954526893129,
      24.42766709594764
     ],
     [
      39.6497103861014,
      24.42779996142985
     ],
     [
      39.65001925684034,
      24.42805440404567
     ],
     [
      39.65020946252522,
      24.42821281034525
     ],
     [
      39.6504372127869,
      24.42840212300889
     ],
     [
      39.65066486740261,
      24.42859188729467
     ],
     [
      39.65091036148655,
      24.42879783099051
     ],
     [
      39.65113852324083,
      24.4289900308247
     ],
     [
      39.65131457037901,
      24.42913765892551
     ],
     [
      39.65151182272763,
      24.42930380017627
     ],
     [
      39.65176415737848,
      24.42951585431362
     ],
     [
      39.65198310904633,
      24.42970050611655
     ],
     [
      39.65219157950794,
      24.42986099863802
     ],
     [
      39.65233233450782,
      24.42999333393782
     ],
     [
      39.65255089279153,
      24.430177896262
     ],
     [
      39.65273804086261,
      24.43033513833898
     ],
     [
      39.65296035849241,
      24.4305215804173
     ],
     [
      39.65307874983048,
      24.43062086629794
     ],
     [
      39.65323033074922,
      24.43074800609917
     ],
     [
      39.65347028916371,
      24.43095008584634
     ],
     [
      39.65368686578942,
      24.43113230684902
     ],
     [
      39.65385598359494,
      24.43127409138775
     ],
     [
      39.65416668810821,
      24.43153655514985
     ],
     [
      39.65440278470984,
      24.43173521811757
     ],
     [
      39.65454119139952,
      24.43185130491899
     ],
     [
      39.65457081484565,
      24.43187619369886
     ],
     [
      39.6547063485972,
      24.43198985429719
     ],
     [
      39.65490816419741,
      24.4321592224612
     ],
     [
      39.65520469514868,
      24.43240783700817
     ],
     [
      39.65540621381194,
      24.43257675419292
     ],
     [
      39.6556121985999,
      24.43275079963181
     ],
     [
      39.65575040974576,
      24.43286679580783
     ],
     [
      39.65592012963248,
      24.43300965908573
     ],
     [
      39.6561129330623,
      24.43317156858964
     ],
     [
      39.65626739242968,
      24.43330095056565
     ],
     [
      39.65644176893365,
      24.43344749589767
     ],
     [
      39.6566043557004,
      24.43358415766792
     ],
     [
      39.65671304300636,
      24.43367526412761
     ],
     [
      39.65685155350033,
      24.43379152889173
     ],
     [
      39.6569922419195,
      24.43390922908597
     ],
     [
      39.65710776154796,
      24.43400518252362
     ],
     [
      39.65730363957201,
      24.43416969618373
     ],
     [
      39.65746553392836,
      24.43430563748226
     ],
     [
      39.65760968964887,
      24.43442594110673
     ],
     [
      39.65764426716476,
      24.43445478152854
     ],
     [
      39.65778189061609,
      24.43457086862868
     ],
     [
      39.65793794248778,
      24.43470231911082
     ],
     [
      39.6581459127256,
      24.43487743606531
     ],
     [
      39.65829770671021,
      24.43500565338585
     ],
     [
      39.65832564855649,
      24.43502937463363
     ],
     [
      39.65850964206179,
      24.43518427479967
     ],
     [
      39.65871820434446,
      24.43535911741127
     ],
     [
      39.6589651210888,
      24.43556802157428
     ],
     [
      39.65915228503741,
      24.43572525526885
     ],
     [
      39.65932627032412,
      24.43587116662528
     ],
     [
      39.65947092845113,
      24.43599254996694
     ],
     [
      39.65950194051465,
      24.43601851544672
     ],
     [
      39.65966226029585,
      24.43615428051866
     ],
     [
      39.65982446833404,
      24.43629265627508
     ],
     [
      39.66010460557462,
      24.43653410716219
     ],
     [
      39.66026206683239,
      24.43667006466816
     ],
     [
      39.66046027791326,
      24.43684531119554
     ],
     [
      39.66062648440857,
      24.4369934224748
     ],
     [
      39.66066186660284,
      24.43702496807137
     ],
     [
      39.66081797530571,
      24.4371661690723
     ],
     [
      39.66088884937805,
      24.43723133689881
     ],
     [
      39.66104606207291,
      24.43737605506369
     ],
     [
      39.66121420218227,
      24.43753526580025
     ],
     [
      39.66133823535295,
      24.43765456988913
     ],
     [
      39.66137581453886,
      24.43769116327249
     ],
     [
      39.66152166926139,
      24.43783313084858
     ],
     [
      39.66168678171437,
      24.43799795371959
     ],
     [
      39.66183723151994,
      24.43815073851734
     ],
     [
      39.66184447195364,
      24.43815820287543
     ],
     [
      39.66189396086435,
      24.43820847169546
     ],
     [
      39.66206803798902,
      24.43838960167742
     ],
     [
      39.66228261935154,
      24.43861941381904
     ],
     [
      39.66243560902695,
      24.43878600485762
     ],
     [
      39.66263258695777,
      24.43900722344482
     ],
     [
      39.66276260087484,
      24.4391566648632
     ],
     [
      39.66285579774302,
      24.43926445227312
     ],
     [
      39.66292497628012,
      24.4393445282755
     ],
     [
      39.66301937657876,
      24.43945601316349
     ],
     [
      39.66307735271701,
      24.43952557149403
     ],
     [
      39.66317157535752,
      24.43964075991878
     ],
     [
      39.66330135037735,
      24.43980085889905
     ],
     [
      39.66337701447446,
      24.43989481454236
     ],
     [
      39.66348625236359,
      24.44003260563107
     ],
     [
      39.66353124591185,
      24.44009075088576
     ],
     [
      39.66358646894794,
      24.44016194672841
     ],
     [
      39.66363653012014,
      24.44022702386822
     ],
     [
      39.6637176809768,
      24.4403325154015
     ],
     [
      39.66385766676513,
      24.4405206566047
     ],
     [
      39.66394093032233,
      24.44063390570855
     ],
     [
      39.66401009632791,
      24.44073014737248
     ],
     [
      39.66411782347404,
      24.44088058850733
     ],
     [
      39.66424971926267,
      24.44106840357976
     ],
     [
      39.6643398841201,
      24.44119950423485
     ],
     [
      39.66444377132538,
      24.44135122637138
     ],
     [
      39.66452471569362,
      24.44147351667381
     ],
     [
      39.66460794954441,
      24.44159968035409
     ],
     [
      39.66471506431879,
      24.44176475451889
     ],
     [
      39.66478648900787,
      24.44187760357223
     ],
     [
      39.66480807574941,
      24.44191173755278
     ],
     [
      39.66489513091736,
      24.44205161193115
     ],
     [
      39.6649941348003,
      24.44221247679116
     ],
     [
      39.66508678735238,
      24.44236614441876
     ],
     [
      39.66510749303335,
      24.44240154661638
     ],
     [
      39.66510908519531,
      24.44240415870956
     ],
     [
      39.66516940905281,
      24.44250703156525
     ],
     [
      39.6652767311199,
      24.44269251524948
     ],
     [
      39.66536107157062,
      24.44284125200102
     ],
     [
      39.66543935085097,
      24.44298170651583
     ],
     [
      39.66550668425177,
      24.4431042367434
     ],
     [
      39.66562643793757,
      24.44332732621316
     ],
     [
      39.66569479522589,
      24.4434568962989
     ],
     [
      39.66575399649349,
      24.44357124365701
     ],
     [
      39.6658033397426,
      24.44366820386399
     ],
     [
      39.66586853957994,
      24.44379760713177
     ],
     [
      39.66593005192956,
      24.44391989183053
     ],
     [
      39.6659854038145,
      24.44403380446499
     ],
     [
      39.66602978632605,
      24.44412536761591
     ],
     [
      39.6660804585311,
      24.44423108228241
     ],
     [
      39.66615101475548,
      24.44438466585596
     ],
     [
      39.66621857786436,
      24.44453185031209
     ],
     [
      39.66629484928123,
      24.44470283914898
     ],
     [
      39.66638461477001,
      24.44490718450119
     ],
     [
      39.66647232878164,
      24.44511533199963
     ],
     [
      39.66654247917066,
      24.44528535421188
     ],
     [
      39.66662834399946,
      24.4454982060553
     ],
     [
      39.66669274439976,
      24.44566283471452
     ],
     [
      39.66676206785971,
      24.4458443302683
     ],
     [
      39.66684203654819,
      24.44606145269368
     ],
     [
      39.66687577813092,
      24.44615541062108
     ],
     [
      39.66690170973222,
      24.44622754710292
     ],
     [
      39.66694287871583,
      24.44634558597295
     ],
     [
      39.66699207083511,
      24.44648842566583
     ],
     [
      39.66709351536075,
      24.44679314764569
     ],
     [
      39.66720820939761,
      24.44715958553319
     ],
     [
      39.6672774127947,
      24.44739292128002
     ],
     [
      39.66737477952911,
      24.44774733343838
     ],
     [
      39.66746234444145,
      24.4480763203613
     ],
     [
      39.66753472099234,
      24.44836870697414
     ],
     [
      39.66753794696007,
      24.44838178819234
     ],
     [
      39.66761741757497,
      24.44872851216058
     ],
     [
      39.66767127351216,
      24.44898846757697
     ],
     [
      39.66772806162953,
      24.44926186672474
     ],
     [
      39.66776568104168,
      24.44947357605874
     ],
     [
      39.66781030876429,
      24.44972336671691
     ],
     [
      39.6678887034309,
      24.45022127997501
     ],
     [
      39.66793067105109,
      24.45050910428793
     ],
     [
      39.66794370269476,
      24.4506230223313
     ],
     [
      39.66798409832256,
      24.45098689749656
     ],
     [
      39.66799715673704,
      24.45110587296259
     ],
     [
      39.66801801238953,
      24.45133770581198
     ],
     [
      39.66801801286567,
      24.45133779612334
     ],
     [
      39.66805033024365,
      24.45174126421423
     ],
     [
      39.66809276147877,
      24.45249103968106
     ],
     [
      39.66810047100147,
      24.45275562402484
     ],
     [
      39.66810112843888,
      24.45282416902695
     ],
     [
      39.66810360644051,
      24.45303214994463
     ],
     [
      39.6681038065614,
      24.45327590504497
     ],
     [
      39.66810358106663,
      24.45328927243081
     ],
     [
      39.66810056566074,
      24.45348454341438
     ],
     [
      39.66809827556283,
      24.45370509895065
     ],
     [
      39.66809659422786,
      24.45377916339822
     ],
     [
      39.66809400106244,
      24.45386741108355
     ],
     [
      39.6680890645863,
      24.4540164500634
     ],
     [
      39.66808245135371,
      24.45416558676284
     ],
     [
      39.66807406222203,
      24.45431473130641
     ],
     [
      39.66806651006204,
      24.45445420861182
     ],
     [
      39.66805728161057,
      24.45459387394827
     ],
     [
      39.66804637448086,
      24.4547332757589
     ],
     [
      39.66803467471041,
      24.4548720488749
     ],
     [
      39.66802267893522,
      24.4550108232958
     ],
     [
      39.66801038715433,
      24.45514959902151
     ],
     [
      39.66799617022371,
      24.45529750490536
     ],
     [
      39.66798057105327,
      24.45544523626574
     ],
     [
      39.66796388657496,
      24.45559297241723
     ],
     [
      39.66796341469653,
      24.45559703860577
     ],
     [
      39.66794608535668,
      24.45573475281302
     ],
     [
      39.66792769070405,
      24.45587626488626
     ],
     [
      39.66790870451984,
      24.456017869882
     ],
     [
      39.66789017970417,
      24.45615342183676
     ],
     [
      39.66786977884635,
      24.45628871113483
     ],
     [
      39.66784770021687,
      24.45642391752648
     ],
     [
      39.66782601095537,
      24.45655812874591
     ],
     [
      39.66780343273853,
      24.45669216326051
     ],
     [
      39.66777976919099,
      24.45682620256413
     ],
     [
      39.66775570237747,
      24.45695861800248
     ],
     [
      39.66773084478797,
      24.45709076598802
     ],
     [
      39.66770519689619,
      24.45722273683171
     ],
     [
      39.66768338693142,
      24.45733409926463
     ],
     [
      39.66766019469817,
      24.45744528717116
     ],
     [
      39.66763591522985,
      24.45755611862105
     ],
     [
      39.66761782306708,
      24.4576428090659
     ],
     [
      39.66761281825022,
      24.45766667390409
     ],
     [
      39.66758833994854,
      24.45777723528244
     ],
     [
      39.6675621824276,
      24.45788744281734
     ],
     [
      39.66752733220779,
      24.45803318189346
     ],
     [
      39.66750366844721,
      24.45812983139624
     ],
     [
      39.66749159441658,
      24.4581790151924
     ],
     [
      39.66745516447443,
      24.45832458059725
     ],
     [
      39.66743920572825,
      24.45838552228062
     ],
     [
      39.6674234438189,
      24.45844637277968
     ],
     [
      39.66740738495223,
      24.45850704396109
     ],
     [
      39.66739268071585,
      24.45856265161056
     ],
     [
      39.66737787685164,
      24.45861807907145
     ],
     [
      39.66736287707486,
      24.45867377833573
     ],
     [
      39.66733014629684,
      24.4587911495993
     ],
     [
      39.66729731679673,
      24.45890852129077
     ],
     [
      39.66726458637827,
      24.45902598285041
     ],
     [
      39.66723170442905,
      24.4591334202854
     ],
     [
      39.66719931527195,
      24.45924076522436
     ],
     [
      39.66716732214677,
      24.45934837934816
     ],
     [
      39.66712384496424,
      24.45948611850047
     ],
     [
      39.66707750308769,
      24.45962323808694
     ],
     [
      39.66702829317902,
      24.4597591059262
     ],
     [
      39.66688060436243,
      24.46019308111061
     ],
     [
      39.66675071336973,
      24.46055942324056
     ],
     [
      39.66663075508447,
      24.4608821904071
     ],
     [
      39.66653060150766,
      24.46116233255441
     ],
     [
      39.66642100835348,
      24.461448747871
     ],
     [
      39.66630471840593,
      24.46175641626552
     ],
     [
      39.6662323771369,
      24.46194070344518
     ],
     [
      39.66614770832842,
      24.46216369903521
     ],
     [
      39.66607140107418,
      24.4623631762582
     ],
     [
      39.66601541907142,
      24.46250629866521
     ],
     [
      39.66600879616607,
      24.4625227648776
     ],
     [
      39.6659871832564,
      24.46257822219281
     ],
     [
      39.66589226801507,
      24.46282302829974
     ],
     [
      39.66579968197257,
      24.46306050870421
     ],
     [
      39.6657122836656,
      24.46329010894102
     ],
     [
      39.66560804149778,
      24.4635627724548
     ],
     [
      39.66553804158822,
      24.46374235268884
     ],
     [
      39.66551146266195,
      24.46381047566906
     ],
     [
      39.66543631043674,
      24.46400479961603
     ],
     [
      39.66534618515961,
      24.46424145608158
     ],
     [
      39.66532477186677,
      24.4642974543009
     ],
     [
      39.6652400828969,
      24.46451719817613
     ],
     [
      39.66515947605214,
      24.46472518330365
     ],
     [
      39.66510194369326,
      24.46487409224004
     ],
     [
      39.66499584277074,
      24.46515028571917
     ],
     [
      39.66493452883829,
      24.46529316023425
     ],
     [
      39.66489095868686,
      24.46539522535372
     ],
     [
      39.66488686911794,
      24.46540562937782
     ],
     [
      39.66477199659032,
      24.46570272366344
     ],
     [
      39.66468565257138,
      24.46592708047941
     ],
     [
      39.66456266726968,
      24.46623902166642
     ],
     [
      39.66446974624433,
      24.46647000014807
     ],
     [
      39.66439094914141,
      24.4666660555393
     ],
     [
      39.66435909295439,
      24.46674413597626
     ],
     [
      39.66430229745195,
      24.46688337783538
     ],
     [
      39.66421000839784,
      24.46710333515036
     ],
     [
      39.66407972773784,
      24.46741693363709
     ],
     [
      39.66395269849107,
      24.46771091973471
     ],
     [
      39.66382421293019,
      24.46799073292954
     ],
     [
      39.66368810051166,
      24.46828394587907
     ],
     [
      39.66358054420009,
      24.46850947896262
     ],
     [
      39.66355155965678,
      24.46857083865437
     ],
     [
      39.66349003972499,
      24.4686938445501
     ],
     [
      39.66342441852459,
      24.46882508693639
     ],
     [
      39.66330243695464,
      24.46906603640904
     ],
     [
      39.66316147856659,
      24.46933876903029
     ],
     [
      39.66302779373101,
      24.46958735595549
     ],
     [
      39.66298576800899,
      24.4696645775831
     ],
     [
      39.66289252867177,
      24.46983576906814
     ],
     [
      39.66273902057554,
      24.4701053953797
     ],
     [
      39.66262043747803,
      24.47031742914203
     ],
     [
      39.66245602607597,
      24.47059676650013
     ],
     [
      39.6622946944947,
      24.47086136911506
     ],
     [
      39.66216259498888,
      24.47107409395158
     ],
     [
      39.66213450429082,
      24.47111792867486
     ],
     [
      39.6620494389128,
      24.47124871378281
     ],
     [
      39.66200911309522,
      24.47131156787882
     ],
     [
      39.66192814406899,
      24.47143321333067
     ],
     [
      39.66177133660838,
      24.47167648163824
     ],
     [
      39.66161114388941,
      24.47191407486897
     ],
     [
      39.66156755809057,
      24.4719763109287
     ],
     [
      39.66149233356185,
      24.47208330024684
     ],
     [
      39.66125335363527,
      24.47242618202691
     ],
     [
      39.66110041813058,
      24.47263664897833
     ],
     [
      39.66107258171727,
      24.47267262513781
     ],
     [
      39.66097576246688,
      24.4728016548049
     ],
     [
      39.66082815087635,
      24.47299250021248
     ],
     [
      39.66058155596409,
      24.47331391968565
     ],
     [
      39.66031450688645,
      24.47364915576824
     ],
     [
      39.66000816357055,
      24.47401861113811
     ],
     [
      39.65970236722943,
      24.47437975468789
     ],
     [
      39.65935834770777,
      24.47477249345616
     ],
     [
      39.65921520411707,
      24.47493161785502
     ],
     [
      39.65908717221515,
      24.47507451012597
     ],
     [
      39.65881304687551,
      24.47537879701305
     ],
     [
      39.65841123923013,
      24.47581784540235
     ],
     [
      39.65801097478374,
      24.47625056409347
     ],
     [
      39.65763277690169,
      24.47665753672691
     ],
     [
      39.65731553737674,
      24.47700292052226
     ],
     [
      39.6570510654405,
      24.47728648053562
     ],
     [
      39.65672802648847,
      24.47763685557326
     ],
     [
      39.65634697459839,
      24.47804690810991
     ],
     [
      39.65595220576545,
      24.47847643661686
     ],
     [
      39.65558743191992,
      24.47886754112408
     ],
     [
      39.65550136547877,
      24.47895976318237
     ],
     [
      39.65534672290412,
      24.47912977147471
     ],
     [
      39.65529432473665,
      24.47918734769347
     ],
     [
      39.65520091437023,
      24.47929070997192
     ],
     [
      39.65507384073023,
      24.47942980159591
     ],
     [
      39.65492949722247,
      24.47958793377208
     ],
     [
      39.65461790670742,
      24.47992172742618
     ],
     [
      39.6545523500699,
      24.47999200426826
     ],
     [
      39.65407580194787,
      24.4805058736217
     ],
     [
      39.65374646925336,
      24.48086367534924
     ],
     [
      39.65343303112677,
      24.48120397716006
     ],
     [
      39.65305058054423,
      24.48161484041702
     ],
     [
      39.65271269539475,
      24.48198017290901
     ],
     [
      39.6526189741134,
      24.48208145776028
     ],
     [
      39.65230248197265,
      24.48242393798405
     ],
     [
      39.65215507942872,
      24.48258343546989
     ],
     [
      39.65178695292186,
      24.482979603
     ],
     [
      39.65170648075495,
      24.48306692188413
     ],
     [
      39.6514836101159,
      24.48330847781342
     ],
     [
      39.65146957651926,
      24.48332371096753
     ],
     [
      39.65113364014554,
      24.48368596094106
     ],
     [
      39.65085816083649,
      24.48398373695991
     ],
     [
      39.6505706084962,
      24.48429447928241
     ],
     [
      39.65007155743385,
      24.48483335963316
     ],
     [
      39.649402134862,
      24.48555802284403
     ],
     [
      39.64929515902911,
      24.48567363215595
     ],
     [
      39.64917494019199,
      24.48580483219401
     ],
     [
      39.64905715858773,
      24.4859302416153
     ],
     [
      39.64894124760687,
      24.48605483009041
     ],
     [
      39.64882034094916,
      24.48618675531301
     ],
     [
      39.6487589018268,
      24.48625294790596
     ],
     [
      39.64871983934011,
      24.48629493072636
     ],
     [
      39.64862709021271,
      24.48639458333506
     ],
     [
      39.64855064269948,
      24.48647854169666
     ],
     [
      39.64853641102886,
      24.48649377543403
     ],
     [
      39.64845279172582,
      24.48658408646952
     ],
     [
      39.64833090228741,
      24.48671700897322
     ],
     [
      39.64827113568954,
      24.48678229105985
     ],
     [
      39.64821136810467,
      24.48684739250097
     ],
     [
      39.64815120386256,
      24.48691213436785
     ],
     [
      39.64810074657468,
      24.48696455195465
     ],
     [
      39.64809328759703,
      24.48697262184145
     ],
     [
      39.64805108289978,
      24.48701777893951
     ],
     [
      39.64800211276371,
      24.48707154481272
     ],
     [
      39.64785744645669,
      24.48722786548294
     ],
     [
      39.64777226431385,
      24.48732152444381
     ],
     [
      39.64766254078069,
      24.48744075693713
     ],
     [
      39.64756114993646,
      24.48754911603399
     ],
     [
      39.64743395913153,
      24.48768784060632
     ],
     [
      39.6473639822531,
      24.48776373276055
     ],
     [
      39.64728458356223,
      24.48784987066124
     ],
     [
      39.64711066519635,
      24.4880372934424
     ],
     [
      39.64687207995023,
      24.4882970629959
     ],
     [
      39.64650834010569,
      24.48868904471377
     ],
     [
      39.64625747225177,
      24.48895979379683
     ],
     [
      39.64606529866754,
      24.48916761399566
     ],
     [
      39.64594457974462,
      24.48929881365144
     ],
     [
      39.6458988424106,
      24.48934822999228
     ],
     [
      39.64582346397464,
      24.48942965365637
     ],
     [
      39.64570205050679,
      24.48956022389893
     ],
     [
      39.64546255657162,
      24.48981710512853
     ],
     [
      39.64525802485566,
      24.49004051101839
     ],
     [
      39.64523495923944,
      24.49006535539987
     ],
     [
      39.64503580901676,
      24.49027979698885
     ],
     [
      39.64468266838425,
      24.49066233654469
     ],
     [
      39.64463859489675,
      24.49070921663703
     ],
     [
      39.64440585467885,
      24.49095595230849
     ],
     [
      39.64412913884206,
      24.49124965747053
     ],
     [
      39.6438302272183,
      24.49156495131997
     ],
     [
      39.64375542586717,
      24.49164393305296
     ],
     [
      39.64353151148925,
      24.49188024375438
     ],
     [
      39.64312379305626,
      24.49232261905375
     ],
     [
      39.64300817383409,
      24.49244864683323
     ],
     [
      39.6429354457923,
      24.49252798059333
     ],
     [
      39.6427472939238,
      24.49273307013105
     ],
     [
      39.6425355363526,
      24.49295415501249
     ],
     [
      39.64231484530383,
      24.49318476049358
     ],
     [
      39.64195437937542,
      24.4935467335201
     ],
     [
      39.64170914469581,
      24.49376443735152
     ],
     [
      39.6415704142059,
      24.49388767223163
     ],
     [
      39.64116412814028,
      24.49420639737601
     ],
     [
      39.64038391705954,
      24.49478446170293
     ],
     [
      39.63956715732645,
      24.49531869430075
     ],
     [
      39.63945378956593,
      24.49538374840787
     ],
     [
      39.6391299238477,
      24.49556971986043
     ],
     [
      39.63871689784483,
      24.49580691416395
     ],
     [
      39.63844036035766,
      24.49594517917551
     ],
     [
      39.63783599304592,
      24.49624748303004
     ],
     [
      39.63749613176849,
      24.49639387105867
     ],
     [
      39.63728429692264,
      24.49648516883608
     ],
     [
      39.63703690967114,
      24.49659178894483
     ],
     [
      39.63692779144412,
      24.49663885090949
     ],
     [
      39.63666494499326,
      24.49673316270044
     ],
     [
      39.63396956228537,
      24.49770001816469
     ],
     [
      39.63298869655404,
      24.49805192984185
     ],
     [
      39.63297293334905,
      24.49805759534853
     ],
     [
      39.63228917030906,
      24.49829681013819
     ],
     [
      39.63175811614837,
      24.49848200782269
     ],
     [
      39.63142501043352,
      24.49860035695093
     ],
     [
      39.63123062426185,
      24.49866935628769
     ],
     [
      39.63091426157801,
      24.49878077049163
     ],
     [
      39.63090440911938,
      24.49878424356653
     ],
     [
      39.63063454789057,
      24.49887893554013
     ],
     [
      39.63049986341036,
      24.49892619000689
     ],
     [
      39.63030675250275,
      24.49899382814186
     ],
     [
      39.62990120540859,
      24.49913315808868
     ],
     [
      39.62933423524662,
      24.49932183876396
     ],
     [
      39.62919864174085,
      24.4993651220836
     ],
     [
      39.62892321004832,
      24.49945161572852
     ],
     [
      39.62875212865463,
      24.49950371654927
     ],
     [
      39.62851874052525,
      24.49957007512583
     ],
     [
      39.62830475541902,
      24.49962831471523
     ],
     [
      39.62805231791518,
      24.49969466153248
     ],
     [
      39.6278483541282,
      24.4997437371453
     ],
     [
      39.62783327013484,
      24.49974714146256
     ],
     [
      39.62766833042858,
      24.49978404288208
     ],
     [
      39.62748120761729,
      24.49982582292279
     ],
     [
      39.62732118102406,
      24.49985836850572
     ],
     [
      39.62715000788052,
      24.49989222460692
     ],
     [
      39.62692418750885,
      24.49993253905312
     ],
     [
      39.62668098872844,
      24.49997138996749
     ],
     [
      39.62649478377915,
      24.49999934703715
     ],
     [
      39.62632217520112,
      24.50002246086921
     ],
     [
      39.62610340278522,
      24.50005109443167
     ],
     [
      39.62589506710075,
      24.50007462686508
     ],
     [
      39.62585896324276,
      24.50007866000055
     ],
     [
      39.6257080369148,
      24.50009545163234
     ],
     [
      39.62558017346058,
      24.5001056449952
     ],
     [
      39.62554041153735,
      24.50010842882369
     ],
     [
      39.625431196423,
      24.50011746103823
     ],
     [
      39.62529543626515,
      24.5001275062442
     ],
     [
      39.62515907407556,
      24.50013556692646
     ],
     [
      39.62501353572186,
      24.50014420735164
     ],
     [
      39.62487499545963,
      24.50015092209311
     ],
     [
      39.62463155183201,
      24.50016041887975
     ],
     [
      39.62447848565895,
      24.50016367112853
     ],
     [
      39.62430883078802,
      24.5001654564876
     ],
     [
      39.62418072201633,
      24.50016598614795
     ],
     [
      39.62405546653935,
      24.50016469763825
     ],
     [
      39.62391668867446,
      24.50016328427672
     ],
     [
      39.62379567048663,
      24.50016062334047
     ],
     [
      39.62366211064703,
      24.50015656909761
     ],
     [
      39.62353200610093,
      24.50015268109384
     ],
     [
      39.62339339580003,
      24.5001452155602
     ],
     [
      39.62325596854132,
      24.50013747407528
     ],
     [
      39.62309780824033,
      24.50012846332741
     ],
     [
      39.6229397315245,
      24.50011638141235
     ],
     [
      39.62281541589305,
      24.50010551477246
     ],
     [
      39.62269692607403,
      24.5000951658837
     ],
     [
      39.62250446862367,
      24.50007627116674
     ],
     [
      39.62238467756138,
      24.50006222454644
     ],
     [
      39.62223772840255,
      24.50004494815878
     ],
     [
      39.62209452621065,
      24.50002693368175
     ],
     [
      39.62193344613144,
      24.50000619299418
     ],
     [
      39.62178707239175,
      24.49998548188498
     ],
     [
      39.62159170016402,
      24.49995585070375
     ],
     [
      39.62138346679379,
      24.49992004057103
     ],
     [
      39.6211482475737,
      24.49987585170525
     ],
     [
      39.62099323556502,
      24.49984460868529
     ],
     [
      39.62095144465173,
      24.49983620078322
     ],
     [
      39.6207772620464,
      24.49980024976681
     ],
     [
      39.62071946054751,
      24.49978748226679
     ],
     [
      39.6202919026482,
      24.49968799799547
     ],
     [
      39.61995796963669,
      24.49960032042439
     ],
     [
      39.61986773911403,
      24.49957612562198
     ],
     [
      39.61976099484932,
      24.49954558629377
     ],
     [
      39.61965069003082,
      24.49951352617262
     ],
     [
      39.61954808935524,
      24.49948260843297
     ],
     [
      39.61941247052926,
      24.49944089814909
     ],
     [
      39.61923700409375,
      24.49938444944714
     ],
     [
      39.61912430163435,
      24.49934643808038
     ],
     [
      39.61904105059096,
      24.49931643409633
     ],
     [
      39.61895552337739,
      24.49928517500774
     ],
     [
      39.61880612337336,
      24.4992306961506
     ],
     [
      39.61872277157189,
      24.49920024083373
     ],
     [
      39.61861163575033,
      24.49915960356768
     ],
     [
      39.61844008785599,
      24.49909699655443
     ],
     [
      39.61834931810242,
      24.49906332012543
     ],
     [
      39.61821264071198,
      24.49900680167146
     ],
     [
      39.61811888414277,
      24.49896780883481
     ],
     [
      39.61796173137594,
      24.49890207167941
     ],
     [
      39.61784008085518,
      24.49885054893616
     ],
     [
      39.61773474882568,
      24.49880582315772
     ],
     [
      39.61759104293993,
      24.4987449075236
     ],
     [
      39.61744268656854,
      24.49868157230248
     ],
     [
      39.61732657314012,
      24.49863201339188
     ],
     [
      39.61716387437644,
      24.49856223395671
     ],
     [
      39.61700551752637,
      24.49849225597343
     ],
     [
      39.61686763494921,
      24.49843122552774
     ],
     [
      39.61673736926006,
      24.49837368606936
     ],
     [
      39.6165631832389,
      24.49829591499075
     ],
     [
      39.61642510060847,
      24.49823425275487
     ],
     [
      39.61628217145868,
      24.49817044264666
     ],
     [
      39.61618009396094,
      24.49812497997056
     ],
     [
      39.61596940943653,
      24.4980308297568
     ],
     [
      39.61575576743541,
      24.4979373234981
     ],
     [
      39.61563855956401,
      24.49788569051522
     ],
     [
      39.61551719778684,
      24.49783226810176
     ],
     [
      39.61541987139299,
      24.49778949493975
     ],
     [
      39.61527665550063,
      24.49772740098588
     ],
     [
      39.61516212772514,
      24.49767882736509
     ],
     [
      39.61504492911393,
      24.49762900014508
     ],
     [
      39.61495641238163,
      24.4975914289797
     ],
     [
      39.61484415966794,
      24.49754383929648
     ],
     [
      39.61475218213573,
      24.49750492739779
     ],
     [
      39.61467613847953,
      24.4974749819345
     ],
     [
      39.61458912038592,
      24.49744110730441
     ],
     [
      39.6144601792552,
      24.49739168866962
     ],
     [
      39.6143719808834,
      24.49735863153705
     ],
     [
      39.61428368430049,
      24.49732566506518
     ],
     [
      39.61417244753152,
      24.49728394112112
     ],
     [
      39.61407179137152,
      24.49724632848922
     ],
     [
      39.61398250536114,
      24.49721282398065
     ],
     [
      39.61388748588385,
      24.49717744614317
     ],
     [
      39.61380404751913,
      24.49714897531285
     ],
     [
      39.61368551421243,
      24.49710863536727
     ],
     [
      39.61355847919987,
      24.49706543983842
     ],
     [
      39.61343114774939,
      24.49702215509179
     ],
     [
      39.61334088869275,
      24.49699145387112
     ],
     [
      39.61322869228657,
      24.49695524224589
     ],
     [
      39.61312184253753,
      24.49692253105587
     ],
     [
      39.61304790765902,
      24.49689989159531
     ],
     [
      39.61290715494048,
      24.49685684151587
     ],
     [
      39.61280781840277,
      24.49682662838469
     ],
     [
      39.61268031061564,
      24.49678758844933
     ],
     [
      39.61261448110085,
      24.49676744466653
     ],
     [
      39.61255498556197,
      24.49675088770337
     ],
     [
      39.61245497669789,
      24.49672447023462
     ],
     [
      39.61235763612655,
      24.49669876438682
     ],
     [
      39.61229231417403,
      24.49668150843805
     ],
     [
      39.61214991080562,
      24.49664397346527
     ],
     [
      39.61206976505752,
      24.4966227134016
     ],
     [
      39.61198319676215,
      24.49659994399341
     ],
     [
      39.61190206324916,
      24.49657850721574
     ],
     [
      39.61161756317284,
      24.49650551236045
     ],
     [
      39.6113288911651,
      24.49644734528255
     ],
     [
      39.61127801683726,
      24.49643788768168
     ],
     [
      39.60995795072231,
      24.49619179259873
     ],
     [
      39.60896074403251,
      24.49607281020899
     ],
     [
      39.60831944362855,
      24.49599628029234
     ],
     [
      39.60818003674459,
      24.49598627512873
     ],
     [
      39.60799699146208,
      24.49597319425395
     ],
     [
      39.60782629252242,
      24.49596205036074
     ],
     [
      39.60763308875657,
      24.49595045495141
     ],
     [
      39.60753011829701,
      24.49594409573755
     ],
     [
      39.60736534627484,
      24.49593401124016
     ],
     [
      39.60720678983191,
      24.49592345000104
     ],
     [
      39.60705583502141,
      24.4959133096042
     ],
     [
      39.60689283695724,
      24.49590267557654
     ],
     [
      39.60676873823621,
      24.49589477510962
     ],
     [
      39.60660110505927,
      24.49588488190013
     ],
     [
      39.60644176480184,
      24.49587549708176
     ],
     [
      39.60642458684255,
      24.49587448230388
     ],
     [
      39.60628617580331,
      24.49586627766097
     ],
     [
      39.606157538951,
      24.49585875616557
     ],
     [
      39.60596285806596,
      24.49584779673894
     ],
     [
      39.60578723077845,
      24.4958379347027
     ],
     [
      39.60556638954598,
      24.49582572500344
     ],
     [
      39.60535275517281,
      24.49581393765813
     ],
     [
      39.60533903281497,
      24.49581317984465
     ],
     [
      39.6050906421985,
      24.49579818984549
     ],
     [
      39.60491283943616,
      24.49578743237047
     ],
     [
      39.60477729111589,
      24.49577930518718
     ],
     [
      39.60460008185764,
      24.49576881590706
     ],
     [
      39.60443037509313,
      24.49575865764331
     ],
     [
      39.60430618094793,
      24.49575138772532
     ],
     [
      39.60415582643954,
      24.49574286766597
     ],
     [
      39.60401840430891,
      24.49573501823774
     ],
     [
      39.60387130759617,
      24.49572666549076
     ],
     [
      39.60372697519285,
      24.49571848217581
     ],
     [
      39.6035603315047,
      24.49570903319517
     ],
     [
      39.60339289699273,
      24.49569931624912
     ],
     [
      39.60323869093781,
      24.49569026878232
     ],
     [
      39.60249037818571,
      24.49564864130529
     ],
     [
      39.60150612037344,
      24.49559386119596
     ],
     [
      39.60095722643422,
      24.49556326272482
     ],
     [
      39.60070123852073,
      24.49554856666406
     ],
     [
      39.60052837320253,
      24.49553823594192
     ],
     [
      39.60033082372062,
      24.49552574531226
     ],
     [
      39.60020987442822,
      24.49551584001945
     ],
     [
      39.60004370707896,
      24.4955026823929
     ],
     [
      39.59991150372736,
      24.49549218938292
     ],
     [
      39.59975392622413,
      24.49547971982103
     ],
     [
      39.59964560596738,
      24.49546895109221
     ],
     [
      39.59951921490752,
      24.4954561768138
     ],
     [
      39.59937643213424,
      24.49544166121685
     ],
     [
      39.59928311296811,
      24.49543074237055
     ],
     [
      39.59921339105248,
      24.49542171673441
     ],
     [
      39.59910080907766,
      24.49540717134691
     ],
     [
      39.5989969173143,
      24.49539367516915
     ],
     [
      39.59886852342193,
      24.49537476695374
     ],
     [
      39.59880433482897,
      24.49536707388975
     ],
     [
      39.5987199874846,
      24.49535413221442
     ],
     [
      39.59859741659999,
      24.49533520067989
     ],
     [
      39.59848915463251,
      24.49531585108068
     ],
     [
      39.59833446262813,
      24.49528738306174
     ],
     [
      39.59818273449159,
      24.49525953533885
     ],
     [
      39.59801755460673,
      24.49522550908481
     ],
     [
      39.59789544623475,
      24.49519998224081
     ],
     [
      39.59779853040626,
      24.49517977439526
     ],
     [
      39.59768579502543,
      24.49515357807886
     ],
     [
      39.59757711210268,
      24.49512863003371
     ],
     [
      39.59747593633512,
      24.49510500691381
     ],
     [
      39.59744995047701,
      24.49509887807622
     ],
     [
      39.59733463341701,
      24.49506935009994
     ],
     [
      39.59719718218317,
      24.49503421980288
     ],
     [
      39.5970508366666,
      24.49499659575961
     ],
     [
      39.59692186555169,
      24.49495980603314
     ],
     [
      39.59678241851062,
      24.49491998692744
     ],
     [
      39.59662714438556,
      24.49487255355266
     ],
     [
      39.59649291123741,
      24.49482910102563
     ],
     [
      39.5963859605678,
      24.49479466232518
     ],
     [
      39.59627169472326,
      24.49475772364652
     ],
     [
      39.59613182863033,
      24.49471266738775
     ],
     [
      39.5960120224848,
      24.49467286033962
     ],
     [
      39.59590594328707,
      24.49463480530356
     ],
     [
      39.59581587713533,
      24.49460192521294
     ],
     [
      39.59574923961286,
      24.49457708088335
     ],
     [
      39.59568151478913,
      24.49455187955768
     ],
     [
      39.59544421394556,
      24.4944599728501
     ],
     [
      39.59534948394573,
      24.49442169203875
     ],
     [
      39.59525485056962,
      24.49438295921708
     ],
     [
      39.5952059984218,
      24.49436237959928
     ],
     [
      39.59513351104875,
      24.49433177796708
     ],
     [
      39.59507269116001,
      24.49430573632743
     ],
     [
      39.59499218974631,
      24.494270921457
     ],
     [
      39.59490802696448,
      24.49423404374921
     ],
     [
      39.59484591778688,
      24.49420665238851
     ],
     [
      39.59474266105851,
      24.49416000559261
     ],
     [
      39.59466630492632,
      24.49412517421948
     ],
     [
      39.59459172530692,
      24.49409033581223
     ],
     [
      39.59453742064299,
      24.49406453924145
     ],
     [
      39.59449548062484,
      24.4940446546868
     ],
     [
      39.59441199370066,
      24.49400452273922
     ],
     [
      39.59433067934281,
      24.49396465313562
     ],
     [
      39.59425539802418,
      24.4939274691612
     ],
     [
      39.594153991012,
      24.49387530553297
     ],
     [
      39.59408265792807,
      24.49383819625025
     ],
     [
      39.59401518068604,
      24.49380251678728
     ],
     [
      39.59394770305746,
      24.49376674698109
     ],
     [
      39.59385400449737,
      24.49371672036041
     ],
     [
      39.59373388259452,
      24.49365135390513
     ],
     [
      39.59354992231626,
      24.4935474936436
     ],
     [
      39.59348312096476,
      24.49350855998273
     ],
     [
      39.59345452002443,
      24.49349187400791
     ],
     [
      39.59335901615707,
      24.49343562251258
     ],
     [
      39.59326766423042,
      24.49338079966565
     ],
     [
      39.59316354464723,
      24.49331825992157
     ],
     [
      39.59306297893347,
      24.49325588677491
     ],
     [
      39.5929719114821,
      24.4931985338394
     ],
     [
      39.59290340647072,
      24.49315400714646
     ],
     [
      39.59282460323423,
      24.49310220542685
     ],
     [
      39.59273480883772,
      24.49304267981439
     ],
     [
      39.59266164684455,
      24.49299419747754
     ],
     [
      39.59258947394302,
      24.49294616279214
     ],
     [
      39.59249452112815,
      24.49288096750134
     ],
     [
      39.59241629895564,
      24.49282672480825
     ],
     [
      39.59237649028258,
      24.49279816116076
     ],
     [
      39.59234301948042,
      24.49277417864974
     ],
     [
      39.59227300662423,
      24.49272369686184
     ],
     [
      39.5922674612716,
      24.4927197448003
     ],
     [
      39.59223279901908,
      24.49269423160117
     ],
     [
      39.59215128810636,
      24.49263313781039
     ],
     [
      39.59208978276519,
      24.49258686732715
     ],
     [
      39.59199103706982,
      24.49251247456606
     ],
     [
      39.59195637197028,
      24.49248632911528
     ],
     [
      39.59190417633044,
      24.49244697622883
     ],
     [
      39.59183355942282,
      24.49239387749532
     ],
     [
      39.59175827575852,
      24.49233474598523
     ],
     [
      39.59167862861236,
      24.49227111583858
     ],
     [
      39.59160551588239,
      24.49221188543
     ],
     [
      39.5915365579752,
      24.49215471592951
     ],
     [
      39.5914566993102,
      24.49208801581807
     ],
     [
      39.59139209324598,
      24.49203281611042
     ],
     [
      39.59129548075124,
      24.49195010564734
     ],
     [
      39.59118756523897,
      24.4918562404463
     ],
     [
      39.59104930859441,
      24.49173214844971
     ],
     [
      39.59094542880992,
      24.49163591911252
     ],
     [
      39.59085621155776,
      24.49155164408241
     ],
     [
      39.590754398249,
      24.49145405181429
     ],
     [
      39.59066259378069,
      24.4913651807762
     ],
     [
      39.59059477254971,
      24.49129762028412
     ],
     [
      39.59047895487269,
      24.4911809360412
     ],
     [
      39.59038534190426,
      24.49108511772701
     ],
     [
      39.5902733756527,
      24.49096886983115
     ],
     [
      39.5901465087013,
      24.49083181756377
     ],
     [
      39.59003380824493,
      24.49070617970367
     ],
     [
      39.59001407113223,
      24.49068530398662
     ],
     [
      39.58999125904008,
      24.49066109866502
     ],
     [
      39.58995126570119,
      24.49061384009649
     ],
     [
      39.58978264049033,
      24.49041066021283
     ],
     [
      39.58966320980937,
      24.49025957981899
     ],
     [
      39.58957683804831,
      24.49015018561525
     ],
     [
      39.58933359249747,
      24.48981760569411
     ],
     [
      39.58926131476344,
      24.48972522562916
     ],
     [
      39.58915953453271,
      24.48959177746797
     ],
     [
      39.58906836306848,
      24.4894687642713
     ],
     [
      39.58897856628332,
      24.4893442103176
     ],
     [
      39.58883767934867,
      24.48914164363773
     ],
     [
      39.58879901938595,
      24.48908381281322
     ],
     [
      39.58873064294687,
      24.48898130210458
     ],
     [
      39.58865698399054,
      24.48886761302279
     ],
     [
      39.58858519941476,
      24.48875373596922
     ],
     [
      39.58852573304964,
      24.48865715115581
     ],
     [
      39.58847013538161,
      24.4885647959985
     ],
     [
      39.58842955068734,
      24.48849622521033
     ],
     [
      39.58836995647027,
      24.48839331885107
     ],
     [
      39.58829741230348,
      24.48826454280433
     ],
     [
      39.58817855574804,
      24.48804509124431
     ],
     [
      39.58807807027225,
      24.48784995281875
     ],
     [
      39.58799793113795,
      24.48770070491324
     ],
     [
      39.58795472694673,
      24.4876204936792
     ],
     [
      39.58789071866157,
      24.487501979975
     ],
     [
      39.58778691520456,
      24.48731471155713
     ],
     [
      39.58769435941741,
      24.48714799087958
     ],
     [
      39.58763713579051,
      24.48704525559888
     ],
     [
      39.58754418439604,
      24.4868782654147
     ],
     [
      39.58747322683261,
      24.48675074714489
     ],
     [
      39.58739271534977,
      24.48660601602235
     ],
     [
      39.58732424749576,
      24.48648327463213
     ],
     [
      39.58724015260487,
      24.48633187411715
     ],
     [
      39.58718681121235,
      24.48623616804099
     ],
     [
      39.5871243140116,
      24.48612397007367
     ],
     [
      39.58705037197997,
      24.48599113465536
     ],
     [
      39.58696438971918,
      24.48583694156886
     ],
     [
      39.5868964182367,
      24.48571464960098
     ],
     [
      39.586820287577,
      24.48557793905783
     ],
     [
      39.58665827384902,
      24.48528694448904
     ],
     [
      39.5865516916199,
      24.48509553146145
     ],
     [
      39.58642829073168,
      24.48487374782458
     ],
     [
      39.58631116188921,
      24.48466368055063
     ],
     [
      39.58624657503589,
      24.48454742615414
     ],
     [
      39.58616347965723,
      24.48439818861998
     ],
     [
      39.58607809546977,
      24.4842448054698
     ],
     [
      39.58599231340515,
      24.48409070129649
     ],
     [
      39.58588971282798,
      24.48390622647553
     ],
     [
      39.58582094853672,
      24.48378276295434
     ],
     [
      39.58574014274455,
      24.48363758040936
     ],
     [
      39.58569158149879,
      24.48355070597695
     ],
     [
      39.58560361051603,
      24.48339254591025
     ],
     [
      39.58553176040198,
      24.48326322379106
     ],
     [
      39.58546956557847,
      24.48315174639172
     ],
     [
      39.58538657116273,
      24.48300259829824
     ],
     [
      39.58529273053776,
      24.48283407465843
     ],
     [
      39.5851889390492,
      24.48264770731985
     ],
     [
      39.58509977552802,
      24.48248747431879
     ],
     [
      39.58495757282564,
      24.48223207500829
     ],
     [
      39.58483537183041,
      24.48201245279459
     ],
     [
      39.58469774804382,
      24.48176534437464
     ],
     [
      39.58457087188182,
      24.48153752143492
     ],
     [
      39.58447965220493,
      24.48138045696963
     ],
     [
      39.58438674179919,
      24.48122050893266
     ],
     [
      39.58438564752696,
      24.48121861657017
     ],
     [
      39.58414885978997,
      24.48078178002769
     ],
     [
      39.58394121051458,
      24.48037174403834
     ],
     [
      39.58392577346877,
      24.48034118723089
     ],
     [
      39.58377724240113,
      24.48006061349536
     ],
     [
      39.58367390807366,
      24.47986539243362
     ],
     [
      39.58356929909252,
      24.47965048774256
     ],
     [
      39.58342972219354,
      24.4793639182989
     ],
     [
      39.58340100294964,
      24.47929918367739
     ],
     [
      39.58324683832428,
      24.47895197929055
     ],
     [
      39.58308748370291,
      24.47857047538562
     ],
     [
      39.58291764762696,
      24.47814132586422
     ],
     [
      39.58278966947521,
      24.47777984056747
     ],
     [
      39.58270027754765,
      24.47750427569153
     ],
     [
      39.58266083790387,
      24.47738286497232
     ],
     [
      39.5825511715098,
      24.47703313995003
     ],
     [
      39.58254685843982,
      24.47701798380462
     ],
     [
      39.58243987841549,
      24.4766514498878
     ],
     [
      39.58235286883148,
      24.47633568576414
     ],
     [
      39.58227243483111,
      24.47599054413215
     ],
     [
      39.58221752433786,
      24.47574501091669
     ],
     [
      39.58219894286373,
      24.47565278144781
     ],
     [
      39.58215067611919,
      24.47541417678414
     ],
     [
      39.58209224956359,
      24.47509062560696
     ],
     [
      39.58204906824921,
      24.47482048165214
     ],
     [
      39.58199382439557,
      24.47443785267572
     ],
     [
      39.58195526448105,
      24.47412108875001
     ],
     [
      39.58194534465373,
      24.47402394889951
     ],
     [
      39.58192177620449,
      24.47379130002539
     ],
     [
      39.58188924902503,
      24.47337001930575
     ],
     [
      39.58187379239985,
      24.47309877500526
     ],
     [
      39.58186627184895,
      24.47296540990521
     ],
     [
      39.58186370925026,
      24.47277286991508
     ],
     [
      39.581859917427,
      24.47259198518429
     ],
     [
      39.58185663360788,
      24.47228547144299
     ],
     [
      39.58185848798041,
      24.47204486727267
     ],
     [
      39.58186829161875,
      24.47160156740873
     ],
     [
      39.58187094149385,
      24.4715554969598
     ],
     [
      39.58189019375679,
      24.47123571052782
     ],
     [
      39.58192019185971,
      24.47082791665724
     ],
     [
      39.58195223053628,
      24.47049913984607
     ],
     [
      39.58200096219743,
      24.47013110235743
     ],
     [
      39.58201545747899,
      24.47002158569435
     ],
     [
      39.58211477817524,
      24.46941067898203
     ],
     [
      39.58217217534356,
      24.46910329918624
     ],
     [
      39.58225257779035,
      24.46871319320419
     ],
     [
      39.58236943729874,
      24.46822594919357
     ],
     [
      39.58246416444587,
      24.46783976169995
     ],
     [
      39.58246416403039,
      24.4678396713873
     ],
     [
      39.58267602508592,
      24.46713368109625
     ],
     [
      39.5829370196378,
      24.46644836357599
     ],
     [
      39.58313298824489,
      24.46591348909521
     ],
     [
      39.58322926342458,
      24.4656714366577
     ],
     [
      39.58335986335299,
      24.46536232881104
     ],
     [
      39.5834804060983,
      24.46509778460671
     ],
     [
      39.58358006808318,
      24.46488434848791
     ],
     [
      39.58367982799248,
      24.46467082161001
     ],
     [
      39.58379014567171,
      24.46445734420244
     ],
     [
      39.5838987623039,
      24.4642602201684
     ],
     [
      39.58405693637767,
      24.46398288612613
     ],
     [
      39.58430836614852,
      24.46353711658551
     ],
     [
      39.5844983916138,
      24.46321323741444
     ],
     [
      39.58476151545479,
      24.46277916275832
     ],
     [
      39.58478070895812,
      24.46274756882209
     ],
     [
      39.58489949465062,
      24.4625523916429
     ],
     [
      39.58506695137177,
      24.46227763974168
     ],
     [
      39.58512679075535,
      24.46218068152329
     ],
     [
      39.58529318536534,
      24.46191117171257
     ],
     [
      39.58561087290422,
      24.46139280170728
     ],
     [
      39.58564671543031,
      24.46133431981876
     ],
     [
      39.58584991681112,
      24.46100198867984
     ],
     [
      39.58603478677149,
      24.46069573885234
     ],
     [
      39.58606886335272,
      24.46063952156763
     ],
     [
      39.58632133775182,
      24.46023050255608
     ],
     [
      39.58650437221689,
      24.45993320039152
     ],
     [
      39.58665588883572,
      24.45969075078584
     ],
     [
      39.58679391651181,
      24.45945458507523
     ],
     [
      39.58699424603263,
      24.45912127009634
     ],
     [
      39.58705819797991,
      24.45901815377654
     ],
     [
      39.58725262269223,
      24.45870969781991
     ],
     [
      39.58734670475515,
      24.45855074040927
     ],
     [
      39.58751499626857,
      24.45826677050825
     ],
     [
      39.58780035080144,
      24.4578011748164
     ],
     [
      39.5880284671905,
      24.45743975299922
     ],
     [
      39.58836989485447,
      24.4568754052187
     ],
     [
      39.58862990628349,
      24.45645659909583
     ],
     [
      39.5887182402312,
      24.45631410042057
     ],
     [
      39.58903546090244,
      24.45578615175887
     ],
     [
      39.58915628081671,
      24.45558563478262
     ],
     [
      39.58941838158638,
      24.45515047227808
     ],
     [
      39.58970232264117,
      24.45470212856281
     ],
     [
      39.58984173701602,
      24.45446947693218
     ],
     [
      39.59032244131776,
      24.45366786751411
     ],
     [
      39.59037454159334,
      24.45358448459508
     ],
     [
      39.59085294373138,
      24.45281955010696
     ],
     [
      39.59114618715194,
      24.45233711884353
     ],
     [
      39.59132115245716,
      24.45204914480454
     ],
     [
      39.59144256609527,
      24.4518505202906
     ],
     [
      39.59175735751128,
      24.45133530977265
     ],
     [
      39.59220560159975,
      24.45060191844274
     ],
     [
      39.5932016475963,
      24.44897199484833
     ],
     [
      39.59469043006572,
      24.44653542694082
     ],
     [
      39.5950828341829,
      24.44589319327061
     ],
     [
      39.59601996707836,
      24.44435939688992
     ],
     [
      39.59646356144112,
      24.44363359774889
     ],
     [
      39.59676441096653,
      24.44314119107866
     ],
     [
      39.59689466781057,
      24.44293855348974
     ],
     [
      39.59708743841182,
      24.44262422106534
     ],
     [
      39.59717782132277,
      24.44248089656197
     ],
     [
      39.5974897139206,
      24.44196740160526
     ],
     [
      39.59753533291559,
      24.4418923507623
     ],
     [
      39.5977188845904,
      24.44159024640074
     ],
     [
      39.59784888653003,
      24.44137604876155
     ],
     [
      39.59799239927624,
      24.44114003182817
     ],
     [
      39.59808999937827,
      24.44097951851552
     ],
     [
      39.59824378778546,
      24.44072612034985
     ],
     [
      39.59842469301468,
      24.44042836069516
     ],
     [
      39.59863075532275,
      24.44008913727141
     ],
     [
      39.59864211137725,
      24.44007057787657
     ],
     [
      39.59875371067418,
      24.43988752044831
     ],
     [
      39.59883986532046,
      24.43974791458637
     ],
     [
      39.59900943275443,
      24.43947313897988
     ],
     [
      39.59908814619778,
      24.43934557426016
     ],
     [
      39.59928228628062,
      24.4390310530046
     ],
     [
      39.59938958843382,
      24.43885758546154
     ],
     [
      39.59954623043706,
      24.43860372310118
     ],
     [
      39.59971070481371,
      24.43833736614011
     ],
     [
      39.59995574875034,
      24.43794009483987
     ],
     [
      39.60007342635711,
      24.43774978718466
     ],
     [
      39.60029086039266,
      24.43739724018622
     ],
     [
      39.60043849161314,
      24.43715786297136
     ],
     [
      39.60061138100295,
      24.43687774384625
     ],
     [
      39.60079327549599,
      24.43658286751187
     ],
     [
      39.60083909222345,
      24.43650871803813
     ],
     [
      39.60102284670531,
      24.4362110342954
     ],
     [
      39.60111565349963,
      24.43606065330222
     ],
     [
      39.60122817674497,
      24.43584507719837
     ],
     [
      39.60133292805401,
      24.43567568257328
     ],
     [
      39.60145432657302,
      24.43548039176793
     ],
     [
      39.60160938716826,
      24.43522761734668
     ],
     [
      39.60189150369235,
      24.43476643351891
     ],
     [
      39.60199506134412,
      24.43459532721358
     ],
     [
      39.60208451915071,
      24.43444649430148
     ],
     [
      39.60219718518498,
      24.4342616238164
     ],
     [
      39.60229671126488,
      24.43409342341511
     ],
     [
      39.60244014509748,
      24.43386498901687
     ],
     [
      39.60256562926666,
      24.43365830143886
     ],
     [
      39.60275074254024,
      24.43335762982409
     ],
     [
      39.60291097855689,
      24.43309480855714
     ],
     [
      39.60309875190562,
      24.4327937646615
     ],
     [
      39.60323097086508,
      24.43257241875018
     ],
     [
      39.60333403904601,
      24.43240284883164
     ],
     [
      39.60339129883801,
      24.43230860315269
     ],
     [
      39.60353049089021,
      24.43208099747539
     ],
     [
      39.60363503106758,
      24.4319099764504
     ],
     [
      39.60373820456691,
      24.43174203149823
     ],
     [
      39.60388933878247,
      24.43149523117776
     ],
     [
      39.60397057755337,
      24.43136142216009
     ],
     [
      39.60406934347002,
      24.43120026816132
     ],
     [
      39.60413775721498,
      24.43108701163635
     ],
     [
      39.60422055612421,
      24.43094949336365
     ],
     [
      39.60432420236906,
      24.43077757229129
     ],
     [
      39.60439731481926,
      24.43065680078351
     ],
     [
      39.60448189090257,
      24.43051972684195
     ],
     [
      39.60458086616285,
      24.43036137142327
     ],
     [
      39.60470148194111,
      24.43016951310879
     ],
     [
      39.60480231579987,
      24.43000798911279
     ],
     [
      39.60486927920427,
      24.42990115038269
     ],
     [
      39.60498539878072,
      24.42971816063397
     ],
     [
      39.60512503320098,
      24.42950175072417
     ],
     [
      39.60526959365633,
      24.42928414689399
     ],
     [
      39.60530602951215,
      24.4292297221534
     ],
     [
      39.60537508124735,
      24.42912657774
     ],
     [
      39.60551694226135,
      24.42892226070099
     ],
     [
      39.60554721564423,
      24.42887878861269
     ],
     [
      39.60560452959218,
      24.42879655370864
     ],
     [
      39.60566546819793,
      24.42870906603626
     ],
     [
      39.60584470107358,
      24.4284607062747
     ],
     [
      39.60608094653765,
      24.42814989129475
     ],
     [
      39.60611427483558,
      24.42810586497156
     ],
     [
      39.60627076522547,
      24.42790835253373
     ],
     [
      39.60648346677587,
      24.42764585918538
     ],
     [
      39.60653986441667,
      24.42757852949029
     ],
     [
      39.60663657530354,
      24.42746335212983
     ],
     [
      39.606648542093,
      24.42744921509896
     ],
     [
      39.60677821804632,
      24.42729669592946
     ],
     [
      39.60689478302393,
      24.42716662722102
     ],
     [
      39.60700937668432,
      24.42703692758985
     ],
     [
      39.60719663537746,
      24.42683829732383
     ],
     [
      39.60739479150708,
      24.42662896598283
     ],
     [
      39.60749460242342,
      24.42652289740046
     ],
     [
      39.60764008518876,
      24.42637582322903
     ],
     [
      39.60785413124643,
      24.42616859503745
     ],
     [
      39.60800453434791,
      24.42601924289572
     ],
     [
      39.60819703008497,
      24.42584371087355
     ],
     [
      39.60831920486564,
      24.42573213300486
     ],
     [
      39.60856318218749,
      24.42551376514014
     ],
     [
      39.60870905641355,
      24.42538709945297
     ],
     [
      39.60883282933246,
      24.42527984984256
     ],
     [
      39.60898992921111,
      24.42514925520372
     ],
     [
      39.6091187413451,
      24.42504388168803
     ],
     [
      39.60930799572525,
      24.42489238497053
     ],
     [
      39.60947063531436,
      24.4247652898004
     ],
     [
      39.60963397459363,
      24.42464017855791
     ],
     [
      39.60981670059646,
      24.42450568663256
     ],
     [
      39.60997692402451,
      24.42438916745547
     ],
     [
      39.61017293808689,
      24.42424893173569
     ],
     [
      39.61033878800969,
      24.42413338295495
     ],
     [
      39.61049246388462,
      24.42402980461494
     ],
     [
      39.61068527914912,
      24.42390150265484
     ],
     [
      39.61090553916375,
      24.42375755558168
     ],
     [
      39.61112001907569,
      24.4236219404639
     ],
     [
      39.61127925263519,
      24.42352565436574
     ],
     [
      39.6113260683516,
      24.42349728715159
     ],
     [
      39.61150015276137,
      24.42339199970301
     ],
     [
      39.61163902700991,
      24.42330807826075
     ],
     [
      39.61179426093573,
      24.42322120049668
     ],
     [
      39.61194349389058,
      24.42313768847561
     ],
     [
      39.61207541311848,
      24.42306390998014
     ],
     [
      39.61222239404105,
      24.42298392905972
     ],
     [
      39.612371652583,
      24.4229058353861
     ],
     [
      39.61246423770518,
      24.42285732312713
     ],
     [
      39.61256568177233,
      24.42280498174832
     ],
     [
      39.61272616836027,
      24.42272350064837
     ],
     [
      39.61292966481064,
      24.42262233727722
     ],
     [
      39.61311950759311,
      24.42253306014321
     ],
     [
      39.61342321689936,
      24.42239039702749
     ],
     [
      39.61371801161896,
      24.42226059411131
     ],
     [
      39.61383750778138,
      24.42220872057338
     ],
     [
      39.61431307362755,
      24.42201116989628
     ],
     [
      39.61461374249724,
      24.42189299197582
     ],
     [
      39.6146878838988,
      24.42186550622325
     ],
     [
      39.61491710154624,
      24.4217804923442
     ],
     [
      39.61522165856697,
      24.42167105793224
     ],
     [
      39.61539940932023,
      24.42161108900403
     ],
     [
      39.61557755882666,
      24.42155202139165
     ],
     [
      39.61564895991467,
      24.42152906204063
     ],
     [
      39.61575640825666,
      24.42149493764149
     ],
     [
      39.61593555825146,
      24.42143884591758
     ],
     [
      39.61611560633084,
      24.4213849178739
     ],
     [
      39.61629585591088,
      24.42133189194177
     ],
     [
      39.61638855197291,
      24.42130676829761
     ],
     [
      39.61662890854199,
      24.4212410337743
     ],
     [
      39.61691803680984,
      24.4211642623494
     ],
     [
      39.61723173068641,
      24.42108856428256
     ],
     [
      39.61736611845465,
      24.42105694800224
     ],
     [
      39.61754602961344,
      24.42101566284868
     ],
     [
      39.61786213438712,
      24.42094907540379
     ],
     [
      39.61817884426647,
      24.42088528457841
     ],
     [
      39.61839624117761,
      24.42084483876677
     ],
     [
      39.61861473570058,
      24.42080700727626
     ],
     [
      39.61883353876529,
      24.42077179332829
     ],
     [
      39.61905244386146,
      24.42073730116361
     ],
     [
      39.61927196003671,
      24.42070678001721
     ],
     [
      39.61949157473416,
      24.4206762581507
     ],
     [
      39.61959823585702,
      24.42066308720963
     ],
     [
      39.61970489739707,
      24.4206500065064
     ],
     [
      39.61981146513089,
      24.42063791957082
     ],
     [
      39.62002480353961,
      24.4206149187311
     ],
     [
      39.6201316724102,
      24.42060391410995
     ],
     [
      39.62021074160154,
      24.42059618433823
     ],
     [
      39.62035784783056,
      24.42058384057953
     ],
     [
      39.62052260883022,
      24.42057124366787
     ]
    ]
   }
  },
  {
   "type": "Feature",
   "id": "user-1784467162997-904",
   "properties": {
    "name": "طريق الإمام مسلم",
    "category": "road",
    "icon": "fa-location-dot",
    "description": "",
    "ring": null
   },
   "geometry": {
    "type": "LineString",
    "coordinates": [
     [
      39.54580685363583,
      24.4600081282634
     ],
     [
      39.54310333105465,
      24.46037605347432
     ],
     [
      39.54299575068718,
      24.46039179344312
     ],
     [
      39.54249719278783,
      24.46046475144205
     ],
     [
      39.54027260738458,
      24.46079026509678
     ],
     [
      39.53976881984751,
      24.4608639553447
     ],
     [
      39.53895057097476,
      24.46098374214229
     ],
     [
      39.5366860293613,
      24.46131494520727
     ],
     [
      39.53568110773979,
      24.46146201987979
     ],
     [
      39.53538419618192,
      24.46150542939273
     ],
     [
      39.53211253527008,
      24.4619839993168
     ],
     [
      39.53094716335086,
      24.46215436671005
     ],
     [
      39.53075339451566,
      24.46218268352891
     ],
     [
      39.52933529072708,
      24.46239249015707
     ],
     [
      39.52286838831624,
      24.46334280269423
     ],
     [
      39.51920859692872,
      24.46388050906818
     ],
     [
      39.50910127573977,
      24.46536480667422
     ],
     [
      39.50824707214012,
      24.46549032921508
     ],
     [
      39.50725204367472,
      24.46563645987605
     ],
     [
      39.50557536880465,
      24.46587969641352
     ],
     [
      39.50505577297482,
      24.46595883353829
     ],
     [
      39.50498151515616,
      24.46596973882973
     ],
     [
      39.5045292131797,
      24.46604864930494
     ],
     [
      39.50408253155572,
      24.46615147317418
     ],
     [
      39.50364334375003,
      24.46627793330143
     ],
     [
      39.50359102039916,
      24.46629617065441
     ],
     [
      39.50353583947525,
      24.46631541097498
     ],
     [
      39.50321283253854,
      24.46642775487067
     ],
     [
      39.50167030543231,
      24.46701198281901
     ],
     [
      39.50116607168091,
      24.46718480268553
     ],
     [
      39.50065016565735,
      24.46732577833325
     ],
     [
      39.50012475567353,
      24.46743417994436
     ],
     [
      39.49945362434521,
      24.46757331691176
     ],
     [
      39.49875679894868,
      24.46762791048723
     ],
     [
      39.49586334079045,
      24.46770137438396
     ],
     [
      39.49458408751061,
      24.46771938427587
     ],
     [
      39.49303487293776,
      24.46774115433125
     ],
     [
      39.49200133859969,
      24.46768780447242
     ],
     [
      39.49021051875717,
      24.46759527039083
     ],
     [
      39.48775774031593,
      24.46738771402521
     ],
     [
      39.48742687385597,
      24.46735969995842
     ],
     [
      39.48052875349016,
      24.46677559334439
     ],
     [
      39.48005505784056,
      24.46673437952824
     ],
     [
      39.47700202788804,
      24.46646226206279
     ],
     [
      39.47441461139983,
      24.46623152175827
     ],
     [
      39.47428234381733,
      24.46621974429988
     ],
     [
      39.4731653739336,
      24.46612010508404
     ],
     [
      39.47006943332401,
      24.46584391732578
     ],
     [
      39.46498724130379,
      24.46539035895368
     ],
     [
      39.46423855635711,
      24.46532347873909
     ],
     [
      39.46107306378762,
      24.46504081709273
     ]
    ]
   }
  },
  {
   "type": "Feature",
   "id": "user-1784467162997-844",
   "properties": {
    "name": "طريق الملك خالد",
    "category": "road",
    "icon": "fa-location-dot",
    "description": "",
    "ring": null
   },
   "geometry": {
    "type": "LineString",
    "coordinates": [
     [
      39.69269103579553,
      24.52784492400212
     ],
     [
      39.69238963257263,
      24.52856284510549
     ],
     [
      39.69211508160566,
      24.52935343407508
     ],
     [
      39.69173862955212,
      24.53089760360883
     ],
     [
      39.69161317040255,
      24.53223407737286
     ],
     [
      39.6915917381444,
      24.53316935863433
     ],
     [
      39.69163757842873,
      24.53427429887309
     ],
     [
      39.69159551124879,
      24.53627228762015
     ],
     [
      39.69160848130763,
      24.53743201698659
     ],
     [
      39.69162201762199,
      24.53869497035708
     ],
     [
      39.69162587886247,
      24.53939947765616
     ],
     [
      39.69164351686045,
      24.5401857444914
     ],
     [
      39.69165362641443,
      24.54082330171148
     ],
     [
      39.69165697088678,
      24.5414334350236
     ],
     [
      39.69166774713817,
      24.54219254916913
     ],
     [
      39.69167295512455,
      24.54312454612352
     ],
     [
      39.6916536427188,
      24.54505866791303
     ],
     [
      39.69166926883156,
      24.54547764422074
     ],
     [
      39.69167406295544,
      24.54635202358109
     ],
     [
      39.69167774213626,
      24.54702302523114
     ],
     [
      39.69176501794334,
      24.54774214084373
     ],
     [
      39.69175493908499,
      24.54873092319601
     ],
     [
      39.6917817930334,
      24.55080075129172
     ],
     [
      39.691797396741,
      24.55222336448457
     ],
     [
      39.69180434287843,
      24.55348959681163
     ],
     [
      39.69179645047785,
      24.55487673441998
     ],
     [
      39.69181523558652,
      24.55689683597435
     ],
     [
      39.69182280729524,
      24.55827676734474
     ],
     [
      39.69185163504265,
      24.5592654600642
     ],
     [
      39.69184126431863,
      24.56021865939337
     ],
     [
      39.69171939123854,
      24.56210429863789
     ],
     [
      39.69144807471299,
      24.56367760229523
     ],
     [
      39.6912887285667,
      24.56440380844024
     ],
     [
      39.69089927977036,
      24.56572161867267
     ],
     [
      39.69056957899637,
      24.56659102671934
     ],
     [
      39.69000894586952,
      24.56790248435338
     ],
     [
      39.68976260873993,
      24.56838018770795
     ],
     [
      39.68919271861959,
      24.56942842573343
     ],
     [
      39.68861453377373,
      24.57037004129103
     ],
     [
      39.68813590829438,
      24.57102671777883
     ],
     [
      39.68754094065525,
      24.57175490883434
     ],
     [
      39.68657496954781,
      24.57290455807885
     ],
     [
      39.68586298734761,
      24.573583604384
     ],
     [
      39.68514325539267,
      24.57425545769797
     ],
     [
      39.68458577385427,
      24.57472752318623
     ],
     [
      39.68353231852218,
      24.57554321656574
     ],
     [
      39.6826565397722,
      24.57614478113916
     ],
     [
      39.68133842054352,
      24.57691180650234
     ],
     [
      39.67989546318589,
      24.57764398181459
     ],
     [
      39.6773797467866,
      24.57850180880592
     ],
     [
      39.67539155422659,
      24.57907979174541
     ],
     [
      39.67304513829068,
      24.57960236301346
     ],
     [
      39.66911038899003,
      24.57987610859932
     ],
     [
      39.66425645110816,
      24.5798690544747
     ],
     [
      39.65790665377601,
      24.57944166055989
     ],
     [
      39.64960375149023,
      24.57881182594101
     ],
     [
      39.64581816440209,
      24.57856032852714
     ],
     [
      39.64492128482618,
      24.57849490172484
     ],
     [
      39.63916182205202,
      24.57776136932608
     ],
     [
      39.6341618601336,
      24.57684740774515
     ],
     [
      39.6334594331347,
      24.57671895870524
     ],
     [
      39.6328920429577,
      24.57661658123797
     ],
     [
      39.62730645385081,
      24.57560749289089
     ],
     [
      39.6226797337355,
      24.57504751418331
     ],
     [
      39.62108878608509,
      24.57485503296664
     ],
     [
      39.61964563342523,
      24.57473282239311
     ],
     [
      39.59430051659373,
      24.57275205528395
     ],
     [
      39.59372365864871,
      24.57270528984438
     ],
     [
      39.59314698456087,
      24.57265554113978
     ],
     [
      39.59257078978457,
      24.5726026273837
     ],
     [
      39.59199487727867,
      24.57254663966813
     ],
     [
      39.59141924666124,
      24.57248748768417
     ],
     [
      39.59084409633083,
      24.57242535128217
     ],
     [
      39.59026932715063,
      24.5723601405424
     ],
     [
      39.58969503791646,
      24.57229185508188
     ],
     [
      39.58912112949355,
      24.57222040498013
     ],
     [
      39.58854770110061,
      24.57214588016611
     ],
     [
      39.58797475320047,
      24.57206837095577
     ],
     [
      39.58740228499121,
      24.57198769673113
     ],
     [
      39.58683039611039,
      24.5719040377348
     ],
     [
      39.58625908575745,
      24.57181721334989
     ],
     [
      39.58568835481413,
      24.57172740420478
     ],
     [
      39.58511810372766,
      24.57163443006603
     ],
     [
      39.5845485308854,
      24.57153847079469
     ],
     [
      39.58397963632665,
      24.57143952639758
     ],
     [
      39.58341132050082,
      24.57133741664123
     ],
     [
      39.58284368303858,
      24.57123232177204
     ],
     [
      39.58225991880469,
      24.57112060390969
     ],
     [
      39.58171044252696,
      24.57101299609977
     ],
     [
      39.58114493831012,
      24.57089876492937
     ],
     [
      39.58058001344464,
      24.5707814587433
     ],
     [
      39.5800160629826,
      24.57066107602651
     ],
     [
      39.57945279153486,
      24.57053779855144
     ],
     [
      39.57889039581447,
      24.5704114449431
     ],
     [
      39.57832877710773,
      24.57028201558953
     ],
     [
      39.57776793669603,
      24.57014978143305
     ],
     [
      39.56619739283035,
      24.56738469471699
     ],
     [
      39.56292087058474,
      24.5666510735998
     ],
     [
      39.55166964233179,
      24.56436458651683
     ],
     [
      39.54544543653495,
      24.5631133720412
     ],
     [
      39.54485407604766,
      24.56298753701638
     ],
     [
      39.54426582358322,
      24.56284940579027
     ],
     [
      39.54368137170536,
      24.56269924683843
     ],
     [
      39.54310071979145,
      24.56253687957748
     ],
     [
      39.54252416540487,
      24.56236257391787
     ],
     [
      39.54195210445896,
      24.56217650910717
     ],
     [
      39.54138483256093,
      24.56197850350479
     ],
     [
      39.54088833634513,
      24.56179685943357
     ],
     [
      39.54018458199963,
      24.56152600441382
     ],
     [
      39.53949130487947,
      24.56123370423401
     ],
     [
      39.53880919803807,
      24.56092031780915
     ],
     [
      39.53813895373244,
      24.56058602344024
     ],
     [
      39.53748126612239,
      24.56023145099938
     ],
     [
      39.53683712364797,
      24.55985677775184
     ],
     [
      39.53620702253313,
      24.55946254398227
     ],
     [
      39.53559175443861,
      24.55904910830295
     ],
     [
      39.53499211214422,
      24.55861710027228
     ],
     [
      39.53440868937423,
      24.55816678890816
     ],
     [
      39.5338420813551,
      24.55769880448224
     ],
     [
      39.53329298202224,
      24.55721377692086
     ],
     [
      39.53276218249177,
      24.55671197455681
     ],
     [
      39.53224988368081,
      24.55619420969418
     ],
     [
      39.53200101858819,
      24.55592956594546
     ],
     [
      39.53119832441431,
      24.55506077908782
     ],
     [
      39.5266137079815,
      24.55010093621799
     ],
     [
      39.52618786255899,
      24.54965527929823
     ],
     [
      39.52574617768689,
      24.54922268154024
     ],
     [
      39.5252893460474,
      24.54880350164877
     ],
     [
      39.52481766610421,
      24.54839828033261
     ],
     [
      39.52433183011773,
      24.548007285989
     ],
     [
      39.52383223561866,
      24.54763114929984
     ],
     [
      39.52331937735016,
      24.5472701393558
     ],
     [
      39.52279394788093,
      24.54692461487889
     ],
     [
      39.52225644266055,
      24.54659502559445
     ],
     [
      39.52170745585158,
      24.54628182089069
     ],
     [
      39.52114748136703,
      24.54598508925272
     ],
     [
      39.52057731079917,
      24.54570527939866
     ],
     [
      39.51999743914207,
      24.54544275076565
     ],
     [
      39.51940836062759,
      24.54519768217132
     ],
     [
      39.51911059149348,
      24.54508184134982
     ],
     [
      39.51735836551219,
      24.54441520511657
     ],
     [
      39.5169560967405,
      24.54426503791409
     ],
     [
      39.51655177473821,
      24.54411957298456
     ],
     [
      39.51614539872759,
      24.54397862968685
     ],
     [
      39.5157371668757,
      24.54384238795537
     ],
     [
      39.51532717824416,
      24.54371093775129
     ],
     [
      39.51491533332113,
      24.54358409877282
     ],
     [
      39.51450183026864,
      24.54346205095747
     ],
     [
      39.51408666941182,
      24.5433448846053
     ],
     [
      39.51366994833615,
      24.54323232842886
     ],
     [
      39.51325166773438,
      24.54312456304175
     ],
     [
      39.51283202539439,
      24.54302167807311
     ],
     [
      39.5124108234388,
      24.54292358387077
     ],
     [
      39.51198845748505,
      24.54283045970729
     ],
     [
      39.51156482802082,
      24.54274212528314
     ],
     [
      39.51116265913954,
      24.54266238706485
     ],
     [
      39.51093490878272,
      24.54262053068126
     ],
     [
      39.51070599389033,
      24.54258364516945
     ],
     [
      39.51047611226582,
      24.542551820169
     ],
     [
      39.51033218759054,
      24.54253451544686
     ],
     [
      39.50806256718388,
      24.54228090071846
     ],
     [
      39.49505643982375,
      24.54087624246935
     ],
     [
      39.49446822387139,
      24.54080863035939
     ],
     [
      39.49388126231672,
      24.54073342544136
     ],
     [
      39.49329545512089,
      24.54065026679867
     ],
     [
      39.49271109893814,
      24.54055924378818
     ],
     [
      39.49212819457972,
      24.54046053705104
     ],
     [
      39.49154693890717,
      24.54035396533233
     ],
     [
      39.49096753089255,
      24.54023988925883
     ],
     [
      39.49038987050064,
      24.54011794791844
     ],
     [
      39.48981425472763,
      24.53998832099359
     ],
     [
      39.48943171260899,
      24.53989762303674
     ],
     [
      39.4879652639103,
      24.53954328543809
     ],
     [
      39.48755810326971,
      24.53944299871239
     ],
     [
      39.48715181822993,
      24.53933918579095
     ],
     [
      39.48674670536115,
      24.53923193603747
     ],
     [
      39.48634276434578,
      24.53912115914757
     ],
     [
      39.48593999556275,
      24.53900694544328
     ],
     [
      39.48553830031248,
      24.53888929525121
     ],
     [
      39.48513787573705,
      24.53876811763093
     ],
     [
      39.48473872221366,
      24.53864350290517
     ],
     [
      39.48434084046477,
      24.53851563170991
     ],
     [
      39.48347545185878,
      24.53822822837891
     ],
     [
      39.48274920804788,
      24.53797451353158
     ],
     [
      39.48203216792262,
      24.53769990310288
     ],
     [
      39.48132492622193,
      24.5374049372066
     ],
     [
      39.48062807593828,
      24.53708970439964
     ],
     [
      39.47994250691774,
      24.53675447293208
     ],
     [
      39.47926891186837,
      24.53639960200887
     ],
     [
      39.47860768797443,
      24.53602563241146
     ],
     [
      39.47795982338824,
      24.53563274179504
     ],
     [
      39.47732571489804,
      24.5352213806435
     ],
     [
      39.47691097019298,
      24.53493711827651
     ],
     [
      39.47133771236102,
      24.53103191587429
     ],
     [
      39.46566572023642,
      24.52705681234086
     ],
     [
      39.46122609060185,
      24.52394565176424
     ],
     [
      39.4611720512273,
      24.52390770413136
     ],
     [
      39.46111811060333,
      24.52386975617677
     ],
     [
      39.46106407129343,
      24.52383180850388
     ],
     [
      39.46101022879284,
      24.52379367958025
     ],
     [
      39.46095638665427,
      24.52375564095046
     ],
     [
      39.4609025442184,
      24.52371751198706
     ],
     [
      39.46084870148533,
      24.52367929269004
     ],
     [
      39.46079495750278,
      24.52364107307165
     ],
     [
      39.46074121355262,
      24.52360285343345
     ],
     [
      39.46068756802341,
      24.52356454316028
     ],
     [
      39.46063392252662,
      24.52352623286736
     ],
     [
      39.46058027673286,
      24.52348783224097
     ],
     [
      39.46052672936016,
      24.52344934097977
     ],
     [
      39.46047318201998,
      24.52341084969888
     ],
     [
      39.46041973343019,
      24.52337235809709
     ],
     [
      39.46036628454362,
      24.52333377616193
     ],
     [
      39.46031293407819,
      24.52329510359227
     ],
     [
      39.46025958364531,
      24.52325643100304
     ],
     [
      39.46020613452725,
      24.5232177586954
     ],
     [
      39.46015298126586,
      24.52317899515118
     ],
     [
      39.46009963027258,
      24.52314014187588
     ],
     [
      39.46004647707631,
      24.52310137829279
     ],
     [
      39.45999332325464,
      24.5230624340628
     ],
     [
      39.45994016946563,
      24.5230234898134
     ],
     [
      39.45988701570928,
      24.5229845455446
     ],
     [
      39.45983396037429,
      24.52294551064179
     ],
     [
      39.4597810034607,
      24.52290638510507
     ],
     [
      39.45972794786231,
      24.52286725984986
     ],
     [
      39.4596750897316,
      24.52282813397381
     ],
     [
      39.45921276301974,
      24.52246756018615
     ],
     [
      39.45876037194847,
      24.52209665884185
     ],
     [
      39.45831801591641,
      24.52171561035622
     ],
     [
      39.45788609111737,
      24.52132477487275
     ],
     [
      39.45746489403314,
      24.52092424189546
     ],
     [
      39.4570545250116,
      24.52051446278286
     ],
     [
      39.45665528051313,
      24.52009552703965
     ],
     [
      39.45626745764073,
      24.51966770479908
     ],
     [
      39.45589125477061,
      24.51923126649332
     ],
     [
      39.45552687059377,
      24.51878657286795
     ],
     [
      39.45517470024124,
      24.51833371313078
     ],
     [
      39.45483464624004,
      24.51787304891985
     ],
     [
      39.45450720338969,
      24.51740494008571
     ],
     [
      39.45419247097306,
      24.51692956704102
     ],
     [
      39.45389064795125,
      24.516447380841
     ],
     [
      39.45360173422794,
      24.51595838156328
     ],
     [
      39.45332612617004,
      24.51546301966576
     ],
     [
      39.4530640223835,
      24.51496165588489
     ],
     [
      39.45281542339471,
      24.51445447091952
     ],
     [
      39.45258052811651,
      24.51394191581484
     ],
     [
      39.45235963319156,
      24.51342417037614
     ],
     [
      39.45215254267349,
      24.51290168682714
     ],
     [
      39.45195965189996,
      24.51237464467155
     ],
     [
      39.4517809620077,
      24.51184340522106
     ],
     [
      39.45161667154543,
      24.51130832919286
     ],
     [
      39.45146688002298,
      24.51076968728237
     ],
     [
      39.45133158888195,
      24.51022793110456
     ],
     [
      39.45121089697697,
      24.50968315071925
     ],
     [
      39.45110490477035,
      24.50913588775264
     ],
     [
      39.45110168425094,
      24.50911855689896
     ],
     [
      39.45109866146853,
      24.50910131576922
     ],
     [
      39.45109553965776,
      24.50908398462033
     ],
     [
      39.45109251687709,
      24.50906674349036
     ],
     [
      39.4510893950681,
      24.50904941234123
     ],
     [
      39.45108647067359,
      24.50903208060205
     ],
     [
      39.45108344789551,
      24.50901483947175
     ],
     [
      39.45108032608917,
      24.50899750832228
     ],
     [
      39.45107740169721,
      24.50898017658277
     ],
     [
      39.45107437892174,
      24.50896293545214
     ],
     [
      39.45107135582477,
      24.50894560400736
     ],
     [
      39.45106853046443,
      24.50892836228659
     ],
     [
      39.45106550736917,
      24.5089110308416
     ],
     [
      39.45106258298144,
      24.50889369910154
     ],
     [
      39.45105965891692,
      24.5088764576754
     ],
     [
      39.45105673453088,
      24.50885912593513
     ],
     [
      39.45105381014569,
      24.50884179419474
     ],
     [
      39.45105098446795,
      24.50882446215931
     ],
     [
      39.45104815879105,
      24.50880713012377
     ],
     [
      39.45104533311495,
      24.50878979808813
     ],
     [
      39.45104240873307,
      24.50877246634732
     ],
     [
      39.45103958305862,
      24.50875513431147
     ],
     [
      39.45103675738498,
      24.50873780227552
     ],
     [
      39.45103393171216,
      24.50872047023946
     ],
     [
      39.45103110604015,
      24.50870313820328
     ],
     [
      39.45102837907546,
      24.50868580587208
     ],
     [
      39.45102555340508,
      24.50866847383572
     ],
     [
      39.45102282644199,
      24.50865114150432
     ],
     [
      39.45102009947969,
      24.50863380917282
     ],
     [
      39.45100413738275,
      24.50853116871264
     ],
     [
      39.45098866884474,
      24.50842852677448
     ],
     [
      39.45097359483592,
      24.50832579333941
     ],
     [
      39.45095901406155,
      24.50822296811264
     ],
     [
      39.45094492652041,
      24.50812005109436
     ],
     [
      39.4509312341499,
      24.50801722320765
     ],
     [
      39.45091803501042,
      24.50791430352968
     ],
     [
      39.45090532910081,
      24.50781129206062
     ],
     [
      39.45089301771414,
      24.50770818909543
     ],
     [
      39.45088120019958,
      24.50760517496748
     ],
     [
      39.45086987558928,
      24.50750197873478
     ],
     [
      39.45085894582098,
      24.50739878132034
     ],
     [
      39.45084860830456,
      24.50729558213467
     ],
     [
      39.45083866530571,
      24.50719229145344
     ],
     [
      39.45082911746782,
      24.50708908990484
     ],
     [
      39.4508200625286,
      24.50698570625204
     ],
     [
      39.45081150113119,
      24.50688232112322
     ],
     [
      39.45080333456937,
      24.50677893481328
     ],
     [
      39.45079576025206,
      24.50667554673278
     ],
     [
      39.45078858044595,
      24.50657206715723
     ],
     [
      39.4507817954722,
      24.50646858640079
     ],
     [
      39.45077560241714,
      24.50636501356
     ],
     [
      39.45076980483643,
      24.50626162016657
     ],
     [
      39.45076450014518,
      24.50615804466963
     ],
     [
      39.45075959028193,
      24.50605446799204
     ],
     [
      39.45075527233242,
      24.50595079923039
     ],
     [
      39.45075125082645,
      24.50584721989702
     ],
     [
      39.45074782155388,
      24.50574363879375
     ],
     [
      39.45074478710495,
      24.50564005651007
     ],
     [
      39.45074354031645,
      24.50559490271528
     ],
     [
      39.4507422935291,
      24.5055497489202
     ],
     [
      39.45074084965693,
      24.50550468602833
     ],
     [
      39.450739405464,
      24.50545953282207
     ],
     [
      39.45073796127237,
      24.50541437961551
     ],
     [
      39.45073632031834,
      24.5053694076262
     ],
     [
      39.45073467872161,
      24.50532425500845
     ],
     [
      39.45073303712633,
      24.50527910239039
     ],
     [
      39.45073129715074,
      24.5052340403808
     ],
     [
      39.45072945815082,
      24.50518888835151
     ],
     [
      39.4507275207708,
      24.50514382693069
     ],
     [
      39.45072548436665,
      24.50509867549016
     ],
     [
      39.4507234482863,
      24.5050536143634
     ],
     [
      39.45072141188562,
      24.50500846292224
     ],
     [
      39.45071927710512,
      24.50496340208953
     ],
     [
      39.45071704362282,
      24.50491834155117
     ],
     [
      39.45071471143888,
      24.5048732813072
     ],
     [
      39.45071237925686,
      24.50482822106288
     ],
     [
      39.45070994805125,
      24.50478307079883
     ],
     [
      39.45070741846627,
      24.50473801114319
     ],
     [
      39.45070488888337,
      24.50469295148723
     ],
     [
      39.45070226059919,
      24.50464789212559
     ],
     [
      39.45069953329178,
      24.5046027427442
     ],
     [
      39.45069680630863,
      24.50455768367654
     ],
     [
      39.45069398062445,
      24.50451262490321
     ],
     [
      39.45069105656135,
      24.50446765673829
     ],
     [
      39.45068813217859,
      24.50442259825891
     ],
     [
      39.45068510909503,
      24.50437754007383
     ],
     [
      39.45068198731078,
      24.50433248218304
     ],
     [
      39.45067332985401,
      24.50395291385992
     ],
     [
      39.45066901538018,
      24.50357333255257
     ],
     [
      39.4506691419084,
      24.50319355733915
     ],
     [
      39.4506736119847,
      24.50281394977121
     ],
     [
      39.45068242524798,
      24.50243441953487
     ],
     [
      39.45069558165907,
      24.50205496662993
     ],
     [
      39.45071308150088,
      24.50167568136996
     ],
     [
      39.45073492473432,
      24.50129656375404
     ],
     [
      39.45076111132035,
      24.50091761378088
     ],
     [
      39.45079174024215,
      24.50053892146824
     ],
     [
      39.45082661470431,
      24.50016066803172
     ],
     [
      39.45086583304645,
      24.49978276286013
     ],
     [
      39.4509094939291,
      24.49940520565595
     ],
     [
      39.4509574002369,
      24.49902808731963
     ],
     [
      39.45100965095307,
      24.4986514978671
     ],
     [
      39.45106624571709,
      24.49827534698032
     ],
     [
      39.45112708611476,
      24.49789972526407
     ],
     [
      39.45119237014905,
      24.49752481275232
     ],
     [
      39.45126180136645,
      24.49715052001067
     ],
     [
      39.45133557744778,
      24.49677693675819
     ],
     [
      39.45141369867799,
      24.49640415330332
     ],
     [
      39.45149616437493,
      24.49603198901162
     ],
     [
      39.45158277807619,
      24.49566071540945
     ],
     [
      39.45167363812024,
      24.49529024188093
     ],
     [
      39.45176874511657,
      24.49492074904737
     ],
     [
      39.45186809870718,
      24.49455214658724
     ],
     [
      39.45197169917953,
      24.49418452480698
     ],
     [
      39.45207954682159,
      24.49381797401269
     ],
     [
      39.45219164095295,
      24.49345231356753
     ],
     [
      39.45247178994185,
      24.49255618018257
     ],
     [
      39.45382915700042,
      24.4882146300234
     ],
     [
      39.45448190538151,
      24.48612765010148
     ],
     [
      39.45518643358619,
      24.48387315685047
     ],
     [
      39.46107306378762,
      24.46504081709273
     ],
     [
      39.46118600898858,
      24.46467875921051
     ],
     [
      39.46197155304165,
      24.46216522977497
     ],
     [
      39.46332818651567,
      24.45782358678196
     ],
     [
      39.4646849264166,
      24.45348183959521
     ],
     [
      39.46567063099587,
      24.45032697504584
     ],
     [
      39.46576285468497,
      24.45002485638752
     ],
     [
      39.46585665883565,
      24.44972336500635
     ],
     [
      39.46595204210955,
      24.44942213964138
     ],
     [
      39.46604900516022,
      24.44912136091896
     ],
     [
      39.46614754830954,
      24.44882111915078
     ],
     [
      39.46624776954226,
      24.44852123340069
     ],
     [
      39.46634957052041,
      24.44822179428437
     ],
     [
      39.46645304989266,
      24.44792280149451
     ],
     [
      39.46655801066326,
      24.44762434595121
     ],
     [
      39.46666455081628,
      24.447326246718
     ],
     [
      39.46677267133926,
      24.44702877473548
     ],
     [
      39.46688247021515,
      24.4467317490667
     ],
     [
      39.46699384877543,
      24.44643517001293
     ],
     [
      39.4671067086854,
      24.44613912819014
     ],
     [
      39.46722124725059,
      24.44584362298565
     ],
     [
      39.46733726648043,
      24.4455484743764
     ],
     [
      39.46745496501152,
      24.44525404300766
     ],
     [
      39.46757414452125,
      24.444960058542
     ],
     [
      39.46769500264647,
      24.44466661068053
     ],
     [
      39.46781734206463,
      24.44437370002974
     ],
     [
      39.46794116310035,
      24.44408141690084
     ],
     [
      39.4680666623894,
      24.44378958005058
     ],
     [
      39.46819374193315,
      24.44349837040957
     ],
     [
      39.46832220441199,
      24.44320778858497
     ],
     [
      39.46845244377066,
      24.44291765272206
     ],
     [
      39.46858406604681,
      24.4426281446682
     ],
     [
      39.46871736686249,
      24.44233917318821
     ],
     [
      39.4688520509129,
      24.44205091982446
     ],
     [
      39.46898841381889,
      24.44176329334122
     ],
     [
      39.46900897279144,
      24.44172041998061
     ],
     [
      39.4690295317503,
      24.44167754661717
     ],
     [
      39.46905018968364,
      24.44163476325958
     ],
     [
      39.46907084726903,
      24.44159188958454
     ],
     [
      39.46908848968119,
      24.4415606759753
     ],
     [
      39.46925965395709,
      24.44121360393209
     ],
     [
      39.46943079356439,
      24.44086011935622
     ],
     [
      39.46959845331709,
      24.44052624388117
     ],
     [
      39.46990336341955,
      24.43993255535229
     ],
     [
      39.47021479280362,
      24.43934182634843
     ],
     [
      39.4705326424117,
      24.43875396682336
     ],
     [
      39.47085701116137,
      24.43816906674587
     ],
     [
      39.47118780066854,
      24.43758721669767
     ],
     [
      39.47152510918174,
      24.43700832601627
     ],
     [
      39.47186854337868,
      24.4364327571491
     ],
     [
      39.47221849712657,
      24.43586032819512
     ],
     [
      39.47257457610218,
      24.43529113065803
     ],
     [
      39.47293697821955,
      24.43472534450872
     ],
     [
      39.47330560409945,
      24.43416278938272
     ],
     [
      39.47368045469774,
      24.43360373618006
     ],
     [
      39.47406133232948,
      24.43304809515961
     ],
     [
      39.47444833660509,
      24.432496136912
     ],
     [
      39.47484146680033,
      24.43194768076247
     ],
     [
      39.47524062489762,
      24.43140290760395
     ],
     [
      39.47564571220688,
      24.43086181770033
     ],
     [
      39.47605672970285,
      24.43032468194937
     ],
     [
      39.47647367598982,
      24.42979113904564
     ],
     [
      39.47689645374076,
      24.42926155051102
     ],
     [
      39.47732496427667,
      24.42873591660921
     ],
     [
      39.47775930620804,
      24.42821423698143
     ],
     [
      39.47819938085881,
      24.42769651189052
     ],
     [
      39.47864518956137,
      24.42718310254639
     ],
     [
      39.47909653364098,
      24.4266736482657
     ],
     [
      39.4795535127375,
      24.42616841963149
     ],
     [
      39.48001602818609,
      24.42566741690684
     ],
     [
      39.48048408064974,
      24.42517082067151
     ],
     [
      39.48095747214429,
      24.42467845087294
     ],
     [
      39.48128338650041,
      24.42434089828958
     ],
     [
      39.48160692456379,
      24.4240014559423
     ],
     [
      39.48192828361932,
      24.4236601232178
     ],
     [
      39.48224716809539,
      24.42331699138732
     ],
     [
      39.48256377527766,
      24.42297205983711
     ],
     [
      39.48287810517181,
      24.42262532858118
     ],
     [
      39.48318986186751,
      24.42227679857814
     ],
     [
      39.48349943992709,
      24.4219264685831
     ],
     [
      39.48380654378586,
      24.4215744298697
     ],
     [
      39.48411127209044,
      24.42122068213716
     ],
     [
      39.48441352586657,
      24.42086513540054
     ],
     [
      39.48471330546776,
      24.42050787998897
     ],
     [
      39.48501080783227,
      24.42014882496996
     ],
     [
      39.48530573774786,
      24.41978815193471
     ],
     [
      39.48559819386224,
      24.41942586058145
     ],
     [
      39.48588827447634,
      24.41906186029284
     ],
     [
      39.48617568403774,
      24.41869624234728
     ],
     [
      39.48646081675535,
      24.41832891517694
     ],
     [
      39.4867432784431,
      24.41795997037771
     ],
     [
      39.4870232667307,
      24.41758949764406
     ],
     [
      39.48730078128345,
      24.41721740667468
     ],
     [
      39.4875757238256,
      24.41684378811514
     ],
     [
      39.48784809402329,
      24.41646855166438
     ],
     [
      39.48811789188949,
      24.41609169733589
     ],
     [
      39.48838521641846,
      24.41571331513942
     ],
     [
      39.4886498707044,
      24.41533349603914
     ],
     [
      39.48891185441492,
      24.41495214973391
     ],
     [
      39.48917136517858,
      24.41456936591442
     ],
     [
      39.48942820539649,
      24.41418505491604
     ],
     [
      39.5022133151025,
      24.39491756815719
     ],
     [
      39.50657679374244,
      24.38833960083802
     ],
     [
      39.50671020632779,
      24.38813892425133
     ],
     [
      39.50684431021842,
      24.38793860649842
     ],
     [
      39.50697890782876,
      24.38773855792274
     ],
     [
      39.50711409848944,
      24.38753895882243
     ],
     [
      39.5072498811176,
      24.38733953825173
     ],
     [
      39.50738625679271,
      24.38714056715334
     ],
     [
      39.5075231258204,
      24.38694177491183
     ],
     [
      39.50766048964199,
      24.38674352278485
     ],
     [
      39.50779854367374,
      24.3865453585364
     ],
     [
      39.5079370921356,
      24.38634764408481
     ],
     [
      39.50807623327591,
      24.38615028878337
     ],
     [
      39.50821596673188,
      24.38595320231572
     ],
     [
      39.50835619425285,
      24.38575647532589
     ],
     [
      39.50849711269598,
      24.38556001683592
     ],
     [
      39.50863842695274,
      24.38536400846657
     ],
     [
      39.50878033351873,
      24.38516826892497
     ],
     [
      39.50892283275367,
      24.38497288852432
     ],
     [
      39.50906582604679,
      24.38477786759428
     ],
     [
      39.50920941164419,
      24.38458311548736
     ],
     [
      39.50935359026786,
      24.3843888128314
     ],
     [
      39.50949826258373,
      24.38419477932689
     ],
     [
      39.50964352756115,
      24.38400110495549
     ],
     [
      39.50978928659013,
      24.38380779004736
     ],
     [
      39.50993553966956,
      24.38361483460109
     ],
     [
      39.51008248401473,
      24.38342223795141
     ],
     [
      39.51022992204512,
      24.38322991044571
     ],
     [
      39.51037785448462,
      24.38303803271208
     ],
     [
      39.51052637921477,
      24.38284642378739
     ],
     [
      39.51067549695942,
      24.38265526429946
     ],
     [
      39.51930551095103,
      24.37161389049491
     ],
     [
      39.51931012112608,
      24.3716080041594
     ],
     [
      39.51931463307066,
      24.37160220847628
     ],
     [
      39.51931924324487,
      24.37159632214048
     ],
     [
      39.51932385341868,
      24.37159043580453
     ],
     [
      39.51932836536201,
      24.37158464012104
     ],
     [
      39.51933297553496,
      24.37157875378482
     ],
     [
      39.51933748710866,
      24.37157286778628
     ],
     [
      39.51934209728076,
      24.3715669814498
     ],
     [
      39.51934670782126,
      24.37156118542793
     ],
     [
      39.51935121939373,
      24.37155529942901
     ],
     [
      39.51935582956457,
      24.37154941309211
     ],
     [
      39.51936043973498,
      24.37154352675508
     ],
     [
      39.5193650502738,
      24.37153773073265
     ],
     [
      39.51936966044337,
      24.37153184439536
     ],
     [
      39.51937417201374,
      24.37152595839575
     ],
     [
      39.51937878255131,
      24.37152016237292
     ],
     [
      39.51938339271961,
      24.3715142760352
     ],
     [
      39.51938790428873,
      24.37150839003521
     ],
     [
      39.5193925144562,
      24.37150250369722
     ],
     [
      39.51939702639333,
      24.37149670801169
     ],
     [
      39.51940163655995,
      24.37149082167343
     ],
     [
      39.51940624672615,
      24.37148493533503
     ],
     [
      39.51941075829318,
      24.37147904933436
     ],
     [
      39.51941536882739,
      24.37147325331044
     ],
     [
      39.51941997899233,
      24.37146736697163
     ],
     [
      39.51942458915684,
      24.37146148063268
     ],
     [
      39.5194291996898,
      24.37145568460836
     ],
     [
      39.51943371125474,
      24.37144979860702
     ],
     [
      39.51943832141799,
      24.37144391226765
     ],
     [
      39.52521405052185,
      24.36404934656606
     ],
     [
      39.52584113751761,
      24.36326873891743
     ],
     [
      39.52649105731334,
      24.36250394504201
     ],
     [
      39.52667152511637,
      24.36229983620204
     ],
     [
      39.52716312146151,
      24.36175541862723
     ],
     [
      39.5278569377035,
      24.36102370264731
     ],
     [
      39.52857201560379,
      24.36030943073204
     ],
     [
      39.52930776505288,
      24.35961296591075
     ],
     [
      39.53006369569751,
      24.35893494181451
     ],
     [
      39.53083921750871,
      24.35827572147625
     ],
     [
      39.53163393880364,
      24.35763593818558
     ],
     [
      39.53244717066712,
      24.35701586501172
     ],
     [
      39.53327822611412,
      24.35641622660473
     ],
     [
      39.53412661310734,
      24.35583720503966
     ],
     [
      39.53499164360741,
      24.35527925403562
     ],
     [
      39.53587282678729,
      24.35474282662436
     ],
     [
      39.53676937648289,
      24.3542284672045
     ],
     [
      39.53768080042112,
      24.3537362675656
     ],
     [
      39.53860621392868,
      24.35326677247786
     ],
     [
      39.53954512518127,
      24.35282016406658
     ],
     [
      39.54049694494879,
      24.35239689576027
     ],
     [
      39.54146068931978,
      24.35199733209118
     ],
     [
      39.54243586579597,
      24.35162147459136
     ],
     [
      39.54342168884909,
      24.35126995806435
     ],
     [
      39.54441756783941,
      24.35094287473548
     ],
     [
      39.54542261678893,
      24.35064040822102
     ],
     [
      39.54643624549136,
      24.35036274109276
     ],
     [
      39.54745756918204,
      24.35011032794742
     ],
     [
      39.54810800334253,
      24.34996871165619
     ],
     [
      39.54848599614895,
      24.34988299013196
     ],
     [
      39.5495206420624,
      24.34968127259594
     ],
     [
      39.55056091524359,
      24.34950499672149
     ],
     [
      39.55177354848473,
      24.34931535229964
     ],
     [
      39.56372824171763,
      24.34744132339182
     ],
     [
      39.56374272289209,
      24.34743901167795
     ],
     [
      39.5637573026454,
      24.34743669959633
     ],
     [
      39.56377178421866,
      24.34743447819408
     ],
     [
      39.56378626539146,
      24.34743216647607
     ],
     [
      39.56380084514311,
      24.3474298543903
     ],
     [
      39.56381522813535,
      24.34742763335032
     ],
     [
      39.56382980788589,
      24.34742532126177
     ],
     [
      39.56384428905648,
      24.34742300953826
     ],
     [
      39.5638587706265,
      24.34742078812776
     ],
     [
      39.56387325179599,
      24.3474184764015
     ],
     [
      39.56388783154431,
      24.34741616430742
     ],
     [
      39.56390231311269,
      24.34741394289278
     ],
     [
      39.56391679428053,
      24.34741163116239
     ],
     [
      39.56393137402719,
      24.34740931906415
     ],
     [
      39.56394585519391,
      24.34740700733101
     ],
     [
      39.56396033676013,
      24.34740478591086
     ],
     [
      39.56397481792575,
      24.34740247417498
     ],
     [
      39.56398939767019,
      24.34740016207119
     ],
     [
      39.56400378025534,
      24.34739785069907
     ],
     [
      39.56401836039875,
      24.3473956289069
     ],
     [
      39.56403284156216,
      24.3473933171655
     ],
     [
      39.56404732272502,
      24.34739100542274
     ],
     [
      39.56406180388731,
      24.34738869367859
     ],
     [
      39.56407638362842,
      24.3473863815665
     ],
     [
      39.56409076621027,
      24.34738407018619
     ],
     [
      39.56410534595025,
      24.34738175807133
     ],
     [
      39.56411982751049,
      24.34737953663607
     ],
     [
      39.56413430867003,
      24.34737722488505
     ],
     [
      39.56414878982901,
      24.34737491313266
     ],
     [
      39.56921294388922,
      24.3465705179884
     ],
     [
      39.56923954154615,
      24.34656626365413
     ],
     [
      39.56926604102635,
      24.34656209999948
     ],
     [
      39.56929254010093,
      24.34655784602593
     ],
     [
      39.56931903957746,
      24.34655368236207
     ],
     [
      39.56934563722693,
      24.34654942800934
     ],
     [
      39.56937213669978,
      24.34654526433626
     ],
     [
      39.56939863617079,
      24.34654110065859
     ],
     [
      39.56942523381467,
      24.34653684629198
     ],
     [
      39.56945173328201,
      24.34653268260509
     ],
     [
      39.5694782327475,
      24.3465285189136
     ],
     [
      39.56950483078975,
      24.34652435484742
     ],
     [
      39.56953133025159,
      24.34652019114673
     ],
     [
      39.56955782930758,
      24.34651593712712
     ],
     [
      39.56958432876574,
      24.34651177341722
     ],
     [
      39.56961092680062,
      24.34650760933255
     ],
     [
      39.56963752483367,
      24.34650344524325
     ],
     [
      39.56966392570775,
      24.34649928188972
     ],
     [
      39.56969052414122,
      24.34649520810547
     ],
     [
      39.56971712216878,
      24.34649104400231
     ],
     [
      39.56974352303738,
      24.34648688063499
     ],
     [
      39.56977012106127,
      24.3464827165226
     ],
     [
      39.56979671908331,
      24.34647855240557
     ],
     [
      39.56982321852498,
      24.3464743886542
     ],
     [
      39.56984971836901,
      24.34647031521252
     ],
     [
      39.56987631638557,
      24.34646615108163
     ],
     [
      39.56990281582176,
      24.34646198731643
     ],
     [
      39.56992931566036,
      24.34645791386094
     ],
     [
      39.56995591367143,
      24.34645374971618
     ],
     [
      39.56998251208495,
      24.34644967588105
     ],
     [
      39.57703194966421,
      24.34535576315206
     ],
     [
      39.57820809677646,
      24.34518167183069
     ],
     [
      39.57938697561809,
      24.34502372751532
     ],
     [
      39.58056829171652,
      24.34488211189525
     ],
     [
      39.5817518491865,
      24.34475700629048
     ],
     [
      39.58293725293124,
      24.34464814121376
     ],
     [
      39.58412440564913,
      24.34455569762187
     ],
     [
      39.58531291390183,
      24.34447976730122
     ],
     [
      39.58650258057826,
      24.34442026065996
     ],
     [
      39.58769291325263,
      24.34437717957195
     ],
     [
      39.58888401096042,
      24.34435052363042
     ],
     [
      39.5900753821154,
      24.3443404753539
     ],
     [
      39.59126673061483,
      24.34434685525177
     ],
     [
      39.59245785976649,
      24.34436966408562
     ],
     [
      39.59364847472276,
      24.3444089933228
     ],
     [
      39.59483837879379,
      24.34446484373931
     ],
     [
      39.59602707871395,
      24.34453703665123
     ],
     [
      39.59721447721035,
      24.34462575309337
     ],
     [
      39.59840037674151,
      24.34473081323675
     ],
     [
      39.59958438387996,
      24.34485230897924
     ],
     [
      39.60076620292396,
      24.34499015121285
     ],
     [
      39.60194573531976,
      24.34514425005633
     ],
     [
      39.60312248948343,
      24.34531478814042
     ],
     [
      39.60407390392063,
      24.34546643544369
     ],
     [
      39.60429626785072,
      24.34550158567771
     ],
     [
      39.60546697142502,
      24.3457044624934
     ],
     [
      39.60663401003409,
      24.34592360164149
     ],
     [
      39.60779748182525,
      24.34615882217426
     ],
     [
      39.60895689476632,
      24.3464102164561
     ],
     [
      39.610112050825,
      24.3466775144221
     ],
     [
      39.61126255609906,
      24.34696071774857
     ],
     [
      39.63020007660673,
      24.35176249824589
     ],
     [
      39.63452734732054,
      24.35285912433907
     ],
     [
      39.63555622169406,
      24.35312540003345
     ],
     [
      39.63658199706062,
      24.35340197758412
     ],
     [
      39.6376044751291,
      24.35368858693759
     ],
     [
      39.63862336082599,
      24.35398531971318
     ],
     [
      39.63963875340988,
      24.35429226587466
     ],
     [
      39.64065045502708,
      24.3546092456931
     ],
     [
      39.64165836685378,
      24.35493616934069
     ],
     [
      39.64266229238865,
      24.35527312803573
     ],
     [
      39.6436622313846,
      24.3556200315386
     ],
     [
      39.64465798687826,
      24.35597688076058
     ],
     [
      39.64564955861377,
      24.35634358546544
     ],
     [
      39.64663655199026,
      24.35672005709817
     ],
     [
      39.64761916482897,
      24.35710638521342
     ],
     [
      39.64859710064514,
      24.35750239053
     ],
     [
      39.64957035962269,
      24.35790807313292
     ],
     [
      39.650538744771,
      24.3583234339526
     ],
     [
      39.65150205863251,
      24.35874838361134
     ],
     [
      39.65246039950281,
      24.3591828314635
     ],
     [
      39.65341357083977,
      24.35962686876044
     ],
     [
      39.65436137424138,
      24.36008022550711
     ],
     [
      39.65530371174085,
      24.36054299253788
     ],
     [
      39.65624068208103,
      24.36101516952278
     ],
     [
      39.65717189012805,
      24.36149657764018
     ],
     [
      39.6580973360246,
      24.36198721699135
     ],
     [
      39.65901701944307,
      24.36248699736426
     ],
     [
      39.65993064475025,
      24.36299592014637
     ],
     [
      39.66083830972786,
      24.36351380438763
     ],
     [
      39.66173962013875,
      24.36404065191176
     ],
     [
      39.66248424442436,
      24.36448617304943
     ],
     [
      39.66263477328197,
      24.36457646196577
     ],
     [
      39.67890116594803,
      24.3744274159426
     ],
     [
      39.67949276149481,
      24.37479505316476
     ],
     [
      39.6800744715176,
      24.37517573760518
     ],
     [
      39.68064599838202,
      24.37556910945398
     ],
     [
      39.68120684869043,
      24.37597508072656
     ],
     [
      39.68175692246127,
      24.37639338104547
     ],
     [
      39.68229592201615,
      24.37682365060856
     ],
     [
      39.68282325531458,
      24.37726580188458
     ],
     [
      39.68333882184701,
      24.37771947418935
     ],
     [
      39.68384232437391,
      24.37818439803956
     ],
     [
      39.68433326843812,
      24.37866030484381
     ],
     [
      39.68466413366111,
      24.37899911395313
     ],
     [
      39.68481165305943,
      24.37914701409853
     ],
     [
      39.68527708186647,
      24.37964416645701
     ],
     [
      39.68572915847002,
      24.38015140257462
     ],
     [
      39.68616778324644,
      24.3806685423927
     ],
     [
      39.68659255928856,
      24.38119513625521
     ],
     [
      39.68700338743355,
      24.38173109441354
     ],
     [
      39.68739996983628,
      24.38227605707565
     ],
     [
      39.6877820081471,
      24.38282957413734
     ],
     [
      39.68814940169838,
      24.38339128490983
     ],
     [
      39.68850185357838,
      24.3839610102212
     ],
     [
      39.68883906588332,
      24.38453839027465
     ],
     [
      39.68916103700289,
      24.38512315423816
     ],
     [
      39.68946746753856,
      24.38571467137456
     ],
     [
      39.68975825872017,
      24.38631294222924
     ],
     [
      39.69003311161318,
      24.38691742637153
     ],
     [
      39.69029202456349,
      24.38752785295575
     ],
     [
      39.69053460098508,
      24.38814386261751
     ],
     [
      39.69076093634012,
      24.3887649131188
     ],
     [
      39.69097093181189,
      24.38939100498566
     ],
     [
      39.69381176354993,
      24.39824268408066
     ],
     [
      39.69393375869846,
      24.39862243643712
     ],
     [
      39.69407441763889,
      24.39906071675944
     ],
     [
      39.69421979355453,
      24.39951378674172
     ],
     [
      39.69430707859375,
      24.39978559224419
     ],
     [
      39.69436406501561,
      24.3999630684259
     ],
     [
      39.69441593568413,
      24.400124763132
     ],
     [
      39.69447864142092,
      24.40032009515237
     ],
     [
      39.69455840382628,
      24.40056863401541
     ],
     [
      39.6946389693329,
      24.40081969792355
     ],
     [
      39.69471080567507,
      24.40104343676023
     ],
     [
      39.69476187398362,
      24.40120251589212
     ],
     [
      39.69486320920095,
      24.40151832960803
     ],
     [
      39.69497387516031,
      24.40186309111553
     ],
     [
      39.69505504347921,
      24.40211586792472
     ],
     [
      39.69511123026363,
      24.40229099924798
     ],
     [
      39.69517795122853,
      24.40249877574574
     ],
     [
      39.69522791764174,
      24.40265451812099
     ],
     [
      39.69531651147253,
      24.40293038096113
     ],
     [
      39.69545617581721,
      24.40336532254444
     ],
     [
      39.69554587528944,
      24.40364479267672
     ],
     [
      39.69563778341634,
      24.40393129705939
     ],
     [
      39.69571012641289,
      24.40415683921459
     ],
     [
      39.69576189756445,
      24.4043177209444
     ],
     [
      39.69583333858115,
      24.4045405577558
     ],
     [
      39.69588611557243,
      24.40470495704045
     ],
     [
      39.69591711865935,
      24.40480135986817
     ],
     [
      39.69593357420091,
      24.40485267271579
     ],
     [
      39.69596357629806,
      24.40494637072148
     ],
     [
      39.69601073380365,
      24.40509309429852
     ],
     [
      39.69604484782494,
      24.40519923666761
     ],
     [
      39.69617518606215,
      24.40560513924392
     ],
     [
      39.69630201494357,
      24.40600040079938
     ],
     [
      39.69643366075925,
      24.40641063212319
     ],
     [
      39.69653701075504,
      24.40673257641657
     ],
     [
      39.69664166668493,
      24.40705875934865
     ],
     [
      39.69673428021959,
      24.40734706587707
     ],
     [
      39.69683141056686,
      24.40764962109502
     ],
     [
      39.6968977374294,
      24.40785640495346
     ],
     [
      39.69695071800048,
      24.40802143500509
     ],
     [
      39.69705858615568,
      24.40835744695327
     ],
     [
      39.69716615357534,
      24.40869246673483
     ],
     [
      39.69727322002895,
      24.40902595339116
     ],
     [
      39.69737647532443,
      24.40934780704833
     ],
     [
      39.69748524733893,
      24.40968634321135
     ],
     [
      39.69754314698856,
      24.40986679395039
     ],
     [
      39.69761900696678,
      24.41010288538347
     ],
     [
      39.69774735037863,
      24.41050283466319
     ],
     [
      39.69780213978422,
      24.4106735457391
     ],
     [
      39.69785070729186,
      24.41082477773727
     ],
     [
      39.69791944385391,
      24.41103868466757
     ],
     [
      39.69800654560469,
      24.41131003662382
     ],
     [
      39.69809996949022,
      24.41160104771686
     ],
     [
      39.69816609891767,
      24.41180701892778
     ],
     [
      39.6982183801053,
      24.41196979377845
     ],
     [
      39.69832274216607,
      24.41229471213722
     ],
     [
      39.69844045379432,
      24.41266165492211
     ],
     [
      39.69858836999646,
      24.41312238428156
     ],
     [
      39.69869736238621,
      24.41346389862106
     ],
     [
      39.69879783574322,
      24.41378070627619
     ],
     [
      39.6988638902796,
      24.41399056091034
     ],
     [
      39.69891499078213,
      24.41415352151985
     ],
     [
      39.69900243960183,
      24.41443336058457
     ],
     [
      39.69910285422223,
      24.41475712238131
     ],
     [
      39.6991868105872,
      24.41502948141109
     ],
     [
      39.69925329730792,
      24.41524592670741
     ],
     [
      39.69931336597899,
      24.41544316483949
     ],
     [
      39.69932963806728,
      24.41549646494212
     ],
     [
      39.69940226712918,
      24.41573564077419
     ],
     [
      39.69946103916123,
      24.41593017541311
     ],
     [
      39.69951760766998,
      24.4161185788869
     ],
     [
      39.69956684442529,
      24.41628308314291
     ],
     [
      39.69963166126412,
      24.4165005293802
     ],
     [
      39.69973919901359,
      24.41686336342096
     ],
     [
      39.69985449683862,
      24.4172560552364
     ],
     [
      39.69996659736398,
      24.41764117538584
     ],
     [
      39.70006383408801,
      24.41797795615443
     ],
     [
      39.70016289904285,
      24.41832421129214
     ],
     [
      39.70023954502008,
      24.41859362300119
     ],
     [
      39.70030010566395,
      24.41880792756512
     ],
     [
      39.70040031524678,
      24.41916474386338
     ],
     [
      39.70050003823759,
      24.41952264608189
     ],
     [
      39.70064427564431,
      24.4200466091692
     ],
     [
      39.70079811292813,
      24.4206118911575
     ],
     [
      39.7009262144229,
      24.42108914622548
     ],
     [
      39.70099753260667,
      24.42135767893502
     ],
     [
      39.70106895672722,
      24.42162747549306
     ],
     [
      39.70119612292895,
      24.42211358527817
     ],
     [
      39.70130023846622,
      24.42251581027298
     ],
     [
      39.70141435925084,
      24.42296133921602
     ],
     [
      39.70150188626365,
      24.42330665314493
     ],
     [
      39.70154898583976,
      24.42349392538321
     ],
     [
      39.70163169818085,
      24.42382463075349
     ],
     [
      39.70169737629786,
      24.4240893959709
     ],
     [
      39.70176427780626,
      24.42436129022821
     ],
     [
      39.70181746226698,
      24.42457851816108
     ],
     [
      39.70190447073875,
      24.42493665864578
     ],
     [
      39.7019438441005,
      24.42510003349795
     ],
     [
      39.70199563929476,
      24.42531564214016
     ],
     [
      39.70205390640153,
      24.42555994037385
     ],
     [
      39.70213662887848,
      24.42590979171228
     ],
     [
      39.70227181434851,
      24.42648870506691
     ],
     [
      39.70237116684104,
      24.42692012227889
     ],
     [
      39.70248217809742,
      24.4274082923417
     ],
     [
      39.70255712020764,
      24.4277421036735
     ],
     [
      39.70262054721109,
      24.42802710891701
     ],
     [
      39.70265352908862,
      24.42817597272109
     ],
     [
      39.70273114536304,
      24.42852936948536
     ],
     [
      39.70284067291388,
      24.42903407335615
     ],
     [
      39.70292441843042,
      24.42942528275981
     ],
     [
      39.70297587421064,
      24.42966798644554
     ],
     [
      39.70303169589988,
      24.42993306751044
     ],
     [
      39.70310192537714,
      24.43027033221131
     ],
     [
      39.70317034666134,
      24.43060164458562
     ],
     [
      39.70320664218745,
      24.43077858022209
     ],
     [
      39.70325106200691,
      24.43099747375088
     ],
     [
      39.70327672194797,
      24.43112424461725
     ],
     [
      39.70335016648692,
      24.43148958160593
     ],
     [
      39.70344698447746,
      24.43197835839131
     ],
     [
      39.7035369437511,
      24.43243980205103
     ],
     [
      39.70362572100905,
      24.43290143174152
     ],
     [
      39.70367907163728,
      24.43318287059373
     ],
     [
      39.703714339258,
      24.43336983557252
     ],
     [
      39.70376110405243,
      24.43361987600181
     ],
     [
      39.70378876263472,
      24.43376885447567
     ],
     [
      39.703854875133,
      24.43412781290929
     ],
     [
      39.70387013643197,
      24.43421146226117
     ],
     [
      39.70389964457888,
      24.43437370813637
     ],
     [
      39.70394076073699,
      24.43460119644264
     ],
     [
      39.70399257918992,
      24.43489068010161
     ],
     [
      39.7040520509931,
      24.4352260072184
     ],
     [
      39.70411093778306,
      24.43556251108595
     ],
     [
      39.70416230647962,
      24.43585967335152
     ],
     [
      39.70422093458027,
      24.43620277120507
     ],
     [
      39.70427162936515,
      24.43650282655864
     ],
     [
      39.70431060436132,
      24.43673529187033
     ],
     [
      39.70434050901799,
      24.4369154177494
     ],
     [
      39.70438961654026,
      24.43721376446542
     ],
     [
      39.70443302548489,
      24.43748070870221
     ],
     [
      39.70448217161693,
      24.43778591897947
     ],
     [
      39.70453798400622,
      24.43813679663783
     ],
     [
      39.7045858492756,
      24.43844219343822
     ],
     [
      39.70461981787253,
      24.43866113493612
     ],
     [
      39.70465041677681,
      24.43885950071607
     ],
     [
      39.70468277110788,
      24.43907194715687
     ],
     [
      39.70470888513697,
      24.43924432361713
     ],
     [
      39.70472711768738,
      24.4393653486064
     ],
     [
      39.70474730240707,
      24.43950036303324
     ],
     [
      39.70475611147679,
      24.43955884490903
     ],
     [
      39.70485434173339,
      24.44022842039245
     ],
     [
      39.70491977950402,
      24.44067769421864
     ],
     [
      39.704983630852,
      24.44112544005294
     ],
     [
      39.70504630040296,
      24.44157346227421
     ],
     [
      39.70516328635158,
      24.44242186016136
     ],
     [
      39.70584565666528,
      24.4483893641134
     ],
     [
      39.70605365689482,
      24.45055491195161
     ],
     [
      39.70640945727438,
      24.45425951397984
     ]
    ]
   }
  },
  {
   "type": "Feature",
   "id": "user-1784467162998-777",
   "properties": {
    "name": "طريق علي بن ابي طالب",
    "category": "road",
    "icon": "fa-location-dot",
    "description": "",
    "ring": null
   },
   "geometry": {
    "type": "LineString",
    "coordinates": [
     [
      39.61745220779765,
      24.46437334506134
     ],
     [
      39.61770124048417,
      24.46410761749956
     ],
     [
      39.61804514370301,
      24.46389234837672
     ],
     [
      39.61828593759473,
      24.46371805122627
     ],
     [
      39.61838446187977,
      24.46364765490964
     ],
     [
      39.61847812747375,
      24.46357240145964
     ],
     [
      39.61856664101617,
      24.46349283396916
     ],
     [
      39.61864950916565,
      24.46340895446625
     ],
     [
      39.61872653635353,
      24.46332112501614
     ],
     [
      39.61888377452158,
      24.46313073179853
     ],
     [
      39.61904807438402,
      24.46293172967883
     ],
     [
      39.61928790623244,
      24.46266224404676
     ],
     [
      39.61952271134844,
      24.46243441335256
     ],
     [
      39.61954971684121,
      24.46240811163629
     ],
     [
      39.61983213056956,
      24.46217051205689
     ],
     [
      39.62012070040922,
      24.46194101495579
     ],
     [
      39.62023389499402,
      24.46184454686736
     ],
     [
      39.62110348139996,
      24.46110311180402
     ],
     [
      39.62203146929949,
      24.46022108372437
     ],
     [
      39.62223553581292,
      24.46000448398244
     ],
     [
      39.62290201280484,
      24.4592974714224
     ],
     [
      39.62295931835532,
      24.45923320272967
     ],
     [
      39.62311877262599,
      24.45905435623324
     ],
     [
      39.62306116590859,
      24.45889690559189
     ],
     [
      39.62333712045094,
      24.4585727151685
     ],
     [
      39.62341814848958,
      24.45847709987758
     ],
     [
      39.62372693934088,
      24.4580891923516
     ],
     [
      39.62438090197485,
      24.45732912043795
     ],
     [
      39.62480672229176,
      24.45682485462299
     ],
     [
      39.6249851142073,
      24.45660591886371
     ],
     [
      39.62524600448968,
      24.45629009616904
     ],
     [
      39.62547841733879,
      24.45600193659138
     ],
     [
      39.62570936972169,
      24.45571793714667
     ],
     [
      39.62583526070159,
      24.45555719920364
     ],
     [
      39.62593544870133,
      24.45542628084862
     ],
     [
      39.62608112643162,
      24.45525661002152
     ],
     [
      39.62652946090019,
      24.45471901068483
     ],
     [
      39.6267439496767,
      24.45445855952687
     ],
     [
      39.62680240332366,
      24.4543878723554
     ],
     [
      39.62707558763542,
      24.45412582268463
     ],
     [
      39.62729023771443,
      24.45397808186369
     ],
     [
      39.62744981593045,
      24.45384673548429
     ],
     [
      39.62758628059113,
      24.45369019698346
     ],
     [
      39.62768784590092,
      24.45353922208155
     ],
     [
      39.62778810976737,
      24.45332476183228
     ],
     [
      39.62827712682693,
      24.45216011955285
     ],
     [
      39.62835869116912,
      24.45197526927121
     ],
     [
      39.62841372801612,
      24.45187253424134
     ],
     [
      39.62846243893725,
      24.4517674773219
     ],
     [
      39.62849189535608,
      24.45169907755984
     ],
     [
      39.62918557193039,
      24.45040551636775
     ],
     [
      39.62929258273353,
      24.45025930437632
     ],
     [
      39.63010499818155,
      24.44888016907646
     ],
     [
      39.63158097425661,
      24.44536396023358
     ],
     [
      39.63288632616131,
      24.442248451399
     ],
     [
      39.63328398704805,
      24.44131781722107
     ],
     [
      39.63337534159635,
      24.44112073082199
     ],
     [
      39.63347934933209,
      24.4409288295869
     ],
     [
      39.6335954223685,
      24.44074292877941
     ],
     [
      39.63372336652713,
      24.4405636613843
     ],
     [
      39.63386279033616,
      24.44039166121085
     ],
     [
      39.63401300593031,
      24.44022747299541
     ],
     [
      39.63417372050635,
      24.44007173013219
     ],
     [
      39.63434414802015,
      24.43992506808272
     ],
     [
      39.63452477991395,
      24.43978712349715
     ],
     [
      39.63471394637992,
      24.43965934836997
     ],
     [
      39.63475663373354,
      24.43963388132405
     ],
     [
      39.63491115554512,
      24.43954201567594
     ],
     [
      39.6351156214055,
      24.43943576088184
     ],
     [
      39.63526402645012,
      24.43936360901256
     ],
     [
      39.63576956763254,
      24.4391179985266
     ],
     [
      39.63637784846419,
      24.43882255243208
     ],
     [
      39.63639959730766,
      24.43881198451055
     ],
     [
      39.63726917232798,
      24.43835377332086
     ],
     [
      39.63765414739923,
      24.43814596417887
     ],
     [
      39.63814370158399,
      24.43788153764011
     ],
     [
      39.63844741009894,
      24.43771769096736
     ],
     [
      39.63873085002295,
      24.43756458632654
     ],
     [
      39.63896233153172,
      24.43743716917984
     ],
     [
      39.63912581630792,
      24.43734363578224
     ],
     [
      39.63985677383339,
      24.43692555305536
     ],
     [
      39.64030433591659,
      24.43666942549912
     ],
     [
      39.64075199481869,
      24.43641329622948
     ],
     [
      39.64099259472139,
      24.43627563192393
     ],
     [
      39.64100095596982,
      24.4362709001694
     ],
     [
      39.64188397110014,
      24.43576573295818
     ],
     [
      39.6425244147609,
      24.43539913927049
     ],
     [
      39.64325593783258,
      24.43498031546459
     ],
     [
      39.64397358873293,
      24.43456976579682
     ],
     [
      39.64459670360291,
      24.43421208800433
     ],
     [
      39.64517820618367,
      24.43387779583275
     ],
     [
      39.64538889427172,
      24.43375714091086
     ],
     [
      39.64559761457587,
      24.43363757786464
     ],
     [
      39.64578626937234,
      24.43352957005676
     ],
     [
      39.64606659468591,
      24.43336896912277
     ],
     [
      39.64643691884167,
      24.43315695578515
     ],
     [
      39.64688553497735,
      24.4328999917384
     ],
     [
      39.64725477450626,
      24.43268861326592
     ],
     [
      39.64755998056387,
      24.43251372387689
     ],
     [
      39.6479862650483,
      24.43226958646312
     ],
     [
      39.64816989921547,
      24.43216439696505
     ],
     [
      39.64842798964791,
      24.43201653093045
     ],
     [
      39.64867427737559,
      24.43187557892431
     ],
     [
      39.64901803577234,
      24.43167866537721
     ],
     [
      39.64926225575431,
      24.43153871475234
     ],
     [
      39.64942670881512,
      24.43144462436135
     ],
     [
      39.64998694689849,
      24.43112368142215
     ],
     [
      39.65025378723748,
      24.43097089778187
     ],
     [
      39.65052652833723,
      24.43081474669345
     ],
     [
      39.65075431940369,
      24.43068416666753
     ],
     [
      39.65089870512733,
      24.43060145024977
     ],
     [
      39.65094414531634,
      24.430575424983
     ],
     [
      39.65107141757306,
      24.43050262624481
     ],
     [
      39.65125288293039,
      24.43039870679234
     ],
     [
      39.6514781156777,
      24.43026967204244
     ],
     [
      39.65170334796158,
      24.43014063696467
     ],
     [
      39.65192858024625,
      24.43001169187093
     ],
     [
      39.65208132436413,
      24.42992415169196
     ],
     [
      39.65219157950794,
      24.42986099863802
     ],
     [
      39.65247089224749,
      24.42969849380133
     ],
     [
      39.65271068145611,
      24.42956162747927
     ],
     [
      39.65289637358704,
      24.42945533969268
     ],
     [
      39.65307272237914,
      24.4293545108435
     ],
     [
      39.65319340319625,
      24.4292856222965
     ],
     [
      39.65333778709701,
      24.42920317453846
     ],
     [
      39.65347617091498,
      24.4291240941723
     ],
     [
      39.65358416335429,
      24.42906239491458
     ],
     [
      39.65379286942974,
      24.42894309174786
     ],
     [
      39.65400314917137,
      24.42882296867112
     ],
     [
      39.65414664656862,
      24.42874097555489
     ],
     [
      39.65436626901204,
      24.42861548307153
     ],
     [
      39.65461520015861,
      24.42847324572485
     ],
     [
      39.65488862088049,
      24.42831708396055
     ],
     [
      39.65517659631004,
      24.42815245949872
     ],
     [
      39.65525399952062,
      24.42810823178067
     ],
     [
      39.65541903402983,
      24.42801386152246
     ],
     [
      39.65568576482968,
      24.42786152050163
     ],
     [
      39.65599468729648,
      24.42768497261927
     ],
     [
      39.65624459834451,
      24.42754218650419
     ],
     [
      39.65649195166899,
      24.42740085610192
     ],
     [
      39.65672986261947,
      24.42726489480156
     ],
     [
      39.65691358170108,
      24.42715987512264
     ],
     [
      39.65697839431463,
      24.42712274567795
     ],
     [
      39.65725003925634,
      24.42696767119259
     ],
     [
      39.65755305628687,
      24.426794487444
     ],
     [
      39.65787033299661,
      24.42661311285642
     ],
     [
      39.65819282165776,
      24.42642882490068
     ],
     [
      39.65847301891969,
      24.42626865347933
     ],
     [
      39.65884291033687,
      24.42605733466328
     ],
     [
      39.65917631263195,
      24.42586676547208
     ],
     [
      39.65922588047063,
      24.4258384619318
     ],
     [
      39.65941254560466,
      24.42573171047095
     ],
     [
      39.6596585150798,
      24.42559119383224
     ],
     [
      39.65988225708127,
      24.42546332735522
     ],
     [
      39.66014160080131,
      24.42531516525861
     ],
     [
      39.66035019623593,
      24.42519594399186
     ],
     [
      39.66053076224886,
      24.42509274002959
     ],
     [
      39.66068683959129,
      24.42500355110702
     ],
     [
      39.66071260602247,
      24.42498871745188
     ],
     [
      39.66083180311069,
      24.42492064221524
     ],
     [
      39.6610472816311,
      24.42479750644989
     ],
     [
      39.66107560502529,
      24.42478121654273
     ],
     [
      39.66124751610348,
      24.42468310712373
     ],
     [
      39.66147617213852,
      24.42455241712699
     ],
     [
      39.66175793450144,
      24.4243913297435
     ],
     [
      39.66201402865935,
      24.42424507529172
     ],
     [
      39.66229156097793,
      24.42408644390968
     ],
     [
      39.662474778977,
      24.42398169072444
     ],
     [
      39.66269753217005,
      24.42385445667914
     ],
     [
      39.66285036085421,
      24.42376708606495
     ],
     [
      39.66310635382706,
      24.4236208302384
     ],
     [
      39.66332939928731,
      24.42349314242854
     ],
     [
      39.66353966123054,
      24.42337309670874
     ],
     [
      39.66379280017434,
      24.42322838758917
     ],
     [
      39.66410415815961,
      24.42305036771968
     ],
     [
      39.66443597149397,
      24.42286078755682
     ],
     [
      39.66475755597668,
      24.42267703169471
     ],
     [
      39.6650073484348,
      24.42253423186727
     ],
     [
      39.66522694914342,
      24.42240872397589
     ],
     [
      39.6656422518931,
      24.42217135944282
     ],
     [
      39.6657805215593,
      24.4220922685114
     ],
     [
      39.66594436087476,
      24.4219987050458
     ],
     [
      39.6661540274211,
      24.42187892931543
     ],
     [
      39.66637244505924,
      24.42175396687992
     ],
     [
      39.66660207439269,
      24.42162281341217
     ],
     [
      39.66681557457969,
      24.42150076204937
     ],
     [
      39.66694391055158,
      24.42142740361079
     ],
     [
      39.66702061691775,
      24.4213835342995
     ],
     [
      39.66718022543432,
      24.42129233632403
     ],
     [
      39.66735242095971,
      24.42119385757588
     ],
     [
      39.66747820035484,
      24.42112213561371
     ],
     [
      39.66790529458763,
      24.42087784911949
     ],
     [
      39.66817710881196,
      24.42072257396921
     ],
     [
      39.66839827656715,
      24.42059615149646
     ],
     [
      39.66865081392465,
      24.4204517079848
     ],
     [
      39.6688230071415,
      24.42035322760167
     ],
     [
      39.66954855765326,
      24.41993854990165
     ],
     [
      39.67021834521949,
      24.41955572555226
     ],
     [
      39.67049516874002,
      24.41939753408475
     ],
     [
      39.67086383938542,
      24.41918682398023
     ],
     [
      39.67138070370194,
      24.41889137356387
     ],
     [
      39.67154620568061,
      24.41879671299484
     ],
     [
      39.67190297411727,
      24.41859282674457
     ],
     [
      39.67243045376809,
      24.41829127465572
     ],
     [
      39.67278594046343,
      24.41808802425014
     ],
     [
      39.6733114494597,
      24.41778765198165
     ],
     [
      39.67370626758026,
      24.41756191697925
     ],
     [
      39.67420423835416,
      24.41727728851754
     ],
     [
      39.67470682813392,
      24.4169899284428
     ],
     [
      39.67521315301967,
      24.41670056316294
     ],
     [
      39.67563569453976,
      24.41645898494484
     ],
     [
      39.67579922373486,
      24.41636550268886
     ],
     [
      39.67609933791409,
      24.41619392103446
     ],
     [
      39.67646346620784,
      24.41598574659603
     ],
     [
      39.67699416909516,
      24.41568235819297
     ],
     [
      39.67746114954299,
      24.41541528835467
     ],
     [
      39.67808634466436,
      24.41505791719842
     ],
     [
      39.6787612915345,
      24.41467205222093
     ],
     [
      39.67933456018061,
      24.41434426079645
     ],
     [
      39.67965610100451,
      24.41416047400961
     ],
     [
      39.6798039896156,
      24.41407590847125
     ],
     [
      39.68037902328739,
      24.41374720209531
     ],
     [
      39.68095405297669,
      24.4134183129629
     ],
     [
      39.68144874631061,
      24.41313557240694
     ],
     [
      39.68200705557456,
      24.41281641818014
     ],
     [
      39.68247077016602,
      24.41255124445439
     ],
     [
      39.6829962327782,
      24.41225083934718
     ],
     [
      39.68349612809946,
      24.41196508839341
     ],
     [
      39.68377036076016,
      24.41182648284044
     ],
     [
      39.68426012404579,
      24.41152804093269
     ],
     [
      39.68470485311784,
      24.41127387425354
     ],
     [
      39.68519952905462,
      24.41099103141744
     ],
     [
      39.68550512400831,
      24.41081633596357
     ],
     [
      39.68597727929935,
      24.41054623652245
     ],
     [
      39.68634137529682,
      24.41033812919261
     ],
     [
      39.68661107858408,
      24.41018391483951
     ],
     [
      39.68720701927457,
      24.40984316674685
     ],
     [
      39.6878904639982,
      24.40945234625675
     ],
     [
      39.6888435041277,
      24.4089073952789
     ],
     [
      39.68950255436106,
      24.40853040630843
     ],
     [
      39.68997164540058,
      24.40826220516994
     ],
     [
      39.69015727541098,
      24.40815605335043
     ],
     [
      39.69058821499368,
      24.40790960921042
     ],
     [
      39.69125787412943,
      24.40752669395393
     ],
     [
      39.69185005321042,
      24.40718802229362
     ],
     [
      39.692485686496,
      24.40682458430386
     ],
     [
      39.69308316781507,
      24.40648281299035
     ],
     [
      39.69373049351168,
      24.40611263313313
     ],
     [
      39.69436090522651,
      24.40575219168441
     ],
     [
      39.69479703845602,
      24.40550264129454
     ],
     [
      39.69560647746028,
      24.40503977028576
     ],
     [
      39.69593337745307,
      24.40485276393372
     ],
     [
      39.69621446157474,
      24.40469197788383
     ],
     [
      39.69683424065891,
      24.40433753590834
     ],
     [
      39.69754839792448,
      24.40392910071627
     ],
     [
      39.69821064138495,
      24.40355043415557
     ],
     [
      39.69828693239855,
      24.4035067318174
     ],
     [
      39.69905426756677,
      24.40306787965915
     ],
     [
      39.6998183528742,
      24.40263084497349
     ],
     [
      39.70039259280899,
      24.40230233852632
     ],
     [
      39.70050162040648,
      24.40223996938344
     ],
     [
      39.70146516838719,
      24.40168884074591
     ],
     [
      39.70222913878025,
      24.40125188495965
     ],
     [
      39.70300175525222,
      24.40081000831707
     ],
     [
      39.70372442508878,
      24.40039662806719
     ],
     [
      39.70410094657821,
      24.40018119595936
     ],
     [
      39.70413358498094,
      24.40016252991971
     ],
     [
      39.70449044420012,
      24.39995847748116
     ],
     [
      39.7052990242466,
      24.3994958305254
     ],
     [
      39.70606827667041,
      24.3990558507725
     ],
     [
      39.70677401806011,
      24.39865219870982
     ],
     [
      39.70747955767719,
      24.39824854436052
     ],
     [
      39.7080770564359,
      24.39790680517762
     ],
     [
      39.70849406465103,
      24.39766823340392
     ],
     [
      39.70885474359022,
      24.39746198547325
     ],
     [
      39.70899384379845,
      24.39738240030782
     ],
     [
      39.70951377168988,
      24.39708482075331
     ],
     [
      39.71037746280257,
      24.39659064049443
     ],
     [
      39.71113616124493,
      24.39615664566448
     ],
     [
      39.71191068067779,
      24.39571354138555
     ],
     [
      39.71256310507709,
      24.39534027816159
     ],
     [
      39.71320186194131,
      24.39497484350088
     ],
     [
      39.71384071420577,
      24.39460949605979
     ],
     [
      39.71433103212014,
      24.39432901876259
     ],
     [
      39.7147416270572,
      24.39409407288915
     ],
     [
      39.71486253389387,
      24.39402477371115
     ],
     [
      39.71502492394939,
      24.39393197772643
     ],
     [
      39.71555013152,
      24.39363137256031
     ],
     [
      39.71614945383413,
      24.3932885097383
     ],
     [
      39.71679143380642,
      24.39292123870934
     ],
     [
      39.71743547423073,
      24.39255278117511
     ],
     [
      39.71804864549524,
      24.39220189779424
     ],
     [
      39.71874565912823,
      24.39180301895968
     ],
     [
      39.71914552425073,
      24.39157434391263
     ],
     [
      39.71944698571303,
      24.39140032332589
     ],
     [
      39.71947195043568,
      24.39138566428108
     ],
     [
      39.71971943609945,
      24.39124052889712
     ],
     [
      39.71992808989719,
      24.39111671103197
     ],
     [
      39.72007875216658,
      24.39102649424374
     ],
     [
      39.72029515551581,
      24.39089559459102
     ],
     [
      39.72054574715166,
      24.3907420439574
     ],
     [
      39.72081745321127,
      24.39057321978057
     ],
     [
      39.72105328081692,
      24.39042479613101
     ],
     [
      39.72114544608469,
      24.39036610520039
     ],
     [
      39.72121000142113,
      24.39032506648425
     ],
     [
      39.7215310918808,
      24.3901182548873
     ],
     [
      39.7220628888148,
      24.38976801406326
     ],
     [
      39.72243785194149,
      24.38951506453612
     ],
     [
      39.72281612464901,
      24.38925478291564
     ],
     [
      39.72321587438233,
      24.38897389667899
     ],
     [
      39.72351669454903,
      24.38875859794381
     ],
     [
      39.72389909795982,
      24.38847986999538
     ],
     [
      39.72423708487958,
      24.38822871843102
     ],
     [
      39.72467371797971,
      24.38789761842901
     ],
     [
      39.72509714828937,
      24.38756883822398
     ],
     [
      39.72537603966324,
      24.38734813170591
     ],
     [
      39.72568239563009,
      24.38710200535957
     ],
     [
      39.72622446801758,
      24.38665596872131
     ],
     [
      39.72658158590101,
      24.38635486729553
     ],
     [
      39.72682808377004,
      24.3861436158011
     ],
     [
      39.72703384374592,
      24.38596480132049
     ],
     [
      39.72728815725666,
      24.38574104832982
     ],
     [
      39.72779957081509,
      24.38528124507944
     ],
     [
      39.7280286165959,
      24.38507097864466
     ],
     [
      39.72836965337157,
      24.38475279081259
     ],
     [
      39.72865102507572,
      24.3844851937862
     ],
     [
      39.72905866799643,
      24.38408964671345
     ],
     [
      39.72942478225205,
      24.38372626947057
     ],
     [
      39.7298508552821,
      24.38329558996433
     ],
     [
      39.7304479943341,
      24.3826910441058
     ],
     [
      39.73090807423795,
      24.38222515613139
     ],
     [
      39.731342368426,
      24.38178549184524
     ],
     [
      39.73183410629859,
      24.38128747735984
     ],
     [
      39.73215104734611,
      24.3809664172538
     ],
     [
      39.73266885756174,
      24.38044235418487
     ],
     [
      39.73314960683025,
      24.37995567785139
     ],
     [
      39.73395738085414,
      24.3791375916882
     ],
     [
      39.73425470588259,
      24.37883649126211
     ],
     [
      39.73453477658492,
      24.37855290440081
     ],
     [
      39.73485974276215,
      24.37822376197454
     ],
     [
      39.73522088057927,
      24.37785813737246
     ],
     [
      39.73537027612398,
      24.377706950271
     ],
     [
      39.73558035006369,
      24.3774942359852
     ],
     [
      39.73579110879245,
      24.37728070526958
     ],
     [
      39.73600980732597,
      24.37705918812305
     ],
     [
      39.7363080058622,
      24.37675735702019
     ],
     [
      39.73657071646667,
      24.37649128133355
     ],
     [
      39.73680509696369,
      24.37625397230707
     ],
     [
      39.73717494857975,
      24.37587963070941
     ],
     [
      39.73753744352977,
      24.37551227816974
     ],
     [
      39.73788356757262,
      24.37516171248126
     ],
     [
      39.73837358867105,
      24.37466549193921
     ],
     [
      39.73880704729767,
      24.37422662369231
     ],
     [
      39.73926883137801,
      24.37375907702586
     ],
     [
      39.73971316337914,
      24.37330904466152
     ],
     [
      39.74009230826268,
      24.37292498722988
     ],
     [
      39.74024031979617,
      24.37277515690974
     ],
     [
      39.74058476284827,
      24.37242630937536
     ],
     [
      39.74091989221164,
      24.37208689920586
     ],
     [
      39.74127383943438,
      24.37172843046003
     ],
     [
      39.74167179496762,
      24.37132540167071
     ],
     [
      39.74207690372303,
      24.37091520208041
     ],
     [
      39.74238438405797,
      24.37060374065977
     ],
     [
      39.74256777424902,
      24.37041806103232
     ],
     [
      39.74280232802258,
      24.37018047117946
     ],
     [
      39.74309510341876,
      24.36988407244697
     ],
     [
      39.74339395327046,
      24.36958132143155
     ],
     [
      39.74367555129016,
      24.3692960849774
     ],
     [
      39.7440278159273,
      24.36893915354981
     ],
     [
      39.74443536058349,
      24.36852658771295
     ],
     [
      39.7448332961312,
      24.3681235509356
     ],
     [
      39.74519584608591,
      24.36775627059341
     ],
     [
      39.74563945087606,
      24.36730703769988
     ],
     [
      39.74605629508796,
      24.36688484865059
     ],
     [
      39.74649999134638,
      24.36643543222722
     ],
     [
      39.74703551929429,
      24.36589290045234
     ],
     [
      39.7474995948478,
      24.365422879603
     ]
    ]
   }
  },
  {
   "type": "Feature",
   "id": "user-1784467162998-144",
   "properties": {
    "name": "طريق عمر بن الخطاب",
    "category": "road",
    "icon": "fa-location-dot",
    "description": "",
    "ring": null
   },
   "geometry": {
    "type": "LineString",
    "coordinates": [
     [
      39.4588360940753,
      24.37142876304459
     ],
     [
      39.45929159427212,
      24.37158290866363
     ],
     [
      39.4596597815149,
      24.37169532050158
     ],
     [
      39.46011336211711,
      24.37180891731533
     ],
     [
      39.46049890741018,
      24.37189490197448
     ],
     [
      39.46092239947888,
      24.37197670601687
     ],
     [
      39.46135920897727,
      24.37206009403227
     ],
     [
      39.46182618115091,
      24.37214076970508
     ],
     [
      39.46228831920107,
      24.37222055550952
     ],
     [
      39.46276518737036,
      24.37228367668757
     ],
     [
      39.46328229212778,
      24.37234866034735
     ],
     [
      39.46345186560978,
      24.37236999855834
     ],
     [
      39.46393485103741,
      24.372433910186
     ],
     [
      39.46453464176154,
      24.37251444184102
     ],
     [
      39.4651094620265,
      24.37261509799799
     ],
     [
      39.4656163302212,
      24.37271126426004
     ],
     [
      39.46619988331002,
      24.37282670133439
     ],
     [
      39.46668370541548,
      24.37292970862168
     ],
     [
      39.46738156351923,
      24.37310521085518
     ],
     [
      39.46772639392046,
      24.37321776527371
     ],
     [
      39.46816856348816,
      24.3733620806151
     ],
     [
      39.46871540157615,
      24.37357362771765
     ],
     [
      39.46893668875008,
      24.37366027925483
     ],
     [
      39.46981590797616,
      24.37405585201403
     ],
     [
      39.47030958932051,
      24.37428986619558
     ],
     [
      39.47075754859463,
      24.3745047833596
     ],
     [
      39.47113887171493,
      24.37469795943846
     ],
     [
      39.47146214159434,
      24.37487072299096
     ],
     [
      39.47177654182983,
      24.37504450692884
     ],
     [
      39.47186685093874,
      24.37509453203219
     ],
     [
      39.47215231817437,
      24.37525666411551
     ],
     [
      39.47248971890212,
      24.37546343068903
     ],
     [
      39.47281407695436,
      24.37566265060456
     ],
     [
      39.47314106723898,
      24.37588001518443
     ],
     [
      39.47332858315483,
      24.37600469850198
     ],
     [
      39.47400704185856,
      24.37647113946095
     ],
     [
      39.47437009806058,
      24.37673399827572
     ],
     [
      39.47480840294986,
      24.37705279723804
     ],
     [
      39.47524572702709,
      24.3773724108153
     ],
     [
      39.47566976531751,
      24.37767201456264
     ],
     [
      39.4759619024731,
      24.37787458006954
     ],
     [
      39.47620678412746,
      24.37804432803103
     ],
     [
      39.47656713825697,
      24.37829418435706
     ],
     [
      39.47682161091245,
      24.37847049422661
     ],
     [
      39.47716812952811,
      24.37871154161187
     ],
     [
      39.47739118001033,
      24.37889625853044
     ],
     [
      39.47780266529116,
      24.37921143007343
     ],
     [
      39.47832661622329,
      24.37959280862898
     ],
     [
      39.47866716861802,
      24.37984525116246
     ],
     [
      39.47893416280482,
      24.38004572258716
     ],
     [
      39.4792449755222,
      24.38028191051883
     ],
     [
      39.47959605301589,
      24.38055265181388
     ],
     [
      39.47998927924325,
      24.38086055938639
     ],
     [
      39.48040259415659,
      24.38116072533587
     ],
     [
      39.48078519946794,
      24.38144915613118
     ],
     [
      39.48125831562495,
      24.38181217066484
     ],
     [
      39.48163995483405,
      24.38210484716037
     ],
     [
      39.48198159798687,
      24.38235538188931
     ],
     [
      39.48230741757859,
      24.38259341223403
     ],
     [
      39.48232650134096,
      24.38260716987273
     ],
     [
      39.48256213137935,
      24.38277693668943
     ],
     [
      39.48281831611632,
      24.38295810779454
     ],
     [
      39.48304552250337,
      24.38311652083326
     ],
     [
      39.48338108319174,
      24.38334792465947
     ],
     [
      39.48383131271023,
      24.3836529305826
     ],
     [
      39.48423072002578,
      24.38392151949542
     ],
     [
      39.48471611976083,
      24.38424248659558
     ],
     [
      39.48539948879898,
      24.38470705295242
     ],
     [
      39.48575728307939,
      24.38494831491161
     ],
     [
      39.48586821041393,
      24.38502310229411
     ],
     [
      39.48603558050483,
      24.38513338343105
     ],
     [
      39.48628243575643,
      24.38529633456494
     ],
     [
      39.48663884416654,
      24.38553534092599
     ],
     [
      39.48723015690726,
      24.38593137351631
     ],
     [
      39.48768403979561,
      24.38623283357971
     ],
     [
      39.487948896716,
      24.38640881981565
     ],
     [
      39.48821504706326,
      24.38658760120738
     ],
     [
      39.4885184779845,
      24.38679317612107
     ],
     [
      39.48867894260491,
      24.38690157988123
     ],
     [
      39.48899739035122,
      24.38711396939636
     ],
     [
      39.48936783956623,
      24.38736014912267
     ],
     [
      39.48963428101609,
      24.38753666910582
     ],
     [
      39.48994324152147,
      24.38774294574104
     ],
     [
      39.49031330063064,
      24.38798930498268
     ],
     [
      39.49071905049028,
      24.38825893956131
     ],
     [
      39.49107635913382,
      24.38849693878797
     ],
     [
      39.49155338761002,
      24.38881176899503
     ],
     [
      39.4919741510768,
      24.38908631878596
     ],
     [
      39.49240702020575,
      24.38935423495705
     ],
     [
      39.49280763395564,
      24.38959407617967
     ],
     [
      39.49294898087227,
      24.38967869403761
     ],
     [
      39.49340791500418,
      24.38995347679596
     ],
     [
      39.49384579725132,
      24.39021568251183
     ],
     [
      39.49437125803411,
      24.39053025539824
     ],
     [
      39.4949153041261,
      24.39085587456914
     ],
     [
      39.49558925953138,
      24.39123968188665
     ],
     [
      39.4961055599796,
      24.39152962230659
     ],
     [
      39.49657213770733,
      24.39178856490925
     ],
     [
      39.49714287172284,
      24.39210189574147
     ],
     [
      39.49772732914707,
      24.39241852097498
     ],
     [
      39.49821443284794,
      24.39267928759592
     ],
     [
      39.49842011515626,
      24.39279674425702
     ],
     [
      39.49876901532804,
      24.39299609728873
     ],
     [
      39.49927052415702,
      24.39328264336698
     ],
     [
      39.49983122499796,
      24.3935991579639
     ],
     [
      39.50033290342819,
      24.39387748113131
     ],
     [
      39.50060647508163,
      24.3940292111812
     ],
     [
      39.50089081938552,
      24.39418668532235
     ],
     [
      39.50140472163683,
      24.39446261622268
     ],
     [
      39.50196502809021,
      24.39477650488037
     ],
     [
      39.5022133151025,
      24.39491756815719
     ],
     [
      39.50276613024229,
      24.39523138830302
     ],
     [
      39.50323808886409,
      24.39549751730719
     ],
     [
      39.50380216756891,
      24.39581536037398
     ],
     [
      39.50473619120434,
      24.3963369859646
     ],
     [
      39.50548726566268,
      24.39675526279943
     ],
     [
      39.50618991415992,
      24.39714669323657
     ],
     [
      39.50692004506552,
      24.3975535626809
     ],
     [
      39.50738855403122,
      24.39781589672665
     ],
     [
      39.50797567602144,
      24.39814475553028
     ],
     [
      39.50846810953183,
      24.39842055328537
     ],
     [
      39.50915032424353,
      24.39880264541999
     ],
     [
      39.51004414913884,
      24.39929854232153
     ],
     [
      39.51126929966145,
      24.39997755982535
     ],
     [
      39.51193125139817,
      24.40034426354614
     ],
     [
      39.5124496855915,
      24.40063143025652
     ],
     [
      39.51288025047987,
      24.40087012226002
     ],
     [
      39.51340254430508,
      24.40115953045379
     ],
     [
      39.51411828043756,
      24.40155611718228
     ],
     [
      39.51459708719674,
      24.40182128354254
     ],
     [
      39.51535661987781,
      24.40224219100695
     ],
     [
      39.5159849872335,
      24.40259029552949
     ],
     [
      39.51665289730203,
      24.40296038981843
     ],
     [
      39.51739603444138,
      24.40337213054958
     ],
     [
      39.51795778903934,
      24.40368333453575
     ],
     [
      39.51852626828461,
      24.40399830661896
     ],
     [
      39.51891316389289,
      24.40421265505108
     ],
     [
      39.51938428042842,
      24.40447358743394
     ],
     [
      39.51990719240362,
      24.40476224801644
     ],
     [
      39.520273313346,
      24.40496004614367
     ],
     [
      39.52031373930013,
      24.40498149267213
     ],
     [
      39.52061747774922,
      24.40514256520326
     ],
     [
      39.52094294928326,
      24.40531205201102
     ],
     [
      39.52163958178492,
      24.40565655597285
     ],
     [
      39.52177846903015,
      24.40573365854188
     ],
     [
      39.52195917878738,
      24.40581188123901
     ],
     [
      39.52282063936325,
      24.40618444143701
     ],
     [
      39.52361957609725,
      24.40655721287542
     ],
     [
      39.52447627295342,
      24.40696798343473
     ],
     [
      39.52556648187225,
      24.40741569058701
     ],
     [
      39.52596328234665,
      24.40756342368341
     ],
     [
      39.52663450526652,
      24.40781541906946
     ],
     [
      39.52711793710961,
      24.40801866274029
     ],
     [
      39.52728994937347,
      24.40809094841871
     ],
     [
      39.52743489035895,
      24.40815185813388
     ],
     [
      39.52775402382152,
      24.40828739345628
     ],
     [
      39.5280649561136,
      24.40841916344669
     ],
     [
      39.52837213293172,
      24.40854895895223
     ],
     [
      39.52917648877471,
      24.40888934867603
     ],
     [
      39.52923419799279,
      24.40891569971866
     ],
     [
      39.52939071377944,
      24.40898460514726
     ],
     [
      39.5300524649308,
      24.40925603608225
     ],
     [
      39.53082402049721,
      24.40958108778359
     ],
     [
      39.53122249784445,
      24.40974939292281
     ],
     [
      39.53158975217928,
      24.40990407867819
     ],
     [
      39.53201273378036,
      24.41008241099211
     ],
     [
      39.5322914642648,
      24.41020055735667
     ],
     [
      39.53292273249704,
      24.41046756692875
     ],
     [
      39.53308161126637,
      24.41053456353243
     ],
     [
      39.53340638561603,
      24.41067178286452
     ],
     [
      39.53379637089196,
      24.41083613715215
     ],
     [
      39.53396315647296,
      24.41090680786857
     ],
     [
      39.5341339913526,
      24.41097872852774
     ],
     [
      39.53430710097685,
      24.4110520860093
     ],
     [
      39.53479036320006,
      24.41125611819546
     ],
     [
      39.53495872984234,
      24.41132723378799
     ],
     [
      39.53513905177702,
      24.41140327427848
     ],
     [
      39.5353283655893,
      24.41148316631742
     ],
     [
      39.53556718337037,
      24.41158428774677
     ],
     [
      39.53581429442524,
      24.4116872760644
     ],
     [
      39.53605370398081,
      24.41178821398771
     ],
     [
      39.53624806010955,
      24.4118707061486
     ],
     [
      39.53629123918089,
      24.41188897753478
     ],
     [
      39.53675375718978,
      24.41208404528908
     ],
     [
      39.53695324832265,
      24.4121677827379
     ],
     [
      39.53715925923823,
      24.41225384498564
     ],
     [
      39.53737989636954,
      24.41234662868338
     ],
     [
      39.5375357149637,
      24.41241191540183
     ],
     [
      39.53778125070703,
      24.41251481573126
     ],
     [
      39.53808865082095,
      24.41264612574736
     ],
     [
      39.53832574199986,
      24.41275772546607
     ],
     [
      39.53853757458602,
      24.41286715677782
     ],
     [
      39.53882173502632,
      24.41303015831512
     ],
     [
      39.53899124744894,
      24.4131377526602
     ],
     [
      39.53918296894146,
      24.41327245262612
     ],
     [
      39.53928417183315,
      24.41334353157092
     ],
     [
      39.53952157705208,
      24.41352846430048
     ],
     [
      39.53968936111993,
      24.41367002256058
     ],
     [
      39.5398547281793,
      24.41382296897656
     ],
     [
      39.54007869191951,
      24.41404741652327
     ],
     [
      39.54027095687365,
      24.41426285500901
     ],
     [
      39.54034047365953,
      24.41435093526433
     ],
     [
      39.54048119310895,
      24.41452916690494
     ],
     [
      39.54067837142066,
      24.41480943368289
     ],
     [
      39.5408206762872,
      24.4150354361125
     ],
     [
      39.5409890500084,
      24.4153376616531
     ],
     [
      39.5413861874295,
      24.41615567239456
     ],
     [
      39.54180910174687,
      24.41702642410058
     ],
     [
      39.54185368336637,
      24.41711847640053
     ],
     [
      39.54197461447284,
      24.41735042461437
     ],
     [
      39.54209491371562,
      24.41757289187975
     ],
     [
      39.54220267664593,
      24.41776993504341
     ],
     [
      39.5423628574214,
      24.41804599677836
     ],
     [
      39.54239554866385,
      24.41810214603375
     ],
     [
      39.54250452643644,
      24.41828319880526
     ],
     [
      39.54262680037407,
      24.41848262813244
     ],
     [
      39.5427498475572,
      24.41867826133781
     ],
     [
      39.54292081874951,
      24.41893983328739
     ],
     [
      39.54308687441672,
      24.41918200488924
     ],
     [
      39.5432320618267,
      24.41938794447277
     ],
     [
      39.54335093219877,
      24.41955216243634
     ],
     [
      39.54352633089664,
      24.41978752633234
     ],
     [
      39.54366163364509,
      24.41996523230357
     ],
     [
      39.54380028421097,
      24.42014148107283
     ],
     [
      39.54382576994315,
      24.42017318045544
     ],
     [
      39.54407100796092,
      24.42047801605569
     ],
     [
      39.54421997247807,
      24.42066696177912
     ],
     [
      39.54438629224181,
      24.42087761088307
     ],
     [
      39.54457849167096,
      24.42111959635927
     ],
     [
      39.54476086744255,
      24.42134779870997
     ],
     [
      39.54478635521103,
      24.42137985917248
     ],
     [
      39.54492073763863,
      24.42154916793387
     ],
     [
      39.54506295041003,
      24.42172720893903
     ],
     [
      39.54521776971245,
      24.42192362868175
     ],
     [
      39.54523909320402,
      24.42195064641442
     ],
     [
      39.54536038680449,
      24.42210374517927
     ],
     [
      39.54551083474126,
      24.42229268419294
     ],
     [
      39.54565374741792,
      24.42247252838278
     ],
     [
      39.54580519077373,
      24.42266336011185
     ],
     [
      39.54591298857268,
      24.42279736025904
     ],
     [
      39.54603485853339,
      24.42294648249799
     ],
     [
      39.54623890789399,
      24.42319004862975
     ],
     [
      39.54638800185241,
      24.42336174140306
     ],
     [
      39.54655264007739,
      24.42354674452384
     ],
     [
      39.54675133899663,
      24.42376142839825
     ],
     [
      39.54691346051725,
      24.42393442828216
     ],
     [
      39.54711717061454,
      24.42414430683658
     ],
     [
      39.54726745998737,
      24.42429531220487
     ],
     [
      39.54739773921541,
      24.42442661078552
     ],
     [
      39.54755397062699,
      24.42458292295274
     ],
     [
      39.5477179282894,
      24.42474661282597
     ],
     [
      39.54795579697942,
      24.42498535770723
     ],
     [
      39.54821991622884,
      24.42524947595868
     ],
     [
      39.5486035161441,
      24.42563327970233
     ],
     [
      39.54894115373448,
      24.42597209161466
     ],
     [
      39.54918120612212,
      24.42621290379201
     ],
     [
      39.54937350679872,
      24.42640593162887
     ],
     [
      39.54956491364058,
      24.42659742709813
     ],
     [
      39.54984322360177,
      24.42687955384179
     ],
     [
      39.55025475764042,
      24.42728799800022
     ],
     [
      39.55046369963124,
      24.42749622710767
     ],
     [
      39.55052373757334,
      24.42755615851785
     ],
     [
      39.55070613854137,
      24.42774009876627
     ],
     [
      39.55085821397972,
      24.42789154545199
     ],
     [
      39.55099661635619,
      24.42802904293403
     ],
     [
      39.55114561927451,
      24.42817697821694
     ],
     [
      39.55127470907151,
      24.42830511658628
     ],
     [
      39.55150265425298,
      24.4285271834648
     ],
     [
      39.5515550560696,
      24.42857756888217
     ],
     [
      39.55163341030222,
      24.42865269630325
     ],
     [
      39.55184397008428,
      24.4288462864722
     ],
     [
      39.55198074598038,
      24.42897222861629
     ],
     [
      39.55213571451836,
      24.42910776795439
     ],
     [
      39.55234999358352,
      24.42929429924346
     ],
     [
      39.55250960543432,
      24.42943126627178
     ],
     [
      39.55269353504564,
      24.42957988525148
     ],
     [
      39.5528431141752,
      24.42970072217347
     ],
     [
      39.55305037996503,
      24.4298619898521
     ],
     [
      39.55341082781566,
      24.43013297165649
     ],
     [
      39.55376411292765,
      24.43038979933292
     ],
     [
      39.55404325107275,
      24.43058647695952
     ],
     [
      39.55430992301292,
      24.43077452948688
     ],
     [
      39.55463566929059,
      24.43100418082212
     ],
     [
      39.55499031185547,
      24.43125449788289
     ],
     [
      39.55548882440063,
      24.43160453554792
     ],
     [
      39.55584178344956,
      24.43185259885241
     ],
     [
      39.55609213315134,
      24.43202905746739
     ],
     [
      39.55638117748071,
      24.43223355162483
     ],
     [
      39.55665321329835,
      24.43242844409217
     ],
     [
      39.55692021822831,
      24.43262317394226
     ],
     [
      39.557176876486,
      24.43282028959645
     ],
     [
      39.55747393989332,
      24.43305293031575
     ],
     [
      39.55772299936027,
      24.43324898922782
     ],
     [
      39.55800503079485,
      24.43347265278483
     ],
     [
      39.55823538690313,
      24.43365496162103
     ],
     [
      39.55849939725358,
      24.43386297592018
     ],
     [
      39.55873568472131,
      24.43404779088567
     ],
     [
      39.55902504346503,
      24.4342768442987
     ],
     [
      39.55923213560911,
      24.43444000044711
     ],
     [
      39.55954624560545,
      24.43468883060356
     ],
     [
      39.5598612454549,
      24.43493783741866
     ],
     [
      39.56020346758288,
      24.43520778611416
     ],
     [
      39.56042838360529,
      24.43538541525095
     ],
     [
      39.56071249694055,
      24.43560924647854
     ],
     [
      39.56093869161425,
      24.43578569599453
     ],
     [
      39.56116724048152,
      24.43595897540696
     ],
     [
      39.56136330458867,
      24.43610329362878
     ],
     [
      39.56155658138734,
      24.43624184178441
     ],
     [
      39.56182761719293,
      24.43642995470703
     ],
     [
      39.56205499361468,
      24.43658300656231
     ],
     [
      39.5623138089673,
      24.43675129472646
     ],
     [
      39.56270012287303,
      24.43699560488476
     ],
     [
      39.56297315580138,
      24.43716618718651
     ],
     [
      39.56322274782041,
      24.43732294777718
     ],
     [
      39.56342119750206,
      24.43744810762154
     ],
     [
      39.5636409162032,
      24.43758646422724
     ],
     [
      39.56398111945506,
      24.43779833917424
     ],
     [
      39.56428591278799,
      24.43798912145162
     ],
     [
      39.56451236928689,
      24.43813368334047
     ],
     [
      39.56474398706879,
      24.43828517984938
     ],
     [
      39.56490527531057,
      24.43839431007455
     ],
     [
      39.56507726432534,
      24.43851378634805
     ],
     [
      39.56527756706721,
      24.4386554643646
     ],
     [
      39.56545650379053,
      24.43878421665035
     ],
     [
      39.56565011930109,
      24.43893043489185
     ],
     [
      39.56582027649208,
      24.43905912924683
     ],
     [
      39.56605450611691,
      24.43924249502226
     ],
     [
      39.56625034536434,
      24.43940035474787
     ],
     [
      39.56644957312363,
      24.43956578795923
     ],
     [
      39.56659425177256,
      24.43968825478579
     ],
     [
      39.56673666213032,
      24.43981082028129
     ],
     [
      39.56703499476361,
      24.4400770338488
     ],
     [
      39.56716020590243,
      24.44019189633352
     ],
     [
      39.56718863601433,
      24.44021798100357
     ],
     [
      39.56733633831038,
      24.4403544345337
     ],
     [
      39.56743800180217,
      24.44045394127706
     ],
     [
      39.56758098311131,
      24.44059348296705
     ],
     [
      39.56776758750048,
      24.4407810888373
     ],
     [
      39.56791574920622,
      24.44093171945889
     ],
     [
      39.56807909527449,
      24.44110243308083
     ],
     [
      39.56821470583121,
      24.4412479625921
     ],
     [
      39.56840229273095,
      24.44145624601196
     ],
     [
      39.56858544737054,
      24.44166599088117
     ],
     [
      39.56874818981845,
      24.44185567209248
     ],
     [
      39.56894405788485,
      24.44208424446417
     ],
     [
      39.56895516536759,
      24.44209720799807
     ],
     [
      39.56908994283585,
      24.4422544807187
     ],
     [
      39.5692212523732,
      24.44240833440438
     ],
     [
      39.56933867655867,
      24.44254571264944
     ],
     [
      39.56947543859864,
      24.44270532571469
     ],
     [
      39.56959970329147,
      24.44284999347683
     ],
     [
      39.56973071242717,
      24.44300258341607
     ],
     [
      39.56989137725666,
      24.44319019390279
     ],
     [
      39.5700272487497,
      24.44334890664416
     ],
     [
      39.57006096933115,
      24.44338842769054
     ],
     [
      39.57021519054236,
      24.44356892723781
     ],
     [
      39.57034125221299,
      24.44371792267833
     ],
     [
      39.57042406849411,
      24.44381542113113
     ],
     [
      39.57060576392977,
      24.44402823959201
     ],
     [
      39.57068619746313,
      24.4441223149242
     ],
     [
      39.57078091137022,
      24.44423277358407
     ],
     [
      39.57086937807512,
      24.44433612090401
     ],
     [
      39.57095972953274,
      24.44444171891959
     ],
     [
      39.57103431326685,
      24.44452922316884
     ],
     [
      39.57112714724026,
      24.44463833397546
     ],
     [
      39.57127997324097,
      24.44481504441702
     ],
     [
      39.57142831825581,
      24.44498246921733
     ],
     [
      39.57146361330695,
      24.44502090020538
     ],
     [
      39.57163235590063,
      24.4452046849813
     ],
     [
      39.57186639848184,
      24.44545153320628
     ],
     [
      39.57198681904074,
      24.44557390570066
     ],
     [
      39.57213279569842,
      24.44571894069934
     ],
     [
      39.57224427496453,
      24.44582743835167
     ],
     [
      39.57239142710528,
      24.44597048171809
     ],
     [
      39.57243126129858,
      24.44600898560188
     ],
     [
      39.57264249191002,
      24.44620660712474
     ],
     [
      39.57273819349934,
      24.44629475303429
     ],
     [
      39.57279763077339,
      24.44634844574412
     ],
     [
      39.5729013478084,
      24.4464418897481
     ],
     [
      39.57300871935789,
      24.44653622297688
     ],
     [
      39.57314303134822,
      24.44665384550857
     ],
     [
      39.57326545376081,
      24.44676022366131
     ],
     [
      39.5733755788323,
      24.4468524689445
     ],
     [
      39.57350144234792,
      24.44695612441352
     ],
     [
      39.5736242325905,
      24.44705644979086
     ],
     [
      39.57371839718879,
      24.4471316858955
     ],
     [
      39.57375473705332,
      24.44716090026805
     ],
     [
      39.57386226626368,
      24.44724620080755
     ],
     [
      39.57397314258603,
      24.44732986290155
     ],
     [
      39.5741083729168,
      24.4474320372604
     ],
     [
      39.57420410308666,
      24.44750428672628
     ],
     [
      39.57438078240082,
      24.44763086901102
     ],
     [
      39.57447975832259,
      24.44770084810397
     ],
     [
      39.57468998247794,
      24.44784924902109
     ],
     [
      39.57480399314199,
      24.44792766032776
     ],
     [
      39.57489533399465,
      24.44798908827643
     ],
     [
      39.57506614142554,
      24.44810413179138
     ],
     [
      39.57526642738707,
      24.44823631305175
     ],
     [
      39.57537259273172,
      24.44830328381125
     ],
     [
      39.57544541421722,
      24.4483491574603
     ],
     [
      39.57552733850221,
      24.44840077656118
     ],
     [
      39.57556464028879,
      24.44842438731957
     ],
     [
      39.57560322791988,
      24.44844871569057
     ],
     [
      39.57564814565389,
      24.44847654222265
     ],
     [
      39.57569375483163,
      24.44850454673782
     ],
     [
      39.57574628935182,
      24.448536769656
     ],
     [
      39.57578032033177,
      24.44855705117426
     ],
     [
      39.57582354823955,
      24.44858208433587
     ],
     [
      39.57585955198799,
      24.4486022680094
     ],
     [
      39.57591058825403,
      24.44863043241988
     ],
     [
      39.57597092464393,
      24.44866434152162
     ],
     [
      39.57601424799892,
      24.4486886517474
     ],
     [
      39.57606538873895,
      24.4487180801099
     ],
     [
      39.57614234859075,
      24.44876267324532
     ],
     [
      39.57622693020396,
      24.44881274648492
     ],
     [
      39.57627431629214,
      24.44884092467827
     ],
     [
      39.57632051522015,
      24.44886838486446
     ],
     [
      39.57638244391393,
      24.44890526810881
     ],
     [
      39.57643210495558,
      24.44893470198377
     ],
     [
      39.57648403885178,
      24.44896494000821
     ],
     [
      39.57653617091037,
      24.44899535788789
     ],
     [
      39.57659611670434,
      24.44903008105344
     ],
     [
      39.57665279695089,
      24.4490626490985
     ],
     [
      39.57666456849655,
      24.44906946811357
     ],
     [
      39.57675072781384,
      24.44911926409207
     ],
     [
      39.57681146463358,
      24.4491543454111
     ],
     [
      39.57739668291759,
      24.44949377185625
     ],
     [
      39.57785350436751,
      24.44975890626624
     ],
     [
      39.57832218119253,
      24.45002715492603
     ],
     [
      39.57842752984794,
      24.45008744332945
     ],
     [
      39.57883023022593,
      24.45031801063982
     ],
     [
      39.57923828978896,
      24.45055514927755
     ],
     [
      39.57993677656857,
      24.450957622779
     ],
     [
      39.58013135665173,
      24.45106976947563
     ],
     [
      39.58041823186258,
      24.45123511814849
     ],
     [
      39.58091828989352,
      24.45152401041214
     ],
     [
      39.58099277958586,
      24.45156707515601
     ],
     [
      39.58103838068288,
      24.45159282018347
     ],
     [
      39.58105361366317,
      24.45160134152118
     ],
     [
      39.58107854141685,
      24.45161551541222
     ],
     [
      39.58109555525265,
      24.4516251136754
     ],
     [
      39.58110999730381,
      24.45163327678901
     ],
     [
      39.58112246118619,
      24.45164036373026
     ],
     [
      39.58113156151688,
      24.45164547667951
     ],
     [
      39.58114531129562,
      24.45165328119243
     ],
     [
      39.58115925839608,
      24.45166108494567
     ],
     [
      39.5811698427725,
      24.45166709533324
     ],
     [
      39.58118210892717,
      24.45167409271495
     ],
     [
      39.58119912277854,
      24.4516836909661
     ],
     [
      39.58121445568322,
      24.45169248284646
     ],
     [
      39.58122711689725,
      24.45169956902037
     ],
     [
      39.581246010268,
      24.45171024381484
     ],
     [
      39.58126876174232,
      24.451723161637
     ],
     [
      39.58129022691124,
      24.45173527157057
     ],
     [
      39.58131644061312,
      24.45175016299336
     ],
     [
      39.58135324161539,
      24.45177169697575
     ],
     [
      39.58138103928103,
      24.45178775638496
     ],
     [
      39.58141299269715,
      24.45180641892853
     ],
     [
      39.58143317323974,
      24.45181808220856
     ],
     [
      39.58146443356325,
      24.45183620551943
     ],
     [
      39.58150271824804,
      24.45185854658899
     ],
     [
      39.58153951599672,
      24.45187935802177
     ],
     [
      39.58157443423917,
      24.45189909290099
     ],
     [
      39.58161499146343,
      24.45192214771626
     ],
     [
      39.58169630700792,
      24.45196906936964
     ],
     [
      39.58176783409533,
      24.45201142260298
     ],
     [
      39.58177930978937,
      24.45201815203292
     ],
     [
      39.58189367008097,
      24.45208499623729
     ],
     [
      39.58199556070303,
      24.45214348910667
     ],
     [
      39.58205817618875,
      24.45217883197346
     ],
     [
      39.58212296140866,
      24.45221398583158
     ],
     [
      39.58218893017463,
      24.45224904478982
     ],
     [
      39.58224055004428,
      24.45227476627088
     ],
     [
      39.58230393377737,
      24.45230550003907
     ],
     [
      39.58236622355768,
      24.45233434139043
     ],
     [
      39.58242830981749,
      24.4523618287831
     ],
     [
      39.58249918312189,
      24.4523906370155
     ],
     [
      39.58254978660707,
      24.45240985966549
     ],
     [
      39.58262133646906,
      24.45243559454259
     ],
     [
      39.58268842254187,
      24.45245610835051
     ],
     [
      39.58276103736937,
      24.45247741364979
     ],
     [
      39.5828519173184,
      24.45250144825511
     ],
     [
      39.5829383330552,
      24.45252017146527
     ],
     [
      39.58304655822705,
      24.45253998461729
     ],
     [
      39.58318625452591,
      24.45255931505483
     ],
     [
      39.58331003988225,
      24.4525729266213
     ],
     [
      39.58336511749672,
      24.45257813300036
     ],
     [
      39.58341910735242,
      24.45258280166987
     ],
     [
      39.58346914204975,
      24.45258558897959
     ],
     [
      39.58353072046658,
      24.45258842203786
     ],
     [
      39.58358931909715,
      24.45258693148
     ],
     [
      39.58364732368151,
      24.45258499162037
     ],
     [
      39.58371716296963,
      24.4525820125932
     ],
     [
      39.5837769255478,
      24.45257618237755
     ],
     [
      39.58382830570768,
      24.45257119733435
     ],
     [
      39.58391813772035,
      24.45256046429276
     ],
     [
      39.58402836666247,
      24.45254405292283
     ],
     [
      39.58407874478658,
      24.45253573003205
     ],
     [
      39.58411019380058,
      24.45253046062517
     ],
     [
      39.58417979283166,
      24.45251817992895
     ],
     [
      39.5842415044127,
      24.45250710376477
     ],
     [
      39.58425560163721,
      24.45250461080475
     ],
     [
      39.58435181775997,
      24.45248762114425
     ],
     [
      39.58443531622098,
      24.45247275781083
     ],
     [
      39.58451299785366,
      24.45245882006183
     ],
     [
      39.58462114224735,
      24.45243970688804
     ],
     [
      39.58470464189232,
      24.45242511434536
     ],
     [
      39.58520957199058,
      24.45233456253234
     ],
     [
      39.58523017534284,
      24.45233087021404
     ],
     [
      39.58528774716426,
      24.4523207127918
     ],
     [
      39.58536759787857,
      24.4523064952669
     ],
     [
      39.58547327674133,
      24.45228766197511
     ],
     [
      39.58555667668259,
      24.45227288872179
     ],
     [
      39.58564973488668,
      24.45225582015484
     ],
     [
      39.5857357961097,
      24.45224049460923
     ],
     [
      39.58581663666237,
      24.45222699552929
     ],
     [
      39.58591483975044,
      24.452213067871
     ],
     [
      39.58601867564523,
      24.45220110523532
     ],
     [
      39.58611097828553,
      24.45219135478001
     ],
     [
      39.58617774877501,
      24.4521862189701
     ],
     [
      39.58626030073286,
      24.45218011879946
     ],
     [
      39.58634434178142,
      24.45217599972607
     ],
     [
      39.58634444044174,
      24.45217599934348
     ],
     [
      39.58642671270403,
      24.45217342242793
     ],
     [
      39.58650178861136,
      24.4521721377826
     ],
     [
      39.5865572465823,
      24.45217427083517
     ],
     [
      39.58662356053532,
      24.45217708426573
     ],
     [
      39.58669708882199,
      24.45218248879209
     ],
     [
      39.58672749167643,
      24.45218571245487
     ],
     [
      39.58676490276169,
      24.45218963143088
     ],
     [
      39.58683508622957,
      24.45219712610048
     ],
     [
      39.58689017132635,
      24.45220395682572
     ],
     [
      39.58695997773903,
      24.45221524610465
     ],
     [
      39.58703630076813,
      24.45222759382401
     ],
     [
      39.58710433717768,
      24.45224015430896
     ],
     [
      39.58716655849754,
      24.45225400174579
     ],
     [
      39.58723184165097,
      24.45226855978071
     ],
     [
      39.58723865717052,
      24.45227024928462
     ],
     [
      39.58732330791977,
      24.45229123469569
     ],
     [
      39.58742140331018,
      24.45231794794826
     ],
     [
      39.5874956007199,
      24.45233996732995
     ],
     [
      39.5876051789098,
      24.45237485445411
     ],
     [
      39.58769253886048,
      24.45240558308002
     ],
     [
      39.58782171772244,
      24.4524545732177
     ],
     [
      39.58796624103736,
      24.45251470255802
     ],
     [
      39.58809130487237,
      24.45256984983969
     ],
     [
      39.58819748605824,
      24.45261676155069
     ],
     [
      39.5883110819687,
      24.45266689565334
     ],
     [
      39.58840154354692,
      24.45270682385963
     ],
     [
      39.58851069233186,
      24.45275534945652
     ],
     [
      39.58860797799041,
      24.45279877323617
     ],
     [
      39.58868173292753,
      24.45283163147225
     ],
     [
      39.58877496437423,
      24.45287308401073
     ],
     [
      39.58886631754684,
      24.45291373097642
     ],
     [
      39.58894798101938,
      24.45294989991077
     ],
     [
      39.58903972978451,
      24.45299072585742
     ],
     [
      39.58915174609754,
      24.45304050421215
     ],
     [
      39.58926000665898,
      24.45308885208952
     ],
     [
      39.5894008930818,
      24.45315161332182
     ],
     [
      39.58983769409698,
      24.45334679525271
     ],
     [
      39.59037454159334,
      24.45358448459508
     ],
     [
      39.59092137610488,
      24.45382646804931
     ],
     [
      39.5912934158459,
      24.45399137253876
     ],
     [
      39.5914179942899,
      24.45404760268397
     ],
     [
      39.59157983874336,
      24.45411876941062
     ],
     [
      39.59166239169794,
      24.45415493336938
     ],
     [
      39.59177450532417,
      24.45420398684686
     ],
     [
      39.59189522413541,
      24.45425761258232
     ],
     [
      39.59196136774678,
      24.45428706703908
     ],
     [
      39.59206844435768,
      24.45433496592903
     ],
     [
      39.59212163716521,
      24.45435887154089
     ],
     [
      39.59219737135282,
      24.4543926234194
     ],
     [
      39.59227498311313,
      24.45442700010436
     ],
     [
      39.59233855535251,
      24.45445510975104
     ],
     [
      39.59240202811301,
      24.45448303913163
     ],
     [
      39.5924651062529,
      24.45451097003136
     ],
     [
      39.5924869557564,
      24.45452054804134
     ],
     [
      39.59255725062602,
      24.45455152130766
     ],
     [
      39.59266393176254,
      24.45459915037443
     ],
     [
      39.59273561221283,
      24.45463102126782
     ],
     [
      39.59279088012963,
      24.45465555070437
     ],
     [
      39.59285109258662,
      24.45468249921813
     ],
     [
      39.59290824020102,
      24.45470810501187
     ],
     [
      39.59297339553979,
      24.45473711132104
     ],
     [
      39.5930296527062,
      24.45476217867451
     ],
     [
      39.59310172756391,
      24.45479395752955
     ],
     [
      39.59315482039921,
      24.4548175019056
     ],
     [
      39.59325724934805,
      24.45486297968429
     ],
     [
      39.59335483418616,
      24.45490639917436
     ],
     [
      39.59347832151403,
      24.45496100621254
     ],
     [
      39.59365757262159,
      24.4550405918858
     ],
     [
      39.59407544285754,
      24.45523574534291
     ],
     [
      39.59410342577802,
      24.45524873095685
     ],
     [
      39.59422930156508,
      24.45530757275436
     ],
     [
      39.59430199145499,
      24.45534413526446
     ],
     [
      39.59440732651649,
      24.45539899350819
     ],
     [
      39.59443660610577,
      24.45541495433195
     ],
     [
      39.59454274669139,
      24.45547324125393
     ],
     [
      39.59466674418298,
      24.45555223014514
     ],
     [
      39.59473634199659,
      24.4556026226845
     ],
     [
      39.5948272414378,
      24.45567189737914
     ],
     [
      39.5949149922461,
      24.45574299069163
     ],
     [
      39.59496303252805,
      24.4557829914939
     ],
     [
      39.59505159230768,
      24.45585823599584
     ],
     [
      39.59515442120147,
      24.45594651984016
     ],
     [
      39.59531124066423,
      24.45608119318209
     ],
     [
      39.59537900432062,
      24.45614008217491
     ],
     [
      39.59547718290966,
      24.45622549404661
     ],
     [
      39.59557189100384,
      24.45630721663906
     ],
     [
      39.59566848316828,
      24.45639091865957
     ],
     [
      39.5957808436613,
      24.45649171818298
     ],
     [
      39.59590013924924,
      24.45659854133796
     ],
     [
      39.59606291752899,
      24.45674113802963
     ],
     [
      39.59621044498772,
      24.45687169257511
     ],
     [
      39.59655870710778,
      24.45718009655106
     ],
     [
      39.59670563849805,
      24.45730956917165
     ],
     [
      39.59683017930671,
      24.45741944153826
     ],
     [
      39.59717715158303,
      24.45772568157239
     ],
     [
      39.59765570151279,
      24.45814781566499
     ],
     [
      39.59769761015788,
      24.45818440785926
     ],
     [
      39.59777260969408,
      24.45824986005709
     ],
     [
      39.59792796248561,
      24.45838616201273
     ],
     [
      39.59810522123231,
      24.45854369128387
     ],
     [
      39.59821995908058,
      24.45864565358594
     ],
     [
      39.59838017303504,
      24.4587873546696
     ],
     [
      39.5984837079472,
      24.45887789120365
     ],
     [
      39.59850094740716,
      24.45889299573589
     ],
     [
      39.59916125405619,
      24.45950334240581
     ],
     [
      39.59920089854258,
      24.45954084627875
     ],
     [
      39.59926720253185,
      24.45960326148404
     ],
     [
      39.59994952317892,
      24.46023519266602
     ],
     [
      39.60028524880206,
      24.46051771723571
     ],
     [
      39.60069462302658,
      24.46085034367027
     ],
     [
      39.60090870171382,
      24.46100989071866
     ],
     [
      39.60123625726681,
      24.46125406205925
     ],
     [
      39.60152179726193,
      24.46146010667568
     ],
     [
      39.60190504738481,
      24.46171326691928
     ],
     [
      39.60197311209079,
      24.4618549696562
     ],
     [
      39.60200468149599,
      24.4619992561867
     ],
     [
      39.60201209459859,
      24.46204348057416
     ],
     [
      39.60201615471991,
      24.46208807957102
     ],
     [
      39.60201686056852,
      24.46213278224047
     ],
     [
      39.6020140143759,
      24.46217749905614
     ],
     [
      39.60200800909253,
      24.4622218671965
     ],
     [
      39.60199948952688,
      24.46227699272763
     ],
     [
      39.60199462281528,
      24.46233255528101
     ],
     [
      39.60199350720118,
      24.46238846415153
     ],
     [
      39.60199604144572,
      24.4624441778578
     ],
     [
      39.60200212645626,
      24.46249960648013
     ],
     [
      39.60201195914436,
      24.46255465891966
     ],
     [
      39.60202543955864,
      24.46260906463142
     ],
     [
      39.60204256641553,
      24.46266255267718
     ],
     [
      39.60210200463524,
      24.46277448603557
     ],
     [
      39.6022158108502,
      24.46286579178807
     ],
     [
      39.60315745874521,
      24.46359881952619
     ],
     [
      39.60321426764549,
      24.46363489908417
     ]
    ]
   }
  },
  {
   "type": "Feature",
   "id": "user-1784467162998-266",
   "properties": {
    "name": "طريق الهجرة",
    "category": "road",
    "icon": "fa-location-dot",
    "description": "",
    "ring": null
   },
   "geometry": {
    "type": "LineString",
    "coordinates": [
     [
      39.70641050379552,
      24.45427025633148
     ],
     [
      39.69623824201607,
      24.45394968613609
     ],
     [
      39.69233311497955,
      24.45382654919755
     ],
     [
      39.69125693699073,
      24.45379543826573
     ],
     [
      39.69032944125484,
      24.45376400214099
     ],
     [
      39.68931513377314,
      24.45373449144517
     ],
     [
      39.68861184567144,
      24.45371168593724
     ],
     [
      39.68812349317309,
      24.45369801417659
     ],
     [
      39.68745681881656,
      24.45367702353859
     ],
     [
      39.68684421395307,
      24.45365650685069
     ],
     [
      39.68636384383505,
      24.45364107718553
     ],
     [
      39.68591417842579,
      24.45362948048346
     ],
     [
      39.68541003149548,
      24.453614155646
     ],
     [
      39.68480030135629,
      24.45359605608951
     ],
     [
      39.68447571544714,
      24.45358000507661
     ],
     [
      39.68395057493267,
      24.45355032028312
     ],
     [
      39.68362510077763,
      24.45353418114455
     ],
     [
      39.68329685983706,
      24.4535172409882
     ],
     [
      39.6830212127596,
      24.45350159786529
     ],
     [
      39.68268389916904,
      24.45348541986549
     ],
     [
      39.68242138510855,
      24.45347179355322
     ],
     [
      39.68214087616495,
      24.45345102290867
     ],
     [
      39.68193042865146,
      24.45343237422818
     ],
     [
      39.68167561603504,
      24.45340146204717
     ],
     [
      39.68136878863696,
      24.45336681006043
     ],
     [
      39.6811963014347,
      24.45334356393215
     ],
     [
      39.6810168259781,
      24.4533234197335
     ],
     [
      39.68087417042744,
      24.45330681236408
     ],
     [
      39.68073714092217,
      24.45329063109603
     ],
     [
      39.68056081299716,
      24.45326866591649
     ],
     [
      39.67987842038133,
      24.45318620918639
     ],
     [
      39.67961453298462,
      24.45315551494446
     ],
     [
      39.67918112666696,
      24.45310300347532
     ],
     [
      39.67879422934058,
      24.45305777797337
     ],
     [
      39.67815854037866,
      24.45298178694716
     ],
     [
      39.67755181263676,
      24.45287875008507
     ],
     [
      39.67414815484854,
      24.45235343843066
     ],
     [
      39.67395642015011,
      24.45232810228512
     ],
     [
      39.67382420365271,
      24.45230755821989
     ],
     [
      39.67380504704212,
      24.45230448261958
     ],
     [
      39.67378470604697,
      24.4523013219812
     ],
     [
      39.67374935595464,
      24.45229578975839
     ],
     [
      39.67374195078489,
      24.45229473899423
     ],
     [
      39.67371973335542,
      24.45229122545462
     ],
     [
      39.67370808153776,
      24.45228938079005
     ],
     [
      39.67368882723401,
      24.45228648623696
     ],
     [
      39.67337749314788,
      24.45223838132549
     ],
     [
      39.67296681893772,
      24.4521738293296
     ],
     [
      39.67272124620882,
      24.45213563577253
     ],
     [
      39.67249186897227,
      24.45210025981331
     ],
     [
      39.67209166538773,
      24.45203791668972
     ],
     [
      39.67076436662044,
      24.45183039994297
     ],
     [
      39.67006567282115,
      24.45172259289651
     ],
     [
      39.66937831534009,
      24.45161274551901
     ],
     [
      39.66897212741615,
      24.45153759606236
     ],
     [
      39.66854912611687,
      24.45145457226045
     ],
     [
      39.66833618368779,
      24.45141089876132
     ],
     [
      39.66802531356714,
      24.45133776386971
     ],
     [
      39.66752248993545,
      24.45121589374928
     ],
     [
      39.66709575771687,
      24.45109847287728
     ],
     [
      39.66687945985789,
      24.45103566565023
     ],
     [
      39.66669182620979,
      24.4509828468412
     ],
     [
      39.66644387700158,
      24.45090473492485
     ],
     [
      39.66618712570676,
      24.45082250695453
     ],
     [
      39.66565613321762,
      24.45065270787004
     ],
     [
      39.66513560739217,
      24.45048430586967
     ],
     [
      39.66459838138873,
      24.45031055663869
     ],
     [
      39.66412865238822,
      24.45015800365934
     ],
     [
      39.66354775544766,
      24.44997161791298
     ],
     [
      39.66314593767774,
      24.44984387098004
     ],
     [
      39.66277258491743,
      24.4497257520686
     ],
     [
      39.66245536012633,
      24.44962463623335
     ],
     [
      39.66215138132602,
      24.44952833865361
     ],
     [
      39.66183287448614,
      24.44942713679317
     ],
     [
      39.66067346072783,
      24.44905388316359
     ],
     [
      39.65971309892749,
      24.44874730683204
     ],
     [
      39.6593855068249,
      24.44864370090714
     ],
     [
      39.65895949688198,
      24.4485103584118
     ],
     [
      39.65843720070578,
      24.44833968287722
     ],
     [
      39.65809020419947,
      24.44822270186229
     ],
     [
      39.65768697214272,
      24.44806749101698
     ],
     [
      39.65740037259954,
      24.44795376793895
     ],
     [
      39.65710578838898,
      24.44782219690216
     ],
     [
      39.65684006555156,
      24.44770079567924
     ],
     [
      39.65634358789555,
      24.44744700240093
     ],
     [
      39.6559707518299,
      24.44723557017806
     ],
     [
      39.65557658189546,
      24.44700020605758
     ],
     [
      39.65504488642683,
      24.4466886700003
     ],
     [
      39.65459229979636,
      24.44643124877493
     ],
     [
      39.65415025455848,
      24.44620882227268
     ],
     [
      39.65381677420186,
      24.44605176382107
     ],
     [
      39.65344517270269,
      24.44588683141422
     ],
     [
      39.65316816562051,
      24.44577585841361
     ],
     [
      39.65293767714679,
      24.44569394570822
     ],
     [
      39.65259765202894,
      24.44556816131259
     ],
     [
      39.65207368256873,
      24.44541345613455
     ],
     [
      39.65189364356097,
      24.44535751526582
     ],
     [
      39.65174341419682,
      24.44532375321208
     ],
     [
      39.65138523655981,
      24.44523597604335
     ],
     [
      39.65117761821453,
      24.44518855227233
     ],
     [
      39.65095652250422,
      24.44514859195029
     ],
     [
      39.65061022147518,
      24.44508722373522
     ],
     [
      39.65046052587149,
      24.44506122508112
     ],
     [
      39.65036159804378,
      24.44504665844587
     ],
     [
      39.65004511408448,
      24.44500891322059
     ],
     [
      39.64976723392449,
      24.44497687187481
     ],
     [
      39.64947755064203,
      24.44495174454971
     ],
     [
      39.64897880401687,
      24.44492426262759
     ],
     [
      39.6484991908015,
      24.44489561325011
     ],
     [
      39.64749645780267,
      24.44483831556299
     ],
     [
      39.64680594432538,
      24.44479521023417
     ],
     [
      39.64640518641863,
      24.4447721776475
     ],
     [
      39.64598429044207,
      24.44474670122615
     ],
     [
      39.64419710941542,
      24.44460395167763
     ],
     [
      39.64254536477656,
      24.44447650083531
     ],
     [
      39.64149702327303,
      24.44439280474681
     ],
     [
      39.64124021877524,
      24.44437239907852
     ],
     [
      39.64015025865976,
      24.44427162012317
     ],
     [
      39.63910315619604,
      24.44413958420453
     ],
     [
      39.63881772887279,
      24.44409689750841
     ],
     [
      39.63833976405621,
      24.44400282158557
     ],
     [
      39.6380614784648,
      24.44394809155934
     ],
     [
      39.63797122010254,
      24.44393068047212
     ],
     [
      39.63745850068373,
      24.44383078761951
     ],
     [
      39.63703094408218,
      24.44371581316788
     ],
     [
      39.63632105426377,
      24.44352543938017
     ],
     [
      39.63610786674067,
      24.44346754178277
     ],
     [
      39.63591298483726,
      24.44340080646399
     ],
     [
      39.63572324167167,
      24.44333576525585
     ],
     [
      39.635477261291,
      24.44325018789498
     ],
     [
      39.6352739746649,
      24.44317951323914
     ],
     [
      39.634639887524,
      24.44295584845133
     ],
     [
      39.63424391065557,
      24.44280244038273
     ],
     [
      39.63295234593086,
      24.44227228897017
     ],
     [
      39.63288632616131,
      24.442248451399
     ],
     [
      39.63194890652032,
      24.4419098099689
     ],
     [
      39.63107625659759,
      24.44166012265758
     ],
     [
      39.6308788635973,
      24.44160314513893
     ],
     [
      39.63052173671655,
      24.44152344198096
     ],
     [
      39.63011709710231,
      24.44143147257754
     ],
     [
      39.62982348367357,
      24.44136757904635
     ],
     [
      39.62882350551541,
      24.44120249110486
     ],
     [
      39.62828112009638,
      24.44114459585638
     ],
     [
      39.62773488326784,
      24.44108581149756
     ],
     [
      39.62704278338795,
      24.44105589821451
     ],
     [
      39.62657615466212,
      24.44103588560936
     ],
     [
      39.62573493768893,
      24.44103521353609
     ],
     [
      39.62307896000911,
      24.44104662931621
     ],
     [
      39.62244195409156,
      24.44104591040008
     ],
     [
      39.62214379528626,
      24.44103991193955
     ],
     [
      39.62192030378672,
      24.44103125773351
     ],
     [
      39.62125749538371,
      24.44097925117247
     ],
     [
      39.62043058918522,
      24.44085891487746
     ],
     [
      39.62005998349691,
      24.44078502226079
     ],
     [
      39.61744213530655,
      24.44021862344131
     ],
     [
      39.61702005049133,
      24.44012732217106
     ],
     [
      39.61643471457779,
      24.43999911438742
     ],
     [
      39.6160588477443,
      24.4399175566139
     ],
     [
      39.61331530966377,
      24.43932206482186
     ],
     [
      39.61228173425827,
      24.43909721504216
     ],
     [
      39.61139273943828,
      24.4389037450892
     ],
     [
      39.61026505510007,
      24.43865794757598
     ],
     [
      39.61017558357673,
      24.43863852967788
     ],
     [
      39.60986628316427,
      24.43857104782097
     ],
     [
      39.6096716373355,
      24.43852857189832
     ],
     [
      39.60951916045268,
      24.43849540881549
     ],
     [
      39.60831524840744,
      24.43823373750467
     ],
     [
      39.60807478233299,
      24.43818141887344
     ],
     [
      39.60715973098009,
      24.43798270000968
     ],
     [
      39.60604579437858,
      24.43774097003319
     ],
     [
      39.60542097317756,
      24.43760303315954
     ],
     [
      39.60423315618666,
      24.43734108401829
     ],
     [
      39.60270760487421,
      24.43700433640233
     ],
     [
      39.60190009737801,
      24.43682620017359
     ],
     [
      39.60127528482202,
      24.43668824598399
     ],
     [
      39.60079327549599,
      24.43658286751187
     ],
     [
      39.60049790899475,
      24.43651847199017
     ],
     [
      39.59942459361707,
      24.43628764023481
     ],
     [
      39.59838969594927,
      24.43606513839798
     ],
     [
      39.59753995676141,
      24.43588244937405
     ],
     [
      39.59672250734327,
      24.43570595018602
     ],
     [
      39.59580078511699,
      24.43550782050388
     ],
     [
      39.59340465665586,
      24.43499287219998
     ],
     [
      39.59285601367736,
      24.43487499521512
     ],
     [
      39.59205724413273,
      24.43470336469001
     ],
     [
      39.59080923041846,
      24.4344254687694
     ],
     [
      39.589790263592,
      24.434207090153
     ],
     [
      39.58923719137086,
      24.43408993971178
     ],
     [
      39.58875017392293,
      24.43398535486126
     ],
     [
      39.58829900263314,
      24.43388857672758
     ],
     [
      39.5872349854321,
      24.43365391866847
     ],
     [
      39.58636292472348,
      24.43345860890372
     ],
     [
      39.58549145471578,
      24.43326247894879
     ],
     [
      39.58513960905034,
      24.43318336981941
     ],
     [
      39.58489480842416,
      24.43312832133622
     ],
     [
      39.58465257528313,
      24.43307380441947
     ],
     [
      39.58434220540171,
      24.43300401617269
     ],
     [
      39.58389556132698,
      24.43290350440455
     ],
     [
      39.58353453400234,
      24.43282234970613
     ],
     [
      39.58329486925427,
      24.43276836257744
     ],
     [
      39.58303505989757,
      24.43270984664906
     ],
     [
      39.58282985884293,
      24.43266358333838
     ],
     [
      39.58262110463143,
      24.43261688185628
     ],
     [
      39.582459943567,
      24.43258002179483
     ],
     [
      39.58223607245253,
      24.43252804940769
     ],
     [
      39.5818935961749,
      24.43244763219824
     ],
     [
      39.58152073732537,
      24.43234574577921
     ],
     [
      39.58123217644355,
      24.43225545614974
     ],
     [
      39.58100943135236,
      24.43219065291848
     ],
     [
      39.58075409067908,
      24.4321165817485
     ],
     [
      39.58048577037135,
      24.43203000619982
     ],
     [
      39.58019677914129,
      24.43193158789868
     ],
     [
      39.57998355449767,
      24.43185599918009
     ],
     [
      39.57972851922975,
      24.43176214616679
     ],
     [
      39.57947828819982,
      24.43166177165803
     ],
     [
      39.57912101121241,
      24.43151484284652
     ],
     [
      39.57888103230834,
      24.43141271211142
     ],
     [
      39.57867069979746,
      24.43132202788969
     ],
     [
      39.57834468538451,
      24.43117290040204
     ],
     [
      39.57812649983231,
      24.4310688788473
     ],
     [
      39.57797820532115,
      24.43099737425125
     ],
     [
      39.57782031453315,
      24.43091976475286
     ],
     [
      39.577589727375,
      24.43079998468943
     ],
     [
      39.57734865316348,
      24.43067338036282
     ],
     [
      39.57712398057625,
      24.43055249322674
     ],
     [
      39.57689938405133,
      24.43042654783298
     ],
     [
      39.57672076477838,
      24.43032408932191
     ],
     [
      39.5765957410858,
      24.43025014645511
     ],
     [
      39.57646052976718,
      24.43017019120737
     ],
     [
      39.57624141632528,
      24.43003492150099
     ],
     [
      39.5760267455711,
      24.42990035707298
     ],
     [
      39.57583827267741,
      24.42977824638477
     ],
     [
      39.57564058658682,
      24.42964740997267
     ],
     [
      39.57543507164667,
      24.42950856505261
     ],
     [
      39.57528387220166,
      24.42940482642435
     ],
     [
      39.57508160833548,
      24.42926488487032
     ],
     [
      39.57491921372708,
      24.42915035064016
     ],
     [
      39.57461410064535,
      24.42893123186123
     ],
     [
      39.57448721929686,
      24.42883859909306
     ],
     [
      39.57428264508706,
      24.42868909183768
     ],
     [
      39.57411884273341,
      24.42856833034009
     ],
     [
      39.57388931965215,
      24.42839859636284
     ],
     [
      39.5738197393693,
      24.42834692922953
     ],
     [
      39.57370067109157,
      24.4282585109446
     ],
     [
      39.57352855207644,
      24.42813073576116
     ],
     [
      39.57336692290702,
      24.4280103264419
     ],
     [
      39.57319777238206,
      24.42788443623118
     ],
     [
      39.5730391128768,
      24.42776618285512
     ],
     [
      39.57284442417942,
      24.42762060999952
     ],
     [
      39.57268883340687,
      24.42750460249582
     ],
     [
      39.57247474742369,
      24.4273448328146
     ],
     [
      39.57229114612381,
      24.42720770686838
     ],
     [
      39.57211734693474,
      24.42707858165202
     ],
     [
      39.57193830302525,
      24.42694568282842
     ],
     [
      39.57174105055017,
      24.42679975693104
     ],
     [
      39.57156745382608,
      24.42667153344325
     ],
     [
      39.57137811663793,
      24.42653072510444
     ],
     [
      39.57117947512676,
      24.42638272645128
     ],
     [
      39.5711174181172,
      24.42633644852364
     ],
     [
      39.57096826406286,
      24.42622529189436
     ],
     [
      39.57078981398695,
      24.42609229910621
     ],
     [
      39.57073488373938,
      24.42605141302587
     ],
     [
      39.57062146133384,
      24.42596721573305
     ],
     [
      39.57044855532132,
      24.42583853673549
     ],
     [
      39.57021497872991,
      24.42566456746044
     ],
     [
      39.5700267332244,
      24.4255245660885
     ],
     [
      39.56984601112443,
      24.42539040661099
     ],
     [
      39.56965390812731,
      24.42524789046721
     ],
     [
      39.56949169363017,
      24.42512729842887
     ],
     [
      39.56923129799267,
      24.42493328828323
     ],
     [
      39.56912065001269,
      24.42485142757522
     ],
     [
      39.56887816994998,
      24.42467089665664
     ],
     [
      39.56871110619515,
      24.42454643843887
     ],
     [
      39.56852702261822,
      24.42440994177306
     ],
     [
      39.56834987086422,
      24.4242793796262
     ],
     [
      39.56816045023837,
      24.42414037372435
     ],
     [
      39.5680870191996,
      24.4240868217014
     ],
     [
      39.56797558600608,
      24.42400550496252
     ],
     [
      39.56779053095065,
      24.42387199140645
     ],
     [
      39.5676303230454,
      24.42375816339028
     ],
     [
      39.56744557674411,
      24.42362735768718
     ],
     [
      39.56732149199433,
      24.42354012710137
     ],
     [
      39.56717357098195,
      24.4234385353548
     ],
     [
      39.56703000966169,
      24.42334126224101
     ],
     [
      39.56702862469012,
      24.4233403642808
     ],
     [
      39.5669278080462,
      24.42327264452043
     ],
     [
      39.56672321311304,
      24.4231365836776
     ],
     [
      39.56651684716503,
      24.42300143232827
     ],
     [
      39.56636273419392,
      24.42290455931884
     ],
     [
      39.56626638879418,
      24.42284395725181
     ],
     [
      39.56606965412038,
      24.42272276805376
     ],
     [
      39.56587492197745,
      24.42260816409666
     ],
     [
      39.56580786841872,
      24.4225686762173
     ],
     [
      39.56556993550923,
      24.42243255777149
     ],
     [
      39.56531886822901,
      24.42229287540491
     ],
     [
      39.56513139707167,
      24.42219151964299
     ],
     [
      39.56498101291909,
      24.42211197173679
     ],
     [
      39.56464309207776,
      24.42193829273855
     ],
     [
      39.56446871117731,
      24.42185242147382
     ],
     [
      39.56445170822833,
      24.42184408559512
     ],
     [
      39.56420814751679,
      24.42172830681417
     ],
     [
      39.56399820730346,
      24.42163118786613
     ],
     [
      39.56368806424379,
      24.42149271633074
     ],
     [
      39.56347469818806,
      24.42140138956089
     ],
     [
      39.5631733962389,
      24.42127670222882
     ],
     [
      39.56295818525844,
      24.42119179394755
     ],
     [
      39.56269437608199,
      24.42109144154781
     ],
     [
      39.5624390760732,
      24.42099692753529
     ],
     [
      39.56220464514301,
      24.42091506998344
     ],
     [
      39.56193574322096,
      24.42082268287932
     ],
     [
      39.56184022349745,
      24.42079178849922
     ],
     [
      39.56158695298731,
      24.42070981928154
     ],
     [
      39.56131118654765,
      24.4206263073952
     ],
     [
      39.56122753301962,
      24.42060205192711
     ],
     [
      39.56106605317795,
      24.42055523523461
     ],
     [
      39.56078379098668,
      24.42047481716653
     ],
     [
      39.56064888526748,
      24.42043711369348
     ],
     [
      39.56045748919722,
      24.42038363353106
     ],
     [
      39.5601812768416,
      24.42031050744202
     ],
     [
      39.55998881010229,
      24.42026019166954
     ],
     [
      39.55979723721052,
      24.42021122706944
     ],
     [
      39.55950494316198,
      24.42013707543166
     ],
     [
      39.55946139576724,
      24.4201261276544
     ],
     [
      39.55926172876188,
      24.42007574724751
     ],
     [
      39.55914678692599,
      24.42004672921227
     ],
     [
      39.55902937685913,
      24.420017178315
     ],
     [
      39.55883405691983,
      24.41996831663824
     ],
     [
      39.55873540965323,
      24.41994366356141
     ],
     [
      39.55819013806808,
      24.4198081256361
     ],
     [
      39.55784512678169,
      24.41972332736172
     ],
     [
      39.55740975852129,
      24.41961474695834
     ],
     [
      39.55719005025493,
      24.4195599218434
     ],
     [
      39.5566833835467,
      24.41943227435729
     ],
     [
      39.55638604041674,
      24.41935307756149
     ],
     [
      39.55633034120689,
      24.41933756747403
     ],
     [
      39.55599357893947,
      24.41924388373796
     ],
     [
      39.55553619106834,
      24.41910665857406
     ],
     [
      39.55507841818341,
      24.41894884157887
     ],
     [
      39.55504650653412,
      24.4189369466952
     ],
     [
      39.55480820718986,
      24.41884822777816
     ],
     [
      39.55451760166601,
      24.41873025738816
     ],
     [
      39.55423654570665,
      24.41860800665291
     ],
     [
      39.55383831808678,
      24.41841971223441
     ],
     [
      39.55343279875623,
      24.41821021935164
     ],
     [
      39.55293512165498,
      24.41792519732146
     ],
     [
      39.5525797562437,
      24.41770314570111
     ],
     [
      39.55233293542455,
      24.41753660226334
     ],
     [
      39.55205094505352,
      24.41733451219451
     ],
     [
      39.55180265955263,
      24.41714837481577
     ],
     [
      39.55158836830209,
      24.41697674420046
     ],
     [
      39.5515219532369,
      24.41692360993917
     ],
     [
      39.55127196838608,
      24.41670920920042
     ],
     [
      39.55100995918684,
      24.41647398899557
     ],
     [
      39.55073757006785,
      24.41621044711435
     ],
     [
      39.55054516961238,
      24.41601398895058
     ],
     [
      39.5503313178514,
      24.41578365000582
     ],
     [
      39.55005960208366,
      24.41546997945682
     ],
     [
      39.54978143476188,
      24.41512390866082
     ],
     [
      39.54963589858627,
      24.41492980788431
     ],
     [
      39.54948674955386,
      24.41472126963682
     ],
     [
      39.54930181532465,
      24.41444855664983
     ],
     [
      39.54916605198766,
      24.41423319584399
     ],
     [
      39.54913715174113,
      24.41418742054937
     ],
     [
      39.54900938396002,
      24.41397338531229
     ],
     [
      39.54885284315861,
      24.41369722708241
     ],
     [
      39.54875441634972,
      24.41351668249027
     ],
     [
      39.54866060712281,
      24.41333187627452
     ],
     [
      39.5485588101477,
      24.41312452012635
     ],
     [
      39.54842269920873,
      24.41285090650491
     ],
     [
      39.54830230195228,
      24.41260722049502
     ],
     [
      39.5482080628935,
      24.41241392588108
     ],
     [
      39.54810545888163,
      24.41220205654191
     ],
     [
      39.548073411889,
      24.41213542958823
     ],
     [
      39.54794432801754,
      24.41186693800192
     ],
     [
      39.54781413639324,
      24.41159303138078
     ],
     [
      39.5476939087937,
      24.41134238992393
     ],
     [
      39.54762265053183,
      24.41119435001701
     ],
     [
      39.54752064808167,
      24.41098428434969
     ],
     [
      39.54730093745965,
      24.41053557960867
     ],
     [
      39.54721056126303,
      24.41034534103401
     ],
     [
      39.54717841659698,
      24.41027871421452
     ],
     [
      39.54701510765733,
      24.40994053168419
     ],
     [
      39.54673051295807,
      24.40933391831711
     ],
     [
      39.54657830406585,
      24.40900761677789
     ],
     [
      39.54641063044711,
      24.40866285623223
     ],
     [
      39.54623999622772,
      24.40831747394634
     ],
     [
      39.54605870424822,
      24.40794756410784
     ],
     [
      39.54586615285711,
      24.40755078064247
     ],
     [
      39.54574702960034,
      24.40730284287811
     ],
     [
      39.54562889773369,
      24.40705598521705
     ],
     [
      39.54553624734995,
      24.40686322485182
     ],
     [
      39.54539223663346,
      24.40656127753766
     ],
     [
      39.54519383338362,
      24.40615584388995
     ],
     [
      39.54509653980173,
      24.40593799226219
     ],
     [
      39.54495643900101,
      24.4056273601173
     ],
     [
      39.54487244643724,
      24.40542914919974
     ],
     [
      39.54471284109204,
      24.40505473400588
     ],
     [
      39.54460337940216,
      24.40478183339646
     ],
     [
      39.54450663887903,
      24.40453146579459
     ],
     [
      39.54439648336997,
      24.4042345436061
     ],
     [
      39.54422154482431,
      24.40373356073451
     ],
     [
      39.54413340965606,
      24.40346564072401
     ],
     [
      39.5440740195623,
      24.40327727555903
     ],
     [
      39.54399499509287,
      24.40301790267335
     ],
     [
      39.54392392691295,
      24.40277394509097
     ],
     [
      39.54384259144881,
      24.40248143464368
     ],
     [
      39.54372284841642,
      24.40201755305818
     ],
     [
      39.54366139371925,
      24.40176127789151
     ],
     [
      39.54357963406056,
      24.40132327061245
     ],
     [
      39.54349856326366,
      24.40106914301049
     ],
     [
      39.54344777883701,
      24.40079404380783
     ],
     [
      39.54343591494438,
      24.40067197990701
     ],
     [
      39.54337492959245,
      24.40029458986734
     ],
     [
      39.54332643782002,
      24.39997893072581
     ],
     [
      39.54329834188769,
      24.39979713620233
     ],
     [
      39.54325388764708,
      24.39950304792158
     ],
     [
      39.54322858057987,
      24.39928150456578
     ],
     [
      39.54320412295255,
      24.39912019856366
     ],
     [
      39.54316915187633,
      24.39880656807251
     ],
     [
      39.54312688300836,
      24.39833147966946
     ],
     [
      39.54310793097964,
      24.39805075682854
     ],
     [
      39.54309033970452,
      24.39769615103366
     ],
     [
      39.54307851538005,
      24.39726024060618
     ],
     [
      39.54307766588752,
      24.39678473261703
     ],
     [
      39.54308224112854,
      24.39654005154846
     ],
     [
      39.54309150151562,
      24.39626094346958
     ],
     [
      39.5431121178667,
      24.39582383285378
     ],
     [
      39.5431402048194,
      24.39535797509341
     ],
     [
      39.54319155771498,
      24.39495949955569
     ],
     [
      39.54321417971155,
      24.39443802697597
     ],
     [
      39.54323506095282,
      24.39422444620898
     ],
     [
      39.54326582690805,
      24.39394706722546
     ],
     [
      39.54329280671929,
      24.3937298519457
     ],
     [
      39.54335198369197,
      24.39331635584493
     ],
     [
      39.54339733690654,
      24.39303720848854
     ],
     [
      39.54345774190693,
      24.39270345652952
     ],
     [
      39.54351576227999,
      24.39241170981682
     ],
     [
      39.54357726056367,
      24.39212618236673
     ],
     [
      39.54363051580035,
      24.39189631884037
     ],
     [
      39.54370981216562,
      24.3915758656521
     ],
     [
      39.54381086089536,
      24.39119969995206
     ],
     [
      39.543917767057,
      24.39083281564545
     ],
     [
      39.54403535687175,
      24.39045081019007
     ],
     [
      39.54409868694125,
      24.39022506480493
     ],
     [
      39.54428213400028,
      24.38970120780119
     ],
     [
      39.54436795424009,
      24.38947709748582
     ],
     [
      39.54454493915877,
      24.38896455280885
     ],
     [
      39.54466692031512,
      24.38864159741895
     ],
     [
      39.54477314108467,
      24.38836891405641
     ],
     [
      39.54489326158242,
      24.38807224699782
     ],
     [
      39.54506023192717,
      24.38768581824555
     ],
     [
      39.54521089235697,
      24.38735950785827
     ],
     [
      39.54541257377803,
      24.3869504652139
     ],
     [
      39.54562875269579,
      24.38654209261308
     ],
     [
      39.54585678939692,
      24.38613972812561
     ],
     [
      39.54610945260882,
      24.38570864449099
     ],
     [
      39.54634498178434,
      24.38530652320845
     ],
     [
      39.54644962872312,
      24.38512795316471
     ],
     [
      39.54662319137842,
      24.38483181448174
     ],
     [
      39.54682641399783,
      24.38448499182656
     ],
     [
      39.54700716087747,
      24.38418593667677
     ],
     [
      39.54717929823673,
      24.38390289826409
     ],
     [
      39.54739617884952,
      24.38354545859696
     ],
     [
      39.54757447307281,
      24.38324993394023
     ],
     [
      39.547813457266,
      24.38285077830416
     ],
     [
      39.54807631078221,
      24.38240764257224
     ],
     [
      39.54824556395498,
      24.38212000728549
     ],
     [
      39.54847657167279,
      24.38172431145628
     ],
     [
      39.54867448111138,
      24.3813824729123
     ],
     [
      39.54895292577162,
      24.38089764370699
     ],
     [
      39.54915863604931,
      24.38053608746541
     ],
     [
      39.54933251357869,
      24.38022441025004
     ],
     [
      39.5495193575299,
      24.37987863682537
     ],
     [
      39.5497255054763,
      24.379482216393
     ],
     [
      39.5499042121443,
      24.37912500192367
     ],
     [
      39.55006507468281,
      24.37879160502234
     ],
     [
      39.55024786306389,
      24.37839824907357
     ],
     [
      39.55045243991282,
      24.37793608356172
     ],
     [
      39.55065156398253,
      24.37746743485307
     ],
     [
      39.5508100267456,
      24.3770817531074
     ],
     [
      39.55091138068961,
      24.3768288621654
     ],
     [
      39.55108125852988,
      24.3763927424992
     ],
     [
      39.55126295789979,
      24.37590889297113
     ],
     [
      39.55138446355237,
      24.37557392178573
     ],
     [
      39.5514873245629,
      24.37528255048854
     ],
     [
      39.55158840089517,
      24.3749890180363
     ],
     [
      39.55170180157626,
      24.37464992155651
     ],
     [
      39.55173615540406,
      24.37454557222602
     ],
     [
      39.5517719627122,
      24.37443534707743
     ],
     [
      39.55180708328431,
      24.37432593726087
     ],
     [
      39.55185815241342,
      24.37416535069891
     ],
     [
      39.55189549870568,
      24.37404626897959
     ],
     [
      39.5519311859758,
      24.37393116718103
     ],
     [
      39.55196774176685,
      24.37381172705813
     ],
     [
      39.55201119419508,
      24.37366832815498
     ],
     [
      39.55204686165773,
      24.37354871061493
     ],
     [
      39.55208028870791,
      24.37343542332333
     ],
     [
      39.55211623772741,
      24.37331255337531
     ],
     [
      39.55214392218117,
      24.37321653728025
     ],
     [
      39.55216558165861,
      24.37314086415571
     ],
     [
      39.55221015448659,
      24.3729831009149
     ],
     [
      39.55225898909533,
      24.37280771057379
     ],
     [
      39.55229752033117,
      24.37266649708595
     ],
     [
      39.55234351573302,
      24.37249581347462
     ],
     [
      39.55237766318743,
      24.37236689887098
     ],
     [
      39.55241529187098,
      24.37222225664188
     ],
     [
      39.55244573755184,
      24.37210374181535
     ],
     [
      39.5524776339084,
      24.3719787189646
     ],
     [
      39.55250176552554,
      24.37188208353518
     ],
     [
      39.55252889754941,
      24.37177252202054
     ],
     [
      39.5525610601129,
      24.37164072450197
     ],
     [
      39.55258614501996,
      24.37153658937912
     ],
     [
      39.55261441848371,
      24.37141745022168
     ],
     [
      39.55263649150502,
      24.37132362205824
     ],
     [
      39.55266213844642,
      24.37121271119404
     ],
     [
      39.55268652201858,
      24.37110604976869
     ],
     [
      39.55270780183715,
      24.37101123101205
     ],
     [
      39.55272366377029,
      24.37094027535168
     ],
     [
      39.55274203231337,
      24.37085621477266
     ],
     [
      39.55277643831585,
      24.37069623051999
     ],
     [
      39.5528047440794,
      24.37056191816356
     ],
     [
      39.5528359323342,
      24.37041025467279
     ],
     [
      39.55286826246343,
      24.37024910385999
     ],
     [
      39.55289459491942,
      24.37011452773171
     ],
     [
      39.5529212969755,
      24.36997426035961
     ],
     [
      39.55295405313229,
      24.36979775429797
     ],
     [
      39.55297157841262,
      24.36970123319117
     ],
     [
      39.55299130778122,
      24.36959007289585
     ],
     [
      39.55300439101772,
      24.3695150631273
     ],
     [
      39.55302708533029,
      24.36938284844798
     ],
     [
      39.55305196877691,
      24.36923256263404
     ],
     [
      39.55307424583278,
      24.36909511115496
     ],
     [
      39.55309238020836,
      24.36897998276803
     ],
     [
      39.55310743488089,
      24.36888220623245
     ],
     [
      39.55312286231534,
      24.36877946096976
     ],
     [
      39.55313253734883,
      24.36871430803368
     ],
     [
      39.55315254260403,
      24.36857596166849
     ],
     [
      39.55317224417588,
      24.36843581009248
     ],
     [
      39.55319096721312,
      24.36829737808155
     ],
     [
      39.5532117685806,
      24.36813807554932
     ],
     [
      39.55323244930744,
      24.36797371577119
     ],
     [
      39.55324910368292,
      24.36783574287463
     ],
     [
      39.55325652032533,
      24.36777276574402
     ],
     [
      39.55326526858451,
      24.36769858460222
     ],
     [
      39.55327989167966,
      24.36756965068483
     ],
     [
      39.55329611465251,
      24.36742318967283
     ],
     [
      39.55330653308101,
      24.36732497844486
     ],
     [
      39.5533214868361,
      24.36718141216229
     ],
     [
      39.55332233961848,
      24.36717346126493
     ],
     [
      39.55333339199444,
      24.36706233256822
     ],
     [
      39.55334500174168,
      24.36694334436567
     ],
     [
      39.5533516951302,
      24.36687278334227
     ],
     [
      39.5533553658843,
      24.36683266975534
     ],
     [
      39.55335903820787,
      24.36679291742536
     ],
     [
      39.55336994674985,
      24.36667140293612
     ],
     [
      39.55338299564826,
      24.36652061833088
     ],
     [
      39.55339479894067,
      24.36637814731738
     ],
     [
      39.55340386124248,
      24.36626287134587
     ],
     [
      39.55341495508317,
      24.36611597744477
     ],
     [
      39.55342405661796,
      24.36598706364732
     ],
     [
      39.55343414601292,
      24.36583592856656
     ],
     [
      39.55344050695644,
      24.36573430012556
     ],
     [
      39.55344858557554,
      24.3655969003743
     ],
     [
      39.55345306932205,
      24.36551704487958
     ],
     [
      39.55346025114743,
      24.36537748081987
     ],
     [
      39.55346531069475,
      24.36527134133539
     ],
     [
      39.55346979792903,
      24.36516962941088
     ],
     [
      39.55347558606029,
      24.36502699969668
     ],
     [
      39.55347953905893,
      24.36491580656426
     ],
     [
      39.5534827815012,
      24.36482258886099
     ],
     [
      39.55348501564561,
      24.36474689609563
     ],
     [
      39.5534860309808,
      24.36470832755798
     ],
     [
      39.55348881931964,
      24.36460138351375
     ],
     [
      39.55349154950234,
      24.36448107294696
     ],
     [
      39.55349418380799,
      24.36433872568099
     ],
     [
      39.55349624620214,
      24.3642008962888
     ],
     [
      39.55349756029507,
      24.36404970289186
     ],
     [
      39.55349844190596,
      24.36388975044085
     ],
     [
      39.5534983737762,
      24.3637607797645
     ],
     [
      39.5534977352842,
      24.36361401896026
     ],
     [
      39.55349722887535,
      24.36354294229265
     ],
     [
      39.5534957207736,
      24.36342291812935
     ],
     [
      39.5534937605522,
      24.36328961919494
     ],
     [
      39.55349193510408,
      24.36318729807923
     ],
     [
      39.55348924431149,
      24.36306736854344
     ],
     [
      39.55348629507679,
      24.36295601994859
     ],
     [
      39.55348395588896,
      24.36287158322907
     ],
     [
      39.55348122233958,
      24.36278714794815
     ],
     [
      39.55347874726814,
      24.36271680098546
     ],
     [
      39.5534759339948,
      24.3626367011515
     ],
     [
      39.55347018846197,
      24.36249447475731
     ],
     [
      39.55346570109673,
      24.36239216334713
     ],
     [
      39.55345951960235,
      24.36226303432903
     ],
     [
      39.55345113414216,
      24.3621032059831
     ],
     [
      39.55344505128808,
      24.36199674586388
     ],
     [
      39.55343041690975,
      24.36176026220707
     ],
     [
      39.55342366399566,
      24.36165841063326
     ],
     [
      39.55341356568072,
      24.3615127681042
     ],
     [
      39.55340558886041,
      24.36140152814947
     ],
     [
      39.55339355178008,
      24.36124080995018
     ],
     [
      39.55338008262469,
      24.36106817528609
     ],
     [
      39.55337029432794,
      24.36094845224734
     ],
     [
      39.55336093379711,
      24.3608364044886
     ],
     [
      39.55335553493394,
      24.36077383533446
     ],
     [
      39.55335377092684,
      24.36075361103028
     ],
     [
      39.55334070409553,
      24.36060545046744
     ],
     [
      39.55332487051705,
      24.36043318567381
     ],
     [
      39.55331433131913,
      24.36032213567867
     ],
     [
      39.55330442216476,
      24.36021993433209
     ],
     [
      39.55328412667039,
      24.36001914600625
     ],
     [
      39.55327538058895,
      24.35993500357361
     ],
     [
      39.55326324520934,
      24.35981962423106
     ],
     [
      39.55325071392697,
      24.3597038850667
     ],
     [
      39.55323788651003,
      24.35958805666386
     ],
     [
      39.55322876223782,
      24.35950761855169
     ],
     [
      39.55321163971622,
      24.3594243195118
     ],
     [
      39.55319757429579,
      24.35931852067415
     ],
     [
      39.55317660498778,
      24.35918944553483
     ],
     [
      39.55316079648673,
      24.35906820904107
     ],
     [
      39.55314676221844,
      24.3589468757554
     ],
     [
      39.55313093297467,
      24.3588208525902
     ],
     [
      39.55312030096093,
      24.35873373658949
     ],
     [
      39.55311324791693,
      24.35867614081152
     ],
     [
      39.55310084571951,
      24.35856735546278
     ],
     [
      39.55307992774187,
      24.35842735189016
     ],
     [
      39.55305887079718,
      24.3582780462864
     ],
     [
      39.55305527813133,
      24.35824536505396
     ],
     [
      39.5530414014606,
      24.35816024782202
     ],
     [
      39.55302130254751,
      24.35802719556508
     ],
     [
      39.5529993584587,
      24.35787789317864
     ],
     [
      39.55297934401536,
      24.35776425850982
     ],
     [
      39.55295933039471,
      24.35765080446487
     ],
     [
      39.55294091117628,
      24.3575185589038
     ],
     [
      39.55289999948895,
      24.35731495550536
     ],
     [
      39.55285833348532,
      24.35709654303764
     ],
     [
      39.55283931537553,
      24.35698525291524
     ],
     [
      39.55282184044388,
      24.35688876896425
     ],
     [
      39.55280617462563,
      24.35680022621082
     ],
     [
      39.55279040722768,
      24.35668829201565
     ],
     [
      39.55268253507444,
      24.35609422614158
     ],
     [
      39.55257094370967,
      24.35543803635519
     ],
     [
      39.55244862227554,
      24.35478522718959
     ],
     [
      39.55229298636962,
      24.35397484761208
     ],
     [
      39.55220427937117,
      24.35345693795645
     ],
     [
      39.55208808052845,
      24.35269193361401
     ],
     [
      39.55200081545827,
      24.35202870015222
     ],
     [
      39.55191340669577,
      24.3512866212794
     ],
     [
      39.55184209938421,
      24.3505972282018
     ],
     [
      39.55181709088639,
      24.35024066150566
     ],
     [
      39.55179537605559,
      24.34975691793831
     ],
     [
      39.55178413009918,
      24.34952773694695
     ],
     [
      39.5517816427408,
      24.34947698842582
     ],
     [
      39.55177659959074,
      24.34938244596036
     ],
     [
      39.55177354848473,
      24.34931535229964
     ],
     [
      39.55175512837587,
      24.34870461242584
     ],
     [
      39.55177076479769,
      24.34776319213733
     ],
     [
      39.55179876428456,
      24.34701310634723
     ],
     [
      39.5518914989494,
      24.3459145264875
     ],
     [
      39.55204064110933,
      24.34477546023977
     ],
     [
      39.55217022977563,
      24.34387896340834
     ],
     [
      39.55239365467764,
      24.34275335424022
     ],
     [
      39.5525622375375,
      24.34198442180329
     ],
     [
      39.55281633982112,
      24.34100121882998
     ],
     [
      39.55326829243859,
      24.33968068607133
     ],
     [
      39.55373263211327,
      24.33837726672117
     ],
     [
      39.55417842806074,
      24.33729979410923
     ],
     [
      39.5547394624498,
      24.33615777447694
     ],
     [
      39.55528423537564,
      24.33515435713881
     ],
     [
      39.5557902588447,
      24.33419551528219
     ],
     [
      39.55631714564518,
      24.33316298761985
     ],
     [
      39.5570179667267,
      24.33173983482931
     ],
     [
      39.55760410061372,
      24.33055589600546
     ],
     [
      39.55812865423677,
      24.32942492597866
     ],
     [
      39.55861331442233,
      24.32821200356408
     ],
     [
      39.55904762537271,
      24.3269152709736
     ],
     [
      39.55940734660538,
      24.32578300674205
     ],
     [
      39.55979722760152,
      24.32440515100361
     ],
     [
      39.56018515922155,
      24.32278742153565
     ],
     [
      39.56033251326232,
      24.32193627979585
     ],
     [
      39.56058387731078,
      24.32044206366895
     ],
     [
      39.5607405695714,
      24.31889174896641
     ],
     [
      39.56082711466879,
      24.31786344991065
     ],
     [
      39.56087380672367,
      24.31646879454961
     ],
     [
      39.56085746287663,
      24.31515059872033
     ],
     [
      39.56081331835835,
      24.31318051202102
     ],
     [
      39.56074056245149,
      24.31212191236745
     ],
     [
      39.56066118594356,
      24.3108572351072
     ],
     [
      39.56064695422982,
      24.31004100865711
     ],
     [
      39.5606291030667,
      24.30914116254189
     ],
     [
      39.56060381961387,
      24.30803009378914
     ],
     [
      39.56058482281701,
      24.30722815459736
     ],
     [
      39.56062484830024,
      24.30537019893428
     ],
     [
      39.56073434917876,
      24.30407285125926
     ],
     [
      39.56089966400592,
      24.30285152428554
     ],
     [
      39.56104744424084,
      24.30194609829656
     ],
     [
      39.56124574919806,
      24.30060886316822
     ],
     [
      39.5614509824121,
      24.29923457225662
     ],
     [
      39.56182555470262,
      24.29742324556126
     ],
     [
      39.56228835607505,
      24.29573397000456
     ],
     [
      39.56256534935287,
      24.2948384501055
     ],
     [
      39.56287214704489,
      24.29364125243833
     ],
     [
      39.56309522615115,
      24.29247651700377
     ],
     [
      39.5632615985078,
      24.29114553797472
     ],
     [
      39.56333969866092,
      24.28948405633891
     ],
     [
      39.56330836602671,
      24.28818921369349
     ],
     [
      39.56325355949527,
      24.28713469991781
     ],
     [
      39.56318871930608,
      24.28621777531385
     ]
    ]
   }
  },
  {
   "type": "Feature",
   "id": "user-1784467162998-942",
   "properties": {
    "name": "طريق الأمير مقرن",
    "category": "road",
    "icon": "fa-location-dot",
    "description": "",
    "ring": null
   },
   "geometry": {
    "type": "LineString",
    "coordinates": [
     [
      39.6733114494597,
      24.41778765198165
     ],
     [
      39.67335654989608,
      24.41784805191013
     ],
     [
      39.67338206651818,
      24.41787963853574
     ],
     [
      39.67344052308403,
      24.41794765569016
     ],
     [
      39.67353451720668,
      24.41805832342506
     ],
     [
      39.67369363038719,
      24.41824709363927
     ],
     [
      39.6738655515516,
      24.41845161156361
     ],
     [
      39.67397801822044,
      24.41858594928415
     ],
     [
      39.67410090967986,
      24.41873306504255
     ],
     [
      39.67421477162415,
      24.41887001545887
     ],
     [
      39.67439644018234,
      24.41908948140005
     ],
     [
      39.67441450800804,
      24.41911134714011
     ],
     [
      39.67459052492828,
      24.41932514824503
     ],
     [
      39.67489333241066,
      24.41969543944133
     ],
     [
      39.67507592035086,
      24.41992040954162
     ],
     [
      39.67538729828347,
      24.42030664697669
     ],
     [
      39.67569988962942,
      24.42069811649801
     ],
     [
      39.6760005847178,
      24.42107798798541
     ],
     [
      39.67640637714173,
      24.42159620133161
     ],
     [
      39.67669291773993,
      24.42196601945095
     ],
     [
      39.67691001760465,
      24.42224312447603
     ],
     [
      39.67721840589993,
      24.42262151391155
     ],
     [
      39.67755005722623,
      24.4230335758375
     ],
     [
      39.67789246718478,
      24.42346500622526
     ],
     [
      39.67824603735119,
      24.42391706758542
     ],
     [
      39.67866620118549,
      24.42446311687029
     ],
     [
      39.67885345414022,
      24.42470937513726
     ],
     [
      39.67911553050011,
      24.42505780337
     ],
     [
      39.67941558925678,
      24.42546232597528
     ],
     [
      39.67951743021029,
      24.425599506675
     ],
     [
      39.68002115329403,
      24.42629265877397
     ],
     [
      39.68047616196425,
      24.42693229151834
     ],
     [
      39.6807973410314,
      24.42739234932504
     ],
     [
      39.68117254691458,
      24.42793841265095
     ],
     [
      39.68156968642123,
      24.42852709447365
     ],
     [
      39.68165599511103,
      24.42867328460103
     ],
     [
      39.68172518302305,
      24.42879074178383
     ],
     [
      39.68185829811112,
      24.42905620573196
     ],
     [
      39.68203218803408,
      24.42941983721426
     ],
     [
      39.6822048996554,
      24.42978428659662
     ],
     [
      39.68231511603933,
      24.4300285393203
     ],
     [
      39.68240139165721,
      24.43022322748009
     ],
     [
      39.68256176020532,
      24.4305849323283
     ],
     [
      39.68274191366227,
      24.43101184437481
     ],
     [
      39.68296724764608,
      24.4315669780429
     ],
     [
      39.68309658583938,
      24.43189938006892
     ],
     [
      39.68318091266269,
      24.43211638392811
     ],
     [
      39.68319403094664,
      24.43215272103452
     ],
     [
      39.68340652674739,
      24.43274105692121
     ],
     [
      39.68356846384378,
      24.43320959424964
     ],
     [
      39.68372158097971,
      24.43367040425608
     ],
     [
      39.68383050621933,
      24.43402159263248
     ],
     [
      39.68391165308125,
      24.43428864401452
     ],
     [
      39.6839285424629,
      24.43434736173219
     ],
     [
      39.68406549484218,
      24.43481014093507
     ],
     [
      39.68417597736122,
      24.43521189747117
     ],
     [
      39.68426325338051,
      24.43553590866605
     ],
     [
      39.68434188042145,
      24.43584749565895
     ],
     [
      39.68440904042285,
      24.43611804185432
     ],
     [
      39.68448617519942,
      24.4364454403391
     ],
     [
      39.68458475412159,
      24.43685275942285
     ],
     [
      39.68467160927945,
      24.4372080206253
     ],
     [
      39.68483829347874,
      24.43787766263692
     ],
     [
      39.68497006619949,
      24.43840287069909
     ],
     [
      39.68517716049381,
      24.43921114087691
     ],
     [
      39.68530540047477,
      24.43970276792814
     ],
     [
      39.68535808838426,
      24.43990501182778
     ],
     [
      39.68552958169533,
      24.44055042694097
     ],
     [
      39.68556361871579,
      24.44067851766885
     ],
     [
      39.68574491821965,
      24.44134908541793
     ],
     [
      39.68603170294718,
      24.4424431956272
     ],
     [
      39.68623311849363,
      24.44312929551159
     ],
     [
      39.68708904962618,
      24.44604307136118
     ],
     [
      39.68720252791082,
      24.44642954820226
     ],
     [
      39.68741139229143,
      24.44714053855369
     ],
     [
      39.68762196810088,
      24.44785739108986
     ],
     [
      39.68824587294698,
      24.44998179105272
     ],
     [
      39.68833080918186,
      24.45027067771946
     ],
     [
      39.68851454784969,
      24.45089444746108
     ],
     [
      39.6886589145604,
      24.45135330366978
     ],
     [
      39.68904511626619,
      24.45250466319745
     ],
     [
      39.68910929862875,
      24.45269574434989
     ],
     [
      39.68918989182664,
      24.45296541345039
     ],
     [
      39.68925195809301,
      24.45323896010332
     ],
     [
      39.6892955920434,
      24.45351566139633
     ],
     [
      39.68931513377314,
      24.45373449144517
     ],
     [
      39.68932039204351,
      24.45379425479376
     ],
     [
      39.6893263520741,
      24.45407365657625
     ],
     [
      39.68931125993414,
      24.45527100699488
     ],
     [
      39.68928744335409,
      24.45716778195406
     ],
     [
      39.68928094702002,
      24.45742448149759
     ],
     [
      39.68928023548272,
      24.45745690715597
     ],
     [
      39.68917758242984,
      24.46156544751515
     ],
     [
      39.68913350366129,
      24.46332901125231
     ],
     [
      39.68911267548885,
      24.46416143136588
     ],
     [
      39.6889747737909,
      24.46968108889997
     ],
     [
      39.68891109777402,
      24.47223199828347
     ],
     [
      39.68888535745359,
      24.47312305295153
     ],
     [
      39.68885804104234,
      24.47415969916382
     ],
     [
      39.68882377121813,
      24.47524234621837
     ],
     [
      39.68879405794122,
      24.47618318107227
     ],
     [
      39.68877739200612,
      24.47636650195319
     ],
     [
      39.68876456612615,
      24.47647574873462
     ],
     [
      39.68874652348414,
      24.47656930484736
     ],
     [
      39.68857082223391,
      24.47726723103019
     ],
     [
      39.68845446502126,
      24.47757319951933
     ],
     [
      39.68821659822531,
      24.47805456723627
     ],
     [
      39.68819637755237,
      24.47809250044897
     ],
     [
      39.68817378219682,
      24.47812927040761
     ],
     [
      39.68814891034474,
      24.47816478635113
     ],
     [
      39.68812166282514,
      24.47819895841716
     ],
     [
      39.6880924328784,
      24.47823151387482
     ],
     [
      39.68800108201475,
      24.47832739062803
     ],
     [
      39.68772575362209,
      24.47861647137742
     ],
     [
      39.68195904895788,
      24.48462981709267
     ],
     [
      39.68123549898382,
      24.48538439498694
     ],
     [
      39.68121224062751,
      24.48540861342381
     ],
     [
      39.68054707237716,
      24.48610214420828
     ],
     [
      39.67951279949321,
      24.48718062104492
     ],
     [
      39.67915379868722,
      24.48744296903948
     ],
     [
      39.67837244535386,
      24.48771209059346
     ],
     [
      39.67796216330869,
      24.48781634757858
     ],
     [
      39.67711518440875,
      24.48803156949907
     ],
     [
      39.67684593230746,
      24.48809996913567
     ],
     [
      39.67547637299388,
      24.48845976571842
     ],
     [
      39.67532588541641,
      24.4884992732205
     ],
     [
      39.67106287991335,
      24.48964854092076
     ],
     [
      39.66948983003988,
      24.49007249712583
     ],
     [
      39.66947808464692,
      24.49003497898558
     ],
     [
      39.66898925817775,
      24.49016331227888
     ],
     [
      39.6689893582992,
      24.49016358277438
     ],
     [
      39.66871553194608,
      24.49022720172081
     ],
     [
      39.66843757698253,
      24.49027530461118
     ],
     [
      39.66815726846681,
      24.49030761262949
     ],
     [
      39.66787529636734,
      24.49032394208388
     ],
     [
      39.6675926486286,
      24.4903244692224
     ],
     [
      39.66731060735415,
      24.49030900774856
     ],
     [
      39.66703006084749,
      24.49027755374069
     ],
     [
      39.66675209669197,
      24.49023046365585
     ],
     [
      39.6664778005613,
      24.49016773271538
     ],
     [
      39.66620855561712,
      24.49008962577517
     ],
     [
      39.66594485729331,
      24.48999650192783
     ],
     [
      39.66568808920952,
      24.48988871635428
     ],
     [
      39.66543894368156,
      24.48976653697685
     ],
     [
      39.66519850966757,
      24.48963059122675
     ],
     [
      39.66496767826023,
      24.48948141709905
     ],
     [
      39.66474733958907,
      24.48931937197091
     ],
     [
      39.66453828745517,
      24.48914526521189
     ],
     [
      39.66269347585224,
      24.48750642130781
     ],
     [
      39.66201350718053,
      24.48690231833973
     ],
     [
      39.66175155520805,
      24.48666955522185
     ],
     [
      39.66160421992357,
      24.48653861441335
     ],
     [
      39.66129347446271,
      24.48625982385048
     ],
     [
      39.66026050406721,
      24.48533222061868
     ],
     [
      39.66000350363485,
      24.48510150987142
     ],
     [
      39.65983022597227,
      24.48493437469824
     ],
     [
      39.65954635825759,
      24.48466079141993
     ],
     [
      39.65935300687283,
      24.48446673967329
     ],
     [
      39.65929675741194,
      24.48441026850993
     ],
     [
      39.65906534021163,
      24.4841454866583
     ],
     [
      39.65899538740317,
      24.4840537627055
     ],
     [
      39.65885319778913,
      24.48386752494707
     ],
     [
      39.65877064045594,
      24.48374307216615
     ],
     [
      39.65866112613784,
      24.48357764437115
     ],
     [
      39.65848992075433,
      24.4832770156112
     ],
     [
      39.65834037664005,
      24.48296671903255
     ],
     [
      39.65830382683219,
      24.48288388047224
     ],
     [
      39.65807963015694,
      24.48237467794034
     ],
     [
      39.65792858632469,
      24.48206023300731
     ],
     [
      39.65775676783027,
      24.48175481936202
     ],
     [
      39.65756497080915,
      24.48145969785275
     ],
     [
      39.6574346867345,
      24.48128469594535
     ],
     [
      39.65735369345042,
      24.4811757693677
     ],
     [
      39.65712383052387,
      24.48090429431863
     ],
     [
      39.65687617668377,
      24.4806462626118
     ],
     [
      39.65661172345219,
      24.48040257298375
     ],
     [
      39.65633136364376,
      24.48017412460151
     ],
     [
      39.65603638523819,
      24.47996190523124
     ],
     [
      39.65588529999136,
      24.47986637758676
     ],
     [
      39.65574399845235,
      24.47979257282125
     ],
     [
      39.65543255446795,
      24.47960182794456
     ],
     [
      39.65509152653488,
      24.47939585742625
     ],
     [
      39.65471986775228,
      24.47918207128756
     ],
     [
      39.6544008608486,
      24.47903579113711
     ],
     [
      39.65403838286428,
      24.47891769561689
     ],
     [
      39.65332281453371,
      24.47877918034575
     ],
     [
      39.65310698335205,
      24.47873829843387
     ],
     [
      39.65236723903121,
      24.47859961216526
     ],
     [
      39.65160027974454,
      24.47846474246731
     ],
     [
      39.65053294978379,
      24.47827516817905
     ],
     [
      39.64982752245772,
      24.47814995892875
     ],
     [
      39.64814633465331,
      24.47785146961082
     ],
     [
      39.64623689505977,
      24.47751239371826
     ]
    ]
   }
  },
  {
   "type": "Feature",
   "id": "user-1784467162998-586",
   "properties": {
    "name": "الملك فهد",
    "category": "road",
    "icon": "fa-location-dot",
    "description": "",
    "ring": null
   },
   "geometry": {
    "type": "LineString",
    "coordinates": [
     [
      39.61122786449428,
      24.48742948492479
     ],
     [
      39.61122499078703,
      24.48728409149314
     ],
     [
      39.61121506187045,
      24.48557638966688
     ],
     [
      39.61118675425465,
      24.48069721341301
     ],
     [
      39.61117727433849,
      24.47906139806575
     ],
     [
      39.61117608989175,
      24.47885702272326
     ],
     [
      39.61116838538163,
      24.47752736364824
     ],
     [
      39.61116206234844,
      24.47644281049485
     ],
     [
      39.61116191319443,
      24.47641192376759
     ],
     [
      39.61114899601741,
      24.47418646223334
     ]
    ]
   }
  },
  {
   "type": "Feature",
   "id": "user-1785416446413-585",
   "properties": {
    "name": "حديقة العاقول",
    "category": "project",
    "icon": "fa-tree",
    "description": "",
    "ring": null
   },
   "geometry": {
    "type": "Point",
    "coordinates": [
     39.73269708845838,
     24.531536828845965
    ]
   }
  },
  {
   "type": "Feature",
   "id": "user-1785416482505-161",
   "properties": {
    "name": "حديقة الغروب",
    "category": "project",
    "icon": "fa-tree",
    "description": "",
    "ring": null
   },
   "geometry": {
    "type": "Point",
    "coordinates": [
     39.48419560702346,
     24.463859690516877
    ]
   }
  },
  {
   "type": "Feature",
   "id": "user-1785416516563-852",
   "properties": {
    "name": "قصر عروة",
    "category": "project",
    "icon": "fa-tree",
    "description": "",
    "ring": null
   },
   "geometry": {
    "type": "Point",
    "coordinates": [
     39.58105190246588,
     24.45095374964957
    ]
   }
  },
  {
   "type": "Feature",
   "id": "user-1785416601399-681",
   "properties": {
    "name": "سيد الشهداء",
    "category": "religious",
    "icon": "fa-mosque",
    "description": "",
    "ring": null
   },
   "geometry": {
    "type": "Point",
    "coordinates": [
     39.61257688753462,
     24.503238314233567
    ]
   }
  },
  {
   "type": "Feature",
   "id": "user-1785416706092-987",
   "properties": {
    "name": "مطل العزيزية",
    "category": "tourism",
    "icon": "fa-store",
    "description": "",
    "ring": null
   },
   "geometry": {
    "type": "Point",
    "coordinates": [
     39.553030805998524,
     24.451486029876467
    ]
   }
  }
 ]
}